<?xml version="1.0" encoding="UTF-8"?>
<kml xmlns="http://www.opengis.net/kml/2.2" xmlns:gx="http://www.google.com/kml/ext/2.2">
  <Document>
    <name>GPS device</name>
    <snippet>Created Mon Oct 20 15:18:54 2025 GMT</snippet>
    <LookAt>
      <gx:TimeSpan>
        <begin>2025-09-29T18:09:03Z</begin>
        <end>2025-09-29T19:02:24Z</end>
      </gx:TimeSpan>
      <longitude>-81.689451</longitude>
      <latitude>41.473762</latitude>
      <range>5371.116487</range>
    </LookAt>
    <!-- Normal track style -->
    <Style id="track_n">
      <IconStyle>
        <scale>.5</scale>
        <Icon>
          <href>https://earth.google.com/images/kml-icons/track-directional/track-none.png</href>
        </Icon>
      </IconStyle>
      <LabelStyle>
        <scale>0</scale>
      </LabelStyle>
    </Style>
    <!-- Highlighted track style -->
    <Style id="track_h">
      <IconStyle>
        <scale>1.2</scale>
        <Icon>
          <href>https://earth.google.com/images/kml-icons/track-directional/track-none.png</href>
        </Icon>
      </IconStyle>
    </Style>
    <StyleMap id="track">
      <Pair>
        <key>normal</key>
        <styleUrl>#track_n</styleUrl>
      </Pair>
      <Pair>
        <key>highlight</key>
        <styleUrl>#track_h</styleUrl>
      </Pair>
    </StyleMap>
    <!-- Normal waypoint style -->
    <Style id="waypoint_n">
      <IconStyle>
        <Icon>
          <href>https://maps.google.com/mapfiles/kml/pal4/icon61.png</href>
        </Icon>
      </IconStyle>
    </Style>
    <!-- Highlighted waypoint style -->
    <Style id="waypoint_h">
      <IconStyle>
        <scale>1.2</scale>
        <Icon>
          <href>https://maps.google.com/mapfiles/kml/pal4/icon61.png</href>
        </Icon>
      </IconStyle>
    </Style>
    <StyleMap id="waypoint">
      <Pair>
        <key>normal</key>
        <styleUrl>#waypoint_n</styleUrl>
      </Pair>
      <Pair>
        <key>highlight</key>
        <styleUrl>#waypoint_h</styleUrl>
      </Pair>
    </StyleMap>
    <Style id="lineStyle">
      <LineStyle>
        <color>99ffac59</color>
        <width>6</width>
      </LineStyle>
    </Style>
    <Folder>
      <name>Tracks</name>
      <Folder>
        <name>Tow</name>
        <snippet/>
        <description>
<![CDATA[<table>
<tr><td><b>Distance</b> 4.0 mi</td></tr>
<tr><td><b>Min Alt</b> 553.150 ft</td></tr>
<tr><td><b>Max Alt</b> 666.667 ft</td></tr>
<tr><td><b>Min Speed</b> 0.1 mph</td></tr>
<tr><td><b>Max Speed</b> 21.9 mph</td></tr>
<tr><td><b>Avg Speed</b> 4.5 mph</td></tr>
<tr><td><b>Start Time</b> 2025-09-29T18:09:03Z</td></tr>
<tr><td><b>End Time</b> 2025-09-29T19:02:24Z</td></tr>
</table>
]]>
</description>
        <TimeSpan>
          <begin>2025-09-29T18:09:03Z</begin>
          <end>2025-09-29T19:02:24Z</end>
        </TimeSpan>
        <Folder>
          <name>Points</name>
          <Placemark>
            <name>Tow-0</name>
            <snippet/>
            <description><![CDATA[
<table>
<tr><td>Longitude: -81.701458</td></tr>
<tr><td>Latitude: 41.489764</td></tr>
<tr><td>Altitude: 564.304 ft</td></tr>
<tr><td>Time: 2025-09-29T18:09:03Z</td></tr>
</table>
]]></description>
            <LookAt>
              <longitude>-81.701458</longitude>
              <latitude>41.489764</latitude>
              <tilt>66</tilt>
            </LookAt>
            <TimeStamp>
              <when>2025-09-29T18:09:03Z</when>
            </TimeStamp>
            <styleUrl>#track</styleUrl>
            <Point>
              <coordinates>-81.701458,41.489764,172.00</coordinates>
            </Point>
          </Placemark>
          <Placemark>
            <name>Tow-1</name>
            <snippet/>
            <description><![CDATA[
<table>
<tr><td>Longitude: -81.701459</td></tr>
<tr><td>Latitude: 41.489763</td></tr>
<tr><td>Altitude: 562.992 ft</td></tr>
<tr><td>Heading: 199.5</td></tr>
<tr><td>Time: 2025-09-29T18:09:22Z</td></tr>
</table>
]]></description>
            <LookAt>
              <longitude>-81.701459</longitude>
              <latitude>41.489763</latitude>
              <tilt>66</tilt>
            </LookAt>
            <TimeStamp>
              <when>2025-09-29T18:09:22Z</when>
            </TimeStamp>
            <styleUrl>#track</styleUrl>
            <Point>
              <coordinates>-81.701459,41.489763,171.60</coordinates>
            </Point>
          </Placemark>
          <Placemark>
            <name>Tow-2</name>
            <snippet/>
            <description><![CDATA[
<table>
<tr><td>Longitude: -81.701457</td></tr>
<tr><td>Latitude: 41.489763</td></tr>
<tr><td>Altitude: 561.680 ft</td></tr>
<tr><td>Heading: 71.5</td></tr>
<tr><td>Time: 2025-09-29T18:09:38Z</td></tr>
</table>
]]></description>
            <LookAt>
              <longitude>-81.701457</longitude>
              <latitude>41.489763</latitude>
              <tilt>66</tilt>
            </LookAt>
            <TimeStamp>
              <when>2025-09-29T18:09:38Z</when>
            </TimeStamp>
            <styleUrl>#track</styleUrl>
            <Point>
              <coordinates>-81.701457,41.489763,171.20</coordinates>
            </Point>
          </Placemark>
          <Placemark>
            <name>Tow-3</name>
            <snippet/>
            <description><![CDATA[
<table>
<tr><td>Longitude: -81.701459</td></tr>
<tr><td>Latitude: 41.489764</td></tr>
<tr><td>Altitude: 560.367 ft</td></tr>
<tr><td>Heading: 308.7</td></tr>
<tr><td>Time: 2025-09-29T18:09:53Z</td></tr>
</table>
]]></description>
            <LookAt>
              <longitude>-81.701459</longitude>
              <latitude>41.489764</latitude>
              <tilt>66</tilt>
            </LookAt>
            <TimeStamp>
              <when>2025-09-29T18:09:53Z</when>
            </TimeStamp>
            <styleUrl>#track</styleUrl>
            <Point>
              <coordinates>-81.701459,41.489764,170.80</coordinates>
            </Point>
          </Placemark>
          <Placemark>
            <name>Tow-4</name>
            <snippet/>
            <description><![CDATA[
<table>
<tr><td>Longitude: -81.701458</td></tr>
<tr><td>Latitude: 41.489765</td></tr>
<tr><td>Altitude: 560.367 ft</td></tr>
<tr><td>Heading: 40.8</td></tr>
<tr><td>Time: 2025-09-29T18:10:09Z</td></tr>
</table>
]]></description>
            <LookAt>
              <longitude>-81.701458</longitude>
              <latitude>41.489765</latitude>
              <tilt>66</tilt>
            </LookAt>
            <TimeStamp>
              <when>2025-09-29T18:10:09Z</when>
            </TimeStamp>
            <styleUrl>#track</styleUrl>
            <Point>
              <coordinates>-81.701458,41.489765,170.80</coordinates>
            </Point>
          </Placemark>
          <Placemark>
            <name>Tow-5</name>
            <snippet/>
            <description><![CDATA[
<table>
<tr><td>Longitude: -81.701459</td></tr>
<tr><td>Latitude: 41.489765</td></tr>
<tr><td>Altitude: 561.024 ft</td></tr>
<tr><td>Heading: 247.4</td></tr>
<tr><td>Time: 2025-09-29T18:10:26Z</td></tr>
</table>
]]></description>
            <LookAt>
              <longitude>-81.701459</longitude>
              <latitude>41.489765</latitude>
              <tilt>66</tilt>
            </LookAt>
            <TimeStamp>
              <when>2025-09-29T18:10:26Z</when>
            </TimeStamp>
            <styleUrl>#track</styleUrl>
            <Point>
              <coordinates>-81.701459,41.489765,171.00</coordinates>
            </Point>
          </Placemark>
          <Placemark>
            <name>Tow-6</name>
            <snippet/>
            <description><![CDATA[
<table>
<tr><td>Longitude: -81.701445</td></tr>
<tr><td>Latitude: 41.489759</td></tr>
<tr><td>Altitude: 561.024 ft</td></tr>
<tr><td>Speed: 1.5 mph</td></tr>
<tr><td>Heading: 118.9</td></tr>
<tr><td>Time: 2025-09-29T18:10:28Z</td></tr>
</table>
]]></description>
            <LookAt>
              <longitude>-81.701445</longitude>
              <latitude>41.489759</latitude>
              <tilt>66</tilt>
            </LookAt>
            <TimeStamp>
              <when>2025-09-29T18:10:28Z</when>
            </TimeStamp>
            <styleUrl>#track</styleUrl>
            <Point>
              <coordinates>-81.701445,41.489759,171.00</coordinates>
            </Point>
          </Placemark>
          <Placemark>
            <name>Tow-7</name>
            <snippet/>
            <description><![CDATA[
<table>
<tr><td>Longitude: -81.701432</td></tr>
<tr><td>Latitude: 41.489740</td></tr>
<tr><td>Altitude: 560.367 ft</td></tr>
<tr><td>Speed: 2.8 mph</td></tr>
<tr><td>Heading: 153.0</td></tr>
<tr><td>Time: 2025-09-29T18:10:30Z</td></tr>
</table>
]]></description>
            <LookAt>
              <longitude>-81.701432</longitude>
              <latitude>41.489740</latitude>
              <tilt>66</tilt>
            </LookAt>
            <TimeStamp>
              <when>2025-09-29T18:10:30Z</when>
            </TimeStamp>
            <styleUrl>#track</styleUrl>
            <Point>
              <coordinates>-81.701432,41.489740,170.80</coordinates>
            </Point>
          </Placemark>
          <Placemark>
            <name>Tow-8</name>
            <snippet/>
            <description><![CDATA[
<table>
<tr><td>Longitude: -81.701438</td></tr>
<tr><td>Latitude: 41.489721</td></tr>
<tr><td>Altitude: 560.367 ft</td></tr>
<tr><td>Speed: 4.7 mph</td></tr>
<tr><td>Heading: 195.7</td></tr>
<tr><td>Time: 2025-09-29T18:10:31Z</td></tr>
</table>
]]></description>
            <LookAt>
              <longitude>-81.701438</longitude>
              <latitude>41.489721</latitude>
              <tilt>66</tilt>
            </LookAt>
            <TimeStamp>
              <when>2025-09-29T18:10:31Z</when>
            </TimeStamp>
            <styleUrl>#track</styleUrl>
            <Point>
              <coordinates>-81.701438,41.489721,170.80</coordinates>
            </Point>
          </Placemark>
          <Placemark>
            <name>Tow-9</name>
            <snippet/>
            <description><![CDATA[
<table>
<tr><td>Longitude: -81.701460</td></tr>
<tr><td>Latitude: 41.489706</td></tr>
<tr><td>Altitude: 560.367 ft</td></tr>
<tr><td>Speed: 5.5 mph</td></tr>
<tr><td>Heading: 226.0</td></tr>
<tr><td>Time: 2025-09-29T18:10:32Z</td></tr>
</table>
]]></description>
            <LookAt>
              <longitude>-81.701460</longitude>
              <latitude>41.489706</latitude>
              <tilt>66</tilt>
            </LookAt>
            <TimeStamp>
              <when>2025-09-29T18:10:32Z</when>
            </TimeStamp>
            <styleUrl>#track</styleUrl>
            <Point>
              <coordinates>-81.701460,41.489706,170.80</coordinates>
            </Point>
          </Placemark>
          <Placemark>
            <name>Tow-10</name>
            <snippet/>
            <description><![CDATA[
<table>
<tr><td>Longitude: -81.701518</td></tr>
<tr><td>Latitude: 41.489705</td></tr>
<tr><td>Altitude: 559.055 ft</td></tr>
<tr><td>Speed: 5.4 mph</td></tr>
<tr><td>Heading: 268.3</td></tr>
<tr><td>Time: 2025-09-29T18:10:34Z</td></tr>
</table>
]]></description>
            <LookAt>
              <longitude>-81.701518</longitude>
              <latitude>41.489705</latitude>
              <tilt>66</tilt>
            </LookAt>
            <TimeStamp>
              <when>2025-09-29T18:10:34Z</when>
            </TimeStamp>
            <styleUrl>#track</styleUrl>
            <Point>
              <coordinates>-81.701518,41.489705,170.40</coordinates>
            </Point>
          </Placemark>
          <Placemark>
            <name>Tow-11</name>
            <snippet/>
            <description><![CDATA[
<table>
<tr><td>Longitude: -81.701621</td></tr>
<tr><td>Latitude: 41.489777</td></tr>
<tr><td>Altitude: 555.774 ft</td></tr>
<tr><td>Speed: 5.3 mph</td></tr>
<tr><td>Heading: 313.2</td></tr>
<tr><td>Time: 2025-09-29T18:10:39Z</td></tr>
</table>
]]></description>
            <LookAt>
              <longitude>-81.701621</longitude>
              <latitude>41.489777</latitude>
              <tilt>66</tilt>
            </LookAt>
            <TimeStamp>
              <when>2025-09-29T18:10:39Z</when>
            </TimeStamp>
            <styleUrl>#track</styleUrl>
            <Point>
              <coordinates>-81.701621,41.489777,169.40</coordinates>
            </Point>
          </Placemark>
          <Placemark>
            <name>Tow-12</name>
            <snippet/>
            <description><![CDATA[
<table>
<tr><td>Longitude: -81.701659</td></tr>
<tr><td>Latitude: 41.489873</td></tr>
<tr><td>Altitude: 555.774 ft</td></tr>
<tr><td>Speed: 5.0 mph</td></tr>
<tr><td>Heading: 343.3</td></tr>
<tr><td>Time: 2025-09-29T18:10:44Z</td></tr>
</table>
]]></description>
            <LookAt>
              <longitude>-81.701659</longitude>
              <latitude>41.489873</latitude>
              <tilt>66</tilt>
            </LookAt>
            <TimeStamp>
              <when>2025-09-29T18:10:44Z</when>
            </TimeStamp>
            <styleUrl>#track</styleUrl>
            <Point>
              <coordinates>-81.701659,41.489873,169.40</coordinates>
            </Point>
          </Placemark>
          <Placemark>
            <name>Tow-13</name>
            <snippet/>
            <description><![CDATA[
<table>
<tr><td>Longitude: -81.701677</td></tr>
<tr><td>Latitude: 41.489884</td></tr>
<tr><td>Altitude: 555.774 ft</td></tr>
<tr><td>Speed: 4.2 mph</td></tr>
<tr><td>Heading: 307.7</td></tr>
<tr><td>Time: 2025-09-29T18:10:45Z</td></tr>
</table>
]]></description>
            <LookAt>
              <longitude>-81.701677</longitude>
              <latitude>41.489884</latitude>
              <tilt>66</tilt>
            </LookAt>
            <TimeStamp>
              <when>2025-09-29T18:10:45Z</when>
            </TimeStamp>
            <styleUrl>#track</styleUrl>
            <Point>
              <coordinates>-81.701677,41.489884,169.40</coordinates>
            </Point>
          </Placemark>
          <Placemark>
            <name>Tow-14</name>
            <snippet/>
            <description><![CDATA[
<table>
<tr><td>Longitude: -81.701699</td></tr>
<tr><td>Latitude: 41.489885</td></tr>
<tr><td>Altitude: 555.774 ft</td></tr>
<tr><td>Speed: 4.1 mph</td></tr>
<tr><td>Heading: 273.5</td></tr>
<tr><td>Time: 2025-09-29T18:10:46Z</td></tr>
</table>
]]></description>
            <LookAt>
              <longitude>-81.701699</longitude>
              <latitude>41.489885</latitude>
              <tilt>66</tilt>
            </LookAt>
            <TimeStamp>
              <when>2025-09-29T18:10:46Z</when>
            </TimeStamp>
            <styleUrl>#track</styleUrl>
            <Point>
              <coordinates>-81.701699,41.489885,169.40</coordinates>
            </Point>
          </Placemark>
          <Placemark>
            <name>Tow-15</name>
            <snippet/>
            <description><![CDATA[
<table>
<tr><td>Longitude: -81.701716</td></tr>
<tr><td>Latitude: 41.489858</td></tr>
<tr><td>Altitude: 556.430 ft</td></tr>
<tr><td>Speed: 3.7 mph</td></tr>
<tr><td>Heading: 205.7</td></tr>
<tr><td>Time: 2025-09-29T18:10:48Z</td></tr>
</table>
]]></description>
            <LookAt>
              <longitude>-81.701716</longitude>
              <latitude>41.489858</latitude>
              <tilt>66</tilt>
            </LookAt>
            <TimeStamp>
              <when>2025-09-29T18:10:48Z</when>
            </TimeStamp>
            <styleUrl>#track</styleUrl>
            <Point>
              <coordinates>-81.701716,41.489858,169.60</coordinates>
            </Point>
          </Placemark>
          <Placemark>
            <name>Tow-16</name>
            <snippet/>
            <description><![CDATA[
<table>
<tr><td>Longitude: -81.701704</td></tr>
<tr><td>Latitude: 41.489843</td></tr>
<tr><td>Altitude: 558.399 ft</td></tr>
<tr><td>Speed: 0.9 mph</td></tr>
<tr><td>Heading: 150.8</td></tr>
<tr><td>Time: 2025-09-29T18:10:53Z</td></tr>
</table>
]]></description>
            <LookAt>
              <longitude>-81.701704</longitude>
              <latitude>41.489843</latitude>
              <tilt>66</tilt>
            </LookAt>
            <TimeStamp>
              <when>2025-09-29T18:10:53Z</when>
            </TimeStamp>
            <styleUrl>#track</styleUrl>
            <Point>
              <coordinates>-81.701704,41.489843,170.20</coordinates>
            </Point>
          </Placemark>
          <Placemark>
            <name>Tow-17</name>
            <snippet/>
            <description><![CDATA[
<table>
<tr><td>Longitude: -81.701697</td></tr>
<tr><td>Latitude: 41.489843</td></tr>
<tr><td>Altitude: 559.055 ft</td></tr>
<tr><td>Heading: 83.2</td></tr>
<tr><td>Time: 2025-09-29T18:11:11Z</td></tr>
</table>
]]></description>
            <LookAt>
              <longitude>-81.701697</longitude>
              <latitude>41.489843</latitude>
              <tilt>66</tilt>
            </LookAt>
            <TimeStamp>
              <when>2025-09-29T18:11:11Z</when>
            </TimeStamp>
            <styleUrl>#track</styleUrl>
            <Point>
              <coordinates>-81.701697,41.489843,170.40</coordinates>
            </Point>
          </Placemark>
          <Placemark>
            <name>Tow-18</name>
            <snippet/>
            <description><![CDATA[
<table>
<tr><td>Longitude: -81.701696</td></tr>
<tr><td>Latitude: 41.489834</td></tr>
<tr><td>Altitude: 559.055 ft</td></tr>
<tr><td>Speed: 0.2 mph</td></tr>
<tr><td>Heading: 177.3</td></tr>
<tr><td>Time: 2025-09-29T18:11:22Z</td></tr>
</table>
]]></description>
            <LookAt>
              <longitude>-81.701696</longitude>
              <latitude>41.489834</latitude>
              <tilt>66</tilt>
            </LookAt>
            <TimeStamp>
              <when>2025-09-29T18:11:22Z</when>
            </TimeStamp>
            <styleUrl>#track</styleUrl>
            <Point>
              <coordinates>-81.701696,41.489834,170.40</coordinates>
            </Point>
          </Placemark>
          <Placemark>
            <name>Tow-19</name>
            <snippet/>
            <description><![CDATA[
<table>
<tr><td>Longitude: -81.701701</td></tr>
<tr><td>Latitude: 41.489722</td></tr>
<tr><td>Altitude: 560.367 ft</td></tr>
<tr><td>Speed: 5.6 mph</td></tr>
<tr><td>Heading: 181.6</td></tr>
<tr><td>Time: 2025-09-29T18:11:27Z</td></tr>
</table>
]]></description>
            <LookAt>
              <longitude>-81.701701</longitude>
              <latitude>41.489722</latitude>
              <tilt>66</tilt>
            </LookAt>
            <TimeStamp>
              <when>2025-09-29T18:11:27Z</when>
            </TimeStamp>
            <styleUrl>#track</styleUrl>
            <Point>
              <coordinates>-81.701701,41.489722,170.80</coordinates>
            </Point>
          </Placemark>
          <Placemark>
            <name>Tow-20</name>
            <snippet/>
            <description><![CDATA[
<table>
<tr><td>Longitude: -81.701676</td></tr>
<tr><td>Latitude: 41.489531</td></tr>
<tr><td>Altitude: 561.024 ft</td></tr>
<tr><td>Speed: 6.0 mph</td></tr>
<tr><td>Heading: 174.4</td></tr>
<tr><td>Time: 2025-09-29T18:11:35Z</td></tr>
</table>
]]></description>
            <LookAt>
              <longitude>-81.701676</longitude>
              <latitude>41.489531</latitude>
              <tilt>66</tilt>
            </LookAt>
            <TimeStamp>
              <when>2025-09-29T18:11:35Z</when>
            </TimeStamp>
            <styleUrl>#track</styleUrl>
            <Point>
              <coordinates>-81.701676,41.489531,171.00</coordinates>
            </Point>
          </Placemark>
          <Placemark>
            <name>Tow-21</name>
            <snippet/>
            <description><![CDATA[
<table>
<tr><td>Longitude: -81.701653</td></tr>
<tr><td>Latitude: 41.489373</td></tr>
<tr><td>Altitude: 560.367 ft</td></tr>
<tr><td>Speed: 6.6 mph</td></tr>
<tr><td>Heading: 173.7</td></tr>
<tr><td>Time: 2025-09-29T18:11:41Z</td></tr>
</table>
]]></description>
            <LookAt>
              <longitude>-81.701653</longitude>
              <latitude>41.489373</latitude>
              <tilt>66</tilt>
            </LookAt>
            <TimeStamp>
              <when>2025-09-29T18:11:41Z</when>
            </TimeStamp>
            <styleUrl>#track</styleUrl>
            <Point>
              <coordinates>-81.701653,41.489373,170.80</coordinates>
            </Point>
          </Placemark>
          <Placemark>
            <name>Tow-22</name>
            <snippet/>
            <description><![CDATA[
<table>
<tr><td>Longitude: -81.701628</td></tr>
<tr><td>Latitude: 41.489254</td></tr>
<tr><td>Altitude: 561.024 ft</td></tr>
<tr><td>Speed: 5.0 mph</td></tr>
<tr><td>Heading: 171.1</td></tr>
<tr><td>Time: 2025-09-29T18:11:47Z</td></tr>
</table>
]]></description>
            <LookAt>
              <longitude>-81.701628</longitude>
              <latitude>41.489254</latitude>
              <tilt>66</tilt>
            </LookAt>
            <TimeStamp>
              <when>2025-09-29T18:11:47Z</when>
            </TimeStamp>
            <styleUrl>#track</styleUrl>
            <Point>
              <coordinates>-81.701628,41.489254,171.00</coordinates>
            </Point>
          </Placemark>
          <Placemark>
            <name>Tow-23</name>
            <snippet/>
            <description><![CDATA[
<table>
<tr><td>Longitude: -81.701618</td></tr>
<tr><td>Latitude: 41.489218</td></tr>
<tr><td>Altitude: 559.055 ft</td></tr>
<tr><td>Speed: 1.3 mph</td></tr>
<tr><td>Heading: 168.0</td></tr>
<tr><td>Time: 2025-09-29T18:11:54Z</td></tr>
</table>
]]></description>
            <LookAt>
              <longitude>-81.701618</longitude>
              <latitude>41.489218</latitude>
              <tilt>66</tilt>
            </LookAt>
            <TimeStamp>
              <when>2025-09-29T18:11:54Z</when>
            </TimeStamp>
            <styleUrl>#track</styleUrl>
            <Point>
              <coordinates>-81.701618,41.489218,170.40</coordinates>
            </Point>
          </Placemark>
          <Placemark>
            <name>Tow-24</name>
            <snippet/>
            <description><![CDATA[
<table>
<tr><td>Longitude: -81.701623</td></tr>
<tr><td>Latitude: 41.489221</td></tr>
<tr><td>Altitude: 559.055 ft</td></tr>
<tr><td>Heading: 310.9</td></tr>
<tr><td>Time: 2025-09-29T18:12:10Z</td></tr>
</table>
]]></description>
            <LookAt>
              <longitude>-81.701623</longitude>
              <latitude>41.489221</latitude>
              <tilt>66</tilt>
            </LookAt>
            <TimeStamp>
              <when>2025-09-29T18:12:10Z</when>
            </TimeStamp>
            <styleUrl>#track</styleUrl>
            <Point>
              <coordinates>-81.701623,41.489221,170.40</coordinates>
            </Point>
          </Placemark>
          <Placemark>
            <name>Tow-25</name>
            <snippet/>
            <description><![CDATA[
<table>
<tr><td>Longitude: -81.701574</td></tr>
<tr><td>Latitude: 41.489202</td></tr>
<tr><td>Altitude: 559.055 ft</td></tr>
<tr><td>Speed: 2.6 mph</td></tr>
<tr><td>Heading: 117.1</td></tr>
<tr><td>Time: 2025-09-29T18:12:14Z</td></tr>
</table>
]]></description>
            <LookAt>
              <longitude>-81.701574</longitude>
              <latitude>41.489202</latitude>
              <tilt>66</tilt>
            </LookAt>
            <TimeStamp>
              <when>2025-09-29T18:12:14Z</when>
            </TimeStamp>
            <styleUrl>#track</styleUrl>
            <Point>
              <coordinates>-81.701574,41.489202,170.40</coordinates>
            </Point>
          </Placemark>
          <Placemark>
            <name>Tow-26</name>
            <snippet/>
            <description><![CDATA[
<table>
<tr><td>Longitude: -81.701422</td></tr>
<tr><td>Latitude: 41.489126</td></tr>
<tr><td>Altitude: 557.087 ft</td></tr>
<tr><td>Speed: 5.7 mph</td></tr>
<tr><td>Heading: 123.8</td></tr>
<tr><td>Time: 2025-09-29T18:12:20Z</td></tr>
</table>
]]></description>
            <LookAt>
              <longitude>-81.701422</longitude>
              <latitude>41.489126</latitude>
              <tilt>66</tilt>
            </LookAt>
            <TimeStamp>
              <when>2025-09-29T18:12:20Z</when>
            </TimeStamp>
            <styleUrl>#track</styleUrl>
            <Point>
              <coordinates>-81.701422,41.489126,169.80</coordinates>
            </Point>
          </Placemark>
          <Placemark>
            <name>Tow-27</name>
            <snippet/>
            <description><![CDATA[
<table>
<tr><td>Longitude: -81.701223</td></tr>
<tr><td>Latitude: 41.489041</td></tr>
<tr><td>Altitude: 562.992 ft</td></tr>
<tr><td>Speed: 6.1 mph</td></tr>
<tr><td>Heading: 119.6</td></tr>
<tr><td>Time: 2025-09-29T18:12:27Z</td></tr>
</table>
]]></description>
            <LookAt>
              <longitude>-81.701223</longitude>
              <latitude>41.489041</latitude>
              <tilt>66</tilt>
            </LookAt>
            <TimeStamp>
              <when>2025-09-29T18:12:27Z</when>
            </TimeStamp>
            <styleUrl>#track</styleUrl>
            <Point>
              <coordinates>-81.701223,41.489041,171.60</coordinates>
            </Point>
          </Placemark>
          <Placemark>
            <name>Tow-28</name>
            <snippet/>
            <description><![CDATA[
<table>
<tr><td>Longitude: -81.700977</td></tr>
<tr><td>Latitude: 41.489035</td></tr>
<tr><td>Altitude: 567.585 ft</td></tr>
<tr><td>Speed: 5.7 mph</td></tr>
<tr><td>Heading: 92.1</td></tr>
<tr><td>Time: 2025-09-29T18:12:35Z</td></tr>
</table>
]]></description>
            <LookAt>
              <longitude>-81.700977</longitude>
              <latitude>41.489035</latitude>
              <tilt>66</tilt>
            </LookAt>
            <TimeStamp>
              <when>2025-09-29T18:12:35Z</when>
            </TimeStamp>
            <styleUrl>#track</styleUrl>
            <Point>
              <coordinates>-81.700977,41.489035,173.00</coordinates>
            </Point>
          </Placemark>
          <Placemark>
            <name>Tow-29</name>
            <snippet/>
            <description><![CDATA[
<table>
<tr><td>Longitude: -81.700753</td></tr>
<tr><td>Latitude: 41.489057</td></tr>
<tr><td>Altitude: 593.176 ft</td></tr>
<tr><td>Speed: 4.7 mph</td></tr>
<tr><td>Heading: 82.5</td></tr>
<tr><td>Time: 2025-09-29T18:12:44Z</td></tr>
</table>
]]></description>
            <LookAt>
              <longitude>-81.700753</longitude>
              <latitude>41.489057</latitude>
              <tilt>66</tilt>
            </LookAt>
            <TimeStamp>
              <when>2025-09-29T18:12:44Z</when>
            </TimeStamp>
            <styleUrl>#track</styleUrl>
            <Point>
              <coordinates>-81.700753,41.489057,180.80</coordinates>
            </Point>
          </Placemark>
          <Placemark>
            <name>Tow-30</name>
            <snippet/>
            <description><![CDATA[
<table>
<tr><td>Longitude: -81.700590</td></tr>
<tr><td>Latitude: 41.489048</td></tr>
<tr><td>Altitude: 602.362 ft</td></tr>
<tr><td>Speed: 4.4 mph</td></tr>
<tr><td>Heading: 94.2</td></tr>
<tr><td>Time: 2025-09-29T18:12:51Z</td></tr>
</table>
]]></description>
            <LookAt>
              <longitude>-81.700590</longitude>
              <latitude>41.489048</latitude>
              <tilt>66</tilt>
            </LookAt>
            <TimeStamp>
              <when>2025-09-29T18:12:51Z</when>
            </TimeStamp>
            <styleUrl>#track</styleUrl>
            <Point>
              <coordinates>-81.700590,41.489048,183.60</coordinates>
            </Point>
          </Placemark>
          <Placemark>
            <name>Tow-31</name>
            <snippet/>
            <description><![CDATA[
<table>
<tr><td>Longitude: -81.700565</td></tr>
<tr><td>Latitude: 41.489051</td></tr>
<tr><td>Altitude: 601.706 ft</td></tr>
<tr><td>Speed: 0.5 mph</td></tr>
<tr><td>Heading: 79.5</td></tr>
<tr><td>Time: 2025-09-29T18:13:00Z</td></tr>
</table>
]]></description>
            <LookAt>
              <longitude>-81.700565</longitude>
              <latitude>41.489051</latitude>
              <tilt>66</tilt>
            </LookAt>
            <TimeStamp>
              <when>2025-09-29T18:13:00Z</when>
            </TimeStamp>
            <styleUrl>#track</styleUrl>
            <Point>
              <coordinates>-81.700565,41.489051,183.40</coordinates>
            </Point>
          </Placemark>
          <Placemark>
            <name>Tow-32</name>
            <snippet/>
            <description><![CDATA[
<table>
<tr><td>Longitude: -81.700564</td></tr>
<tr><td>Latitude: 41.489048</td></tr>
<tr><td>Altitude: 601.706 ft</td></tr>
<tr><td>Heading: 171.9</td></tr>
<tr><td>Time: 2025-09-29T18:13:15Z</td></tr>
</table>
]]></description>
            <LookAt>
              <longitude>-81.700564</longitude>
              <latitude>41.489048</latitude>
              <tilt>66</tilt>
            </LookAt>
            <TimeStamp>
              <when>2025-09-29T18:13:15Z</when>
            </TimeStamp>
            <styleUrl>#track</styleUrl>
            <Point>
              <coordinates>-81.700564,41.489048,183.40</coordinates>
            </Point>
          </Placemark>
          <Placemark>
            <name>Tow-33</name>
            <snippet/>
            <description><![CDATA[
<table>
<tr><td>Longitude: -81.700562</td></tr>
<tr><td>Latitude: 41.489043</td></tr>
<tr><td>Altitude: 601.706 ft</td></tr>
<tr><td>Heading: 158.9</td></tr>
<tr><td>Time: 2025-09-29T18:13:30Z</td></tr>
</table>
]]></description>
            <LookAt>
              <longitude>-81.700562</longitude>
              <latitude>41.489043</latitude>
              <tilt>66</tilt>
            </LookAt>
            <TimeStamp>
              <when>2025-09-29T18:13:30Z</when>
            </TimeStamp>
            <styleUrl>#track</styleUrl>
            <Point>
              <coordinates>-81.700562,41.489043,183.40</coordinates>
            </Point>
          </Placemark>
          <Placemark>
            <name>Tow-34</name>
            <snippet/>
            <description><![CDATA[
<table>
<tr><td>Longitude: -81.700570</td></tr>
<tr><td>Latitude: 41.489021</td></tr>
<tr><td>Altitude: 601.706 ft</td></tr>
<tr><td>Speed: 1.9 mph</td></tr>
<tr><td>Heading: 196.5</td></tr>
<tr><td>Time: 2025-09-29T18:13:33Z</td></tr>
</table>
]]></description>
            <LookAt>
              <longitude>-81.700570</longitude>
              <latitude>41.489021</latitude>
              <tilt>66</tilt>
            </LookAt>
            <TimeStamp>
              <when>2025-09-29T18:13:33Z</when>
            </TimeStamp>
            <styleUrl>#track</styleUrl>
            <Point>
              <coordinates>-81.700570,41.489021,183.40</coordinates>
            </Point>
          </Placemark>
          <Placemark>
            <name>Tow-35</name>
            <snippet/>
            <description><![CDATA[
<table>
<tr><td>Longitude: -81.700590</td></tr>
<tr><td>Latitude: 41.488999</td></tr>
<tr><td>Altitude: 600.394 ft</td></tr>
<tr><td>Speed: 3.3 mph</td></tr>
<tr><td>Heading: 214.9</td></tr>
<tr><td>Time: 2025-09-29T18:13:35Z</td></tr>
</table>
]]></description>
            <LookAt>
              <longitude>-81.700590</longitude>
              <latitude>41.488999</latitude>
              <tilt>66</tilt>
            </LookAt>
            <TimeStamp>
              <when>2025-09-29T18:13:35Z</when>
            </TimeStamp>
            <styleUrl>#track</styleUrl>
            <Point>
              <coordinates>-81.700590,41.488999,183.00</coordinates>
            </Point>
          </Placemark>
          <Placemark>
            <name>Tow-36</name>
            <snippet/>
            <description><![CDATA[
<table>
<tr><td>Longitude: -81.700608</td></tr>
<tr><td>Latitude: 41.488904</td></tr>
<tr><td>Altitude: 596.457 ft</td></tr>
<tr><td>Speed: 4.0 mph</td></tr>
<tr><td>Heading: 188.0</td></tr>
<tr><td>Time: 2025-09-29T18:13:41Z</td></tr>
</table>
]]></description>
            <LookAt>
              <longitude>-81.700608</longitude>
              <latitude>41.488904</latitude>
              <tilt>66</tilt>
            </LookAt>
            <TimeStamp>
              <when>2025-09-29T18:13:41Z</when>
            </TimeStamp>
            <styleUrl>#track</styleUrl>
            <Point>
              <coordinates>-81.700608,41.488904,181.80</coordinates>
            </Point>
          </Placemark>
          <Placemark>
            <name>Tow-37</name>
            <snippet/>
            <description><![CDATA[
<table>
<tr><td>Longitude: -81.700591</td></tr>
<tr><td>Latitude: 41.488775</td></tr>
<tr><td>Altitude: 591.207 ft</td></tr>
<tr><td>Speed: 4.6 mph</td></tr>
<tr><td>Heading: 174.1</td></tr>
<tr><td>Time: 2025-09-29T18:13:48Z</td></tr>
</table>
]]></description>
            <LookAt>
              <longitude>-81.700591</longitude>
              <latitude>41.488775</latitude>
              <tilt>66</tilt>
            </LookAt>
            <TimeStamp>
              <when>2025-09-29T18:13:48Z</when>
            </TimeStamp>
            <styleUrl>#track</styleUrl>
            <Point>
              <coordinates>-81.700591,41.488775,180.20</coordinates>
            </Point>
          </Placemark>
          <Placemark>
            <name>Tow-38</name>
            <snippet/>
            <description><![CDATA[
<table>
<tr><td>Longitude: -81.700588</td></tr>
<tr><td>Latitude: 41.488667</td></tr>
<tr><td>Altitude: 583.333 ft</td></tr>
<tr><td>Speed: 4.5 mph</td></tr>
<tr><td>Heading: 179.0</td></tr>
<tr><td>Time: 2025-09-29T18:13:54Z</td></tr>
</table>
]]></description>
            <LookAt>
              <longitude>-81.700588</longitude>
              <latitude>41.488667</latitude>
              <tilt>66</tilt>
            </LookAt>
            <TimeStamp>
              <when>2025-09-29T18:13:54Z</when>
            </TimeStamp>
            <styleUrl>#track</styleUrl>
            <Point>
              <coordinates>-81.700588,41.488667,177.80</coordinates>
            </Point>
          </Placemark>
          <Placemark>
            <name>Tow-39</name>
            <snippet/>
            <description><![CDATA[
<table>
<tr><td>Longitude: -81.700605</td></tr>
<tr><td>Latitude: 41.488506</td></tr>
<tr><td>Altitude: 570.866 ft</td></tr>
<tr><td>Speed: 4.5 mph</td></tr>
<tr><td>Heading: 184.6</td></tr>
<tr><td>Time: 2025-09-29T18:14:03Z</td></tr>
</table>
]]></description>
            <LookAt>
              <longitude>-81.700605</longitude>
              <latitude>41.488506</latitude>
              <tilt>66</tilt>
            </LookAt>
            <TimeStamp>
              <when>2025-09-29T18:14:03Z</when>
            </TimeStamp>
            <styleUrl>#track</styleUrl>
            <Point>
              <coordinates>-81.700605,41.488506,174.00</coordinates>
            </Point>
          </Placemark>
          <Placemark>
            <name>Tow-40</name>
            <snippet/>
            <description><![CDATA[
<table>
<tr><td>Longitude: -81.700625</td></tr>
<tr><td>Latitude: 41.488352</td></tr>
<tr><td>Altitude: 559.055 ft</td></tr>
<tr><td>Speed: 5.5 mph</td></tr>
<tr><td>Heading: 185.5</td></tr>
<tr><td>Time: 2025-09-29T18:14:10Z</td></tr>
</table>
]]></description>
            <LookAt>
              <longitude>-81.700625</longitude>
              <latitude>41.488352</latitude>
              <tilt>66</tilt>
            </LookAt>
            <TimeStamp>
              <when>2025-09-29T18:14:10Z</when>
            </TimeStamp>
            <styleUrl>#track</styleUrl>
            <Point>
              <coordinates>-81.700625,41.488352,170.40</coordinates>
            </Point>
          </Placemark>
          <Placemark>
            <name>Tow-41</name>
            <snippet/>
            <description><![CDATA[
<table>
<tr><td>Longitude: -81.700603</td></tr>
<tr><td>Latitude: 41.488240</td></tr>
<tr><td>Altitude: 554.462 ft</td></tr>
<tr><td>Speed: 4.7 mph</td></tr>
<tr><td>Heading: 171.7</td></tr>
<tr><td>Time: 2025-09-29T18:14:16Z</td></tr>
</table>
]]></description>
            <LookAt>
              <longitude>-81.700603</longitude>
              <latitude>41.488240</latitude>
              <tilt>66</tilt>
            </LookAt>
            <TimeStamp>
              <when>2025-09-29T18:14:16Z</when>
            </TimeStamp>
            <styleUrl>#track</styleUrl>
            <Point>
              <coordinates>-81.700603,41.488240,169.00</coordinates>
            </Point>
          </Placemark>
          <Placemark>
            <name>Tow-42</name>
            <snippet/>
            <description><![CDATA[
<table>
<tr><td>Longitude: -81.700599</td></tr>
<tr><td>Latitude: 41.488177</td></tr>
<tr><td>Altitude: 554.462 ft</td></tr>
<tr><td>Speed: 3.1 mph</td></tr>
<tr><td>Heading: 176.9</td></tr>
<tr><td>Time: 2025-09-29T18:14:21Z</td></tr>
</table>
]]></description>
            <LookAt>
              <longitude>-81.700599</longitude>
              <latitude>41.488177</latitude>
              <tilt>66</tilt>
            </LookAt>
            <TimeStamp>
              <when>2025-09-29T18:14:21Z</when>
            </TimeStamp>
            <styleUrl>#track</styleUrl>
            <Point>
              <coordinates>-81.700599,41.488177,169.00</coordinates>
            </Point>
          </Placemark>
          <Placemark>
            <name>Tow-43</name>
            <snippet/>
            <description><![CDATA[
<table>
<tr><td>Longitude: -81.700584</td></tr>
<tr><td>Latitude: 41.488049</td></tr>
<tr><td>Altitude: 553.150 ft</td></tr>
<tr><td>Speed: 4.6 mph</td></tr>
<tr><td>Heading: 174.9</td></tr>
<tr><td>Time: 2025-09-29T18:14:28Z</td></tr>
</table>
]]></description>
            <LookAt>
              <longitude>-81.700584</longitude>
              <latitude>41.488049</latitude>
              <tilt>66</tilt>
            </LookAt>
            <TimeStamp>
              <when>2025-09-29T18:14:28Z</when>
            </TimeStamp>
            <styleUrl>#track</styleUrl>
            <Point>
              <coordinates>-81.700584,41.488049,168.60</coordinates>
            </Point>
          </Placemark>
          <Placemark>
            <name>Tow-44</name>
            <snippet/>
            <description><![CDATA[
<table>
<tr><td>Longitude: -81.700565</td></tr>
<tr><td>Latitude: 41.487934</td></tr>
<tr><td>Altitude: 553.806 ft</td></tr>
<tr><td>Speed: 4.8 mph</td></tr>
<tr><td>Heading: 173.2</td></tr>
<tr><td>Time: 2025-09-29T18:14:34Z</td></tr>
</table>
]]></description>
            <LookAt>
              <longitude>-81.700565</longitude>
              <latitude>41.487934</latitude>
              <tilt>66</tilt>
            </LookAt>
            <TimeStamp>
              <when>2025-09-29T18:14:34Z</when>
            </TimeStamp>
            <styleUrl>#track</styleUrl>
            <Point>
              <coordinates>-81.700565,41.487934,168.80</coordinates>
            </Point>
          </Placemark>
          <Placemark>
            <name>Tow-45</name>
            <snippet/>
            <description><![CDATA[
<table>
<tr><td>Longitude: -81.700574</td></tr>
<tr><td>Latitude: 41.487836</td></tr>
<tr><td>Altitude: 555.774 ft</td></tr>
<tr><td>Speed: 4.1 mph</td></tr>
<tr><td>Heading: 183.9</td></tr>
<tr><td>Time: 2025-09-29T18:14:40Z</td></tr>
</table>
]]></description>
            <LookAt>
              <longitude>-81.700574</longitude>
              <latitude>41.487836</latitude>
              <tilt>66</tilt>
            </LookAt>
            <TimeStamp>
              <when>2025-09-29T18:14:40Z</when>
            </TimeStamp>
            <styleUrl>#track</styleUrl>
            <Point>
              <coordinates>-81.700574,41.487836,169.40</coordinates>
            </Point>
          </Placemark>
          <Placemark>
            <name>Tow-46</name>
            <snippet/>
            <description><![CDATA[
<table>
<tr><td>Longitude: -81.700578</td></tr>
<tr><td>Latitude: 41.487804</td></tr>
<tr><td>Altitude: 559.711 ft</td></tr>
<tr><td>Speed: 1.6 mph</td></tr>
<tr><td>Heading: 184.4</td></tr>
<tr><td>Time: 2025-09-29T18:14:45Z</td></tr>
</table>
]]></description>
            <LookAt>
              <longitude>-81.700578</longitude>
              <latitude>41.487804</latitude>
              <tilt>66</tilt>
            </LookAt>
            <TimeStamp>
              <when>2025-09-29T18:14:45Z</when>
            </TimeStamp>
            <styleUrl>#track</styleUrl>
            <Point>
              <coordinates>-81.700578,41.487804,170.60</coordinates>
            </Point>
          </Placemark>
          <Placemark>
            <name>Tow-47</name>
            <snippet/>
            <description><![CDATA[
<table>
<tr><td>Longitude: -81.700581</td></tr>
<tr><td>Latitude: 41.487777</td></tr>
<tr><td>Altitude: 562.992 ft</td></tr>
<tr><td>Speed: 0.6 mph</td></tr>
<tr><td>Heading: 185.2</td></tr>
<tr><td>Time: 2025-09-29T18:14:56Z</td></tr>
</table>
]]></description>
            <LookAt>
              <longitude>-81.700581</longitude>
              <latitude>41.487777</latitude>
              <tilt>66</tilt>
            </LookAt>
            <TimeStamp>
              <when>2025-09-29T18:14:56Z</when>
            </TimeStamp>
            <styleUrl>#track</styleUrl>
            <Point>
              <coordinates>-81.700581,41.487777,171.60</coordinates>
            </Point>
          </Placemark>
          <Placemark>
            <name>Tow-48</name>
            <snippet/>
            <description><![CDATA[
<table>
<tr><td>Longitude: -81.700568</td></tr>
<tr><td>Latitude: 41.487773</td></tr>
<tr><td>Altitude: 562.992 ft</td></tr>
<tr><td>Speed: 0.2 mph</td></tr>
<tr><td>Heading: 113.3</td></tr>
<tr><td>Time: 2025-09-29T18:15:10Z</td></tr>
</table>
]]></description>
            <LookAt>
              <longitude>-81.700568</longitude>
              <latitude>41.487773</latitude>
              <tilt>66</tilt>
            </LookAt>
            <TimeStamp>
              <when>2025-09-29T18:15:10Z</when>
            </TimeStamp>
            <styleUrl>#track</styleUrl>
            <Point>
              <coordinates>-81.700568,41.487773,171.60</coordinates>
            </Point>
          </Placemark>
          <Placemark>
            <name>Tow-49</name>
            <snippet/>
            <description><![CDATA[
<table>
<tr><td>Longitude: -81.700545</td></tr>
<tr><td>Latitude: 41.487769</td></tr>
<tr><td>Altitude: 563.648 ft</td></tr>
<tr><td>Speed: 4.4 mph</td></tr>
<tr><td>Heading: 103.1</td></tr>
<tr><td>Time: 2025-09-29T18:15:11Z</td></tr>
</table>
]]></description>
            <LookAt>
              <longitude>-81.700545</longitude>
              <latitude>41.487769</latitude>
              <tilt>66</tilt>
            </LookAt>
            <TimeStamp>
              <when>2025-09-29T18:15:11Z</when>
            </TimeStamp>
            <styleUrl>#track</styleUrl>
            <Point>
              <coordinates>-81.700545,41.487769,171.80</coordinates>
            </Point>
          </Placemark>
          <Placemark>
            <name>Tow-50</name>
            <snippet/>
            <description><![CDATA[
<table>
<tr><td>Longitude: -81.700373</td></tr>
<tr><td>Latitude: 41.487735</td></tr>
<tr><td>Altitude: 570.866 ft</td></tr>
<tr><td>Speed: 5.5 mph</td></tr>
<tr><td>Heading: 104.9</td></tr>
<tr><td>Time: 2025-09-29T18:15:17Z</td></tr>
</table>
]]></description>
            <LookAt>
              <longitude>-81.700373</longitude>
              <latitude>41.487735</latitude>
              <tilt>66</tilt>
            </LookAt>
            <TimeStamp>
              <when>2025-09-29T18:15:17Z</when>
            </TimeStamp>
            <styleUrl>#track</styleUrl>
            <Point>
              <coordinates>-81.700373,41.487735,174.00</coordinates>
            </Point>
          </Placemark>
          <Placemark>
            <name>Tow-51</name>
            <snippet/>
            <description><![CDATA[
<table>
<tr><td>Longitude: -81.700272</td></tr>
<tr><td>Latitude: 41.487778</td></tr>
<tr><td>Altitude: 576.772 ft</td></tr>
<tr><td>Speed: 5.4 mph</td></tr>
<tr><td>Heading: 60.4</td></tr>
<tr><td>Time: 2025-09-29T18:15:21Z</td></tr>
</table>
]]></description>
            <LookAt>
              <longitude>-81.700272</longitude>
              <latitude>41.487778</latitude>
              <tilt>66</tilt>
            </LookAt>
            <TimeStamp>
              <when>2025-09-29T18:15:21Z</when>
            </TimeStamp>
            <styleUrl>#track</styleUrl>
            <Point>
              <coordinates>-81.700272,41.487778,175.80</coordinates>
            </Point>
          </Placemark>
          <Placemark>
            <name>Tow-52</name>
            <snippet/>
            <description><![CDATA[
<table>
<tr><td>Longitude: -81.700131</td></tr>
<tr><td>Latitude: 41.487783</td></tr>
<tr><td>Altitude: 586.614 ft</td></tr>
<tr><td>Speed: 6.6 mph</td></tr>
<tr><td>Heading: 87.5</td></tr>
<tr><td>Time: 2025-09-29T18:15:25Z</td></tr>
</table>
]]></description>
            <LookAt>
              <longitude>-81.700131</longitude>
              <latitude>41.487783</latitude>
              <tilt>66</tilt>
            </LookAt>
            <TimeStamp>
              <when>2025-09-29T18:15:25Z</when>
            </TimeStamp>
            <styleUrl>#track</styleUrl>
            <Point>
              <coordinates>-81.700131,41.487783,178.80</coordinates>
            </Point>
          </Placemark>
          <Placemark>
            <name>Tow-53</name>
            <snippet/>
            <description><![CDATA[
<table>
<tr><td>Longitude: -81.699971</td></tr>
<tr><td>Latitude: 41.487793</td></tr>
<tr><td>Altitude: 599.081 ft</td></tr>
<tr><td>Speed: 5.0 mph</td></tr>
<tr><td>Heading: 85.0</td></tr>
<tr><td>Time: 2025-09-29T18:15:31Z</td></tr>
</table>
]]></description>
            <LookAt>
              <longitude>-81.699971</longitude>
              <latitude>41.487793</latitude>
              <tilt>66</tilt>
            </LookAt>
            <TimeStamp>
              <when>2025-09-29T18:15:31Z</when>
            </TimeStamp>
            <styleUrl>#track</styleUrl>
            <Point>
              <coordinates>-81.699971,41.487793,182.60</coordinates>
            </Point>
          </Placemark>
          <Placemark>
            <name>Tow-54</name>
            <snippet/>
            <description><![CDATA[
<table>
<tr><td>Longitude: -81.699798</td></tr>
<tr><td>Latitude: 41.487817</td></tr>
<tr><td>Altitude: 608.924 ft</td></tr>
<tr><td>Speed: 4.7 mph</td></tr>
<tr><td>Heading: 79.4</td></tr>
<tr><td>Time: 2025-09-29T18:15:38Z</td></tr>
</table>
]]></description>
            <LookAt>
              <longitude>-81.699798</longitude>
              <latitude>41.487817</latitude>
              <tilt>66</tilt>
            </LookAt>
            <TimeStamp>
              <when>2025-09-29T18:15:38Z</when>
            </TimeStamp>
            <styleUrl>#track</styleUrl>
            <Point>
              <coordinates>-81.699798,41.487817,185.60</coordinates>
            </Point>
          </Placemark>
          <Placemark>
            <name>Tow-55</name>
            <snippet/>
            <description><![CDATA[
<table>
<tr><td>Longitude: -81.699771</td></tr>
<tr><td>Latitude: 41.487809</td></tr>
<tr><td>Altitude: 607.612 ft</td></tr>
<tr><td>Speed: 1.1 mph</td></tr>
<tr><td>Heading: 112.6</td></tr>
<tr><td>Time: 2025-09-29T18:15:43Z</td></tr>
</table>
]]></description>
            <LookAt>
              <longitude>-81.699771</longitude>
              <latitude>41.487809</latitude>
              <tilt>66</tilt>
            </LookAt>
            <TimeStamp>
              <when>2025-09-29T18:15:43Z</when>
            </TimeStamp>
            <styleUrl>#track</styleUrl>
            <Point>
              <coordinates>-81.699771,41.487809,185.20</coordinates>
            </Point>
          </Placemark>
          <Placemark>
            <name>Tow-56</name>
            <snippet/>
            <description><![CDATA[
<table>
<tr><td>Longitude: -81.699769</td></tr>
<tr><td>Latitude: 41.487810</td></tr>
<tr><td>Altitude: 609.580 ft</td></tr>
<tr><td>Heading: 38.3</td></tr>
<tr><td>Time: 2025-09-29T18:16:00Z</td></tr>
</table>
]]></description>
            <LookAt>
              <longitude>-81.699769</longitude>
              <latitude>41.487810</latitude>
              <tilt>66</tilt>
            </LookAt>
            <TimeStamp>
              <when>2025-09-29T18:16:00Z</when>
            </TimeStamp>
            <styleUrl>#track</styleUrl>
            <Point>
              <coordinates>-81.699769,41.487810,185.80</coordinates>
            </Point>
          </Placemark>
          <Placemark>
            <name>Tow-57</name>
            <snippet/>
            <description><![CDATA[
<table>
<tr><td>Longitude: -81.699762</td></tr>
<tr><td>Latitude: 41.487807</td></tr>
<tr><td>Altitude: 608.924 ft</td></tr>
<tr><td>Heading: 120.9</td></tr>
<tr><td>Time: 2025-09-29T18:16:20Z</td></tr>
</table>
]]></description>
            <LookAt>
              <longitude>-81.699762</longitude>
              <latitude>41.487807</latitude>
              <tilt>66</tilt>
            </LookAt>
            <TimeStamp>
              <when>2025-09-29T18:16:20Z</when>
            </TimeStamp>
            <styleUrl>#track</styleUrl>
            <Point>
              <coordinates>-81.699762,41.487807,185.60</coordinates>
            </Point>
          </Placemark>
          <Placemark>
            <name>Tow-58</name>
            <snippet/>
            <description><![CDATA[
<table>
<tr><td>Longitude: -81.699734</td></tr>
<tr><td>Latitude: 41.487819</td></tr>
<tr><td>Altitude: 609.580 ft</td></tr>
<tr><td>Speed: 0.4 mph</td></tr>
<tr><td>Heading: 61.0</td></tr>
<tr><td>Time: 2025-09-29T18:16:34Z</td></tr>
</table>
]]></description>
            <LookAt>
              <longitude>-81.699734</longitude>
              <latitude>41.487819</latitude>
              <tilt>66</tilt>
            </LookAt>
            <TimeStamp>
              <when>2025-09-29T18:16:34Z</when>
            </TimeStamp>
            <styleUrl>#track</styleUrl>
            <Point>
              <coordinates>-81.699734,41.487819,185.80</coordinates>
            </Point>
          </Placemark>
          <Placemark>
            <name>Tow-59</name>
            <snippet/>
            <description><![CDATA[
<table>
<tr><td>Longitude: -81.699597</td></tr>
<tr><td>Latitude: 41.487863</td></tr>
<tr><td>Altitude: 609.580 ft</td></tr>
<tr><td>Speed: 6.9 mph</td></tr>
<tr><td>Heading: 66.5</td></tr>
<tr><td>Time: 2025-09-29T18:16:38Z</td></tr>
</table>
]]></description>
            <LookAt>
              <longitude>-81.699597</longitude>
              <latitude>41.487863</latitude>
              <tilt>66</tilt>
            </LookAt>
            <TimeStamp>
              <when>2025-09-29T18:16:38Z</when>
            </TimeStamp>
            <styleUrl>#track</styleUrl>
            <Point>
              <coordinates>-81.699597,41.487863,185.80</coordinates>
            </Point>
          </Placemark>
          <Placemark>
            <name>Tow-60</name>
            <snippet/>
            <description><![CDATA[
<table>
<tr><td>Longitude: -81.699314</td></tr>
<tr><td>Latitude: 41.487953</td></tr>
<tr><td>Altitude: 610.236 ft</td></tr>
<tr><td>Speed: 8.2 mph</td></tr>
<tr><td>Heading: 67.2</td></tr>
<tr><td>Time: 2025-09-29T18:16:45Z</td></tr>
</table>
]]></description>
            <LookAt>
              <longitude>-81.699314</longitude>
              <latitude>41.487953</latitude>
              <tilt>66</tilt>
            </LookAt>
            <TimeStamp>
              <when>2025-09-29T18:16:45Z</when>
            </TimeStamp>
            <styleUrl>#track</styleUrl>
            <Point>
              <coordinates>-81.699314,41.487953,186.00</coordinates>
            </Point>
          </Placemark>
          <Placemark>
            <name>Tow-61</name>
            <snippet/>
            <description><![CDATA[
<table>
<tr><td>Longitude: -81.699069</td></tr>
<tr><td>Latitude: 41.488059</td></tr>
<tr><td>Altitude: 612.861 ft</td></tr>
<tr><td>Speed: 8.8 mph</td></tr>
<tr><td>Heading: 59.9</td></tr>
<tr><td>Time: 2025-09-29T18:16:51Z</td></tr>
</table>
]]></description>
            <LookAt>
              <longitude>-81.699069</longitude>
              <latitude>41.488059</latitude>
              <tilt>66</tilt>
            </LookAt>
            <TimeStamp>
              <when>2025-09-29T18:16:51Z</when>
            </TimeStamp>
            <styleUrl>#track</styleUrl>
            <Point>
              <coordinates>-81.699069,41.488059,186.80</coordinates>
            </Point>
          </Placemark>
          <Placemark>
            <name>Tow-62</name>
            <snippet/>
            <description><![CDATA[
<table>
<tr><td>Longitude: -81.698814</td></tr>
<tr><td>Latitude: 41.488182</td></tr>
<tr><td>Altitude: 610.236 ft</td></tr>
<tr><td>Speed: 8.1 mph</td></tr>
<tr><td>Heading: 57.3</td></tr>
<tr><td>Time: 2025-09-29T18:16:58Z</td></tr>
</table>
]]></description>
            <LookAt>
              <longitude>-81.698814</longitude>
              <latitude>41.488182</latitude>
              <tilt>66</tilt>
            </LookAt>
            <TimeStamp>
              <when>2025-09-29T18:16:58Z</when>
            </TimeStamp>
            <styleUrl>#track</styleUrl>
            <Point>
              <coordinates>-81.698814,41.488182,186.00</coordinates>
            </Point>
          </Placemark>
          <Placemark>
            <name>Tow-63</name>
            <snippet/>
            <description><![CDATA[
<table>
<tr><td>Longitude: -81.698554</td></tr>
<tr><td>Latitude: 41.488268</td></tr>
<tr><td>Altitude: 601.706 ft</td></tr>
<tr><td>Speed: 7.6 mph</td></tr>
<tr><td>Heading: 66.1</td></tr>
<tr><td>Time: 2025-09-29T18:17:05Z</td></tr>
</table>
]]></description>
            <LookAt>
              <longitude>-81.698554</longitude>
              <latitude>41.488268</latitude>
              <tilt>66</tilt>
            </LookAt>
            <TimeStamp>
              <when>2025-09-29T18:17:05Z</when>
            </TimeStamp>
            <styleUrl>#track</styleUrl>
            <Point>
              <coordinates>-81.698554,41.488268,183.40</coordinates>
            </Point>
          </Placemark>
          <Placemark>
            <name>Tow-64</name>
            <snippet/>
            <description><![CDATA[
<table>
<tr><td>Longitude: -81.698335</td></tr>
<tr><td>Latitude: 41.488319</td></tr>
<tr><td>Altitude: 599.081 ft</td></tr>
<tr><td>Speed: 7.1 mph</td></tr>
<tr><td>Heading: 72.9</td></tr>
<tr><td>Time: 2025-09-29T18:17:11Z</td></tr>
</table>
]]></description>
            <LookAt>
              <longitude>-81.698335</longitude>
              <latitude>41.488319</latitude>
              <tilt>66</tilt>
            </LookAt>
            <TimeStamp>
              <when>2025-09-29T18:17:11Z</when>
            </TimeStamp>
            <styleUrl>#track</styleUrl>
            <Point>
              <coordinates>-81.698335,41.488319,182.60</coordinates>
            </Point>
          </Placemark>
          <Placemark>
            <name>Tow-65</name>
            <snippet/>
            <description><![CDATA[
<table>
<tr><td>Longitude: -81.698278</td></tr>
<tr><td>Latitude: 41.488333</td></tr>
<tr><td>Altitude: 602.362 ft</td></tr>
<tr><td>Speed: 2.8 mph</td></tr>
<tr><td>Heading: 71.3</td></tr>
<tr><td>Time: 2025-09-29T18:17:15Z</td></tr>
</table>
]]></description>
            <LookAt>
              <longitude>-81.698278</longitude>
              <latitude>41.488333</latitude>
              <tilt>66</tilt>
            </LookAt>
            <TimeStamp>
              <when>2025-09-29T18:17:15Z</when>
            </TimeStamp>
            <styleUrl>#track</styleUrl>
            <Point>
              <coordinates>-81.698278,41.488333,183.60</coordinates>
            </Point>
          </Placemark>
          <Placemark>
            <name>Tow-66</name>
            <snippet/>
            <description><![CDATA[
<table>
<tr><td>Longitude: -81.698165</td></tr>
<tr><td>Latitude: 41.488353</td></tr>
<tr><td>Altitude: 603.018 ft</td></tr>
<tr><td>Speed: 0.5 mph</td></tr>
<tr><td>Heading: 76.9</td></tr>
<tr><td>Time: 2025-09-29T18:17:56Z</td></tr>
</table>
]]></description>
            <LookAt>
              <longitude>-81.698165</longitude>
              <latitude>41.488353</latitude>
              <tilt>66</tilt>
            </LookAt>
            <TimeStamp>
              <when>2025-09-29T18:17:56Z</when>
            </TimeStamp>
            <styleUrl>#track</styleUrl>
            <Point>
              <coordinates>-81.698165,41.488353,183.80</coordinates>
            </Point>
          </Placemark>
          <Placemark>
            <name>Tow-67</name>
            <snippet/>
            <description><![CDATA[
<table>
<tr><td>Longitude: -81.697854</td></tr>
<tr><td>Latitude: 41.488394</td></tr>
<tr><td>Altitude: 601.706 ft</td></tr>
<tr><td>Speed: 6.5 mph</td></tr>
<tr><td>Heading: 79.9</td></tr>
<tr><td>Time: 2025-09-29T18:18:05Z</td></tr>
</table>
]]></description>
            <LookAt>
              <longitude>-81.697854</longitude>
              <latitude>41.488394</latitude>
              <tilt>66</tilt>
            </LookAt>
            <TimeStamp>
              <when>2025-09-29T18:18:05Z</when>
            </TimeStamp>
            <styleUrl>#track</styleUrl>
            <Point>
              <coordinates>-81.697854,41.488394,183.40</coordinates>
            </Point>
          </Placemark>
          <Placemark>
            <name>Tow-68</name>
            <snippet/>
            <description><![CDATA[
<table>
<tr><td>Longitude: -81.697498</td></tr>
<tr><td>Latitude: 41.488404</td></tr>
<tr><td>Altitude: 597.769 ft</td></tr>
<tr><td>Speed: 7.4 mph</td></tr>
<tr><td>Heading: 87.9</td></tr>
<tr><td>Time: 2025-09-29T18:18:14Z</td></tr>
</table>
]]></description>
            <LookAt>
              <longitude>-81.697498</longitude>
              <latitude>41.488404</latitude>
              <tilt>66</tilt>
            </LookAt>
            <TimeStamp>
              <when>2025-09-29T18:18:14Z</when>
            </TimeStamp>
            <styleUrl>#track</styleUrl>
            <Point>
              <coordinates>-81.697498,41.488404,182.20</coordinates>
            </Point>
          </Placemark>
          <Placemark>
            <name>Tow-69</name>
            <snippet/>
            <description><![CDATA[
<table>
<tr><td>Longitude: -81.697163</td></tr>
<tr><td>Latitude: 41.488401</td></tr>
<tr><td>Altitude: 600.394 ft</td></tr>
<tr><td>Speed: 7.8 mph</td></tr>
<tr><td>Heading: 90.7</td></tr>
<tr><td>Time: 2025-09-29T18:18:22Z</td></tr>
</table>
]]></description>
            <LookAt>
              <longitude>-81.697163</longitude>
              <latitude>41.488401</latitude>
              <tilt>66</tilt>
            </LookAt>
            <TimeStamp>
              <when>2025-09-29T18:18:22Z</when>
            </TimeStamp>
            <styleUrl>#track</styleUrl>
            <Point>
              <coordinates>-81.697163,41.488401,183.00</coordinates>
            </Point>
          </Placemark>
          <Placemark>
            <name>Tow-70</name>
            <snippet/>
            <description><![CDATA[
<table>
<tr><td>Longitude: -81.696754</td></tr>
<tr><td>Latitude: 41.488369</td></tr>
<tr><td>Altitude: 600.394 ft</td></tr>
<tr><td>Speed: 7.7 mph</td></tr>
<tr><td>Heading: 96.0</td></tr>
<tr><td>Time: 2025-09-29T18:18:32Z</td></tr>
</table>
]]></description>
            <LookAt>
              <longitude>-81.696754</longitude>
              <latitude>41.488369</latitude>
              <tilt>66</tilt>
            </LookAt>
            <TimeStamp>
              <when>2025-09-29T18:18:32Z</when>
            </TimeStamp>
            <styleUrl>#track</styleUrl>
            <Point>
              <coordinates>-81.696754,41.488369,183.00</coordinates>
            </Point>
          </Placemark>
          <Placemark>
            <name>Tow-71</name>
            <snippet/>
            <description><![CDATA[
<table>
<tr><td>Longitude: -81.696510</td></tr>
<tr><td>Latitude: 41.488335</td></tr>
<tr><td>Altitude: 603.675 ft</td></tr>
<tr><td>Speed: 6.6 mph</td></tr>
<tr><td>Heading: 100.4</td></tr>
<tr><td>Time: 2025-09-29T18:18:39Z</td></tr>
</table>
]]></description>
            <LookAt>
              <longitude>-81.696510</longitude>
              <latitude>41.488335</latitude>
              <tilt>66</tilt>
            </LookAt>
            <TimeStamp>
              <when>2025-09-29T18:18:39Z</when>
            </TimeStamp>
            <styleUrl>#track</styleUrl>
            <Point>
              <coordinates>-81.696510,41.488335,184.00</coordinates>
            </Point>
          </Placemark>
          <Placemark>
            <name>Tow-72</name>
            <snippet/>
            <description><![CDATA[
<table>
<tr><td>Longitude: -81.696381</td></tr>
<tr><td>Latitude: 41.488307</td></tr>
<tr><td>Altitude: 604.331 ft</td></tr>
<tr><td>Speed: 4.2 mph</td></tr>
<tr><td>Heading: 106.2</td></tr>
<tr><td>Time: 2025-09-29T18:18:45Z</td></tr>
</table>
]]></description>
            <LookAt>
              <longitude>-81.696381</longitude>
              <latitude>41.488307</latitude>
              <tilt>66</tilt>
            </LookAt>
            <TimeStamp>
              <when>2025-09-29T18:18:45Z</when>
            </TimeStamp>
            <styleUrl>#track</styleUrl>
            <Point>
              <coordinates>-81.696381,41.488307,184.20</coordinates>
            </Point>
          </Placemark>
          <Placemark>
            <name>Tow-73</name>
            <snippet/>
            <description><![CDATA[
<table>
<tr><td>Longitude: -81.696274</td></tr>
<tr><td>Latitude: 41.488284</td></tr>
<tr><td>Altitude: 606.299 ft</td></tr>
<tr><td>Speed: 0.6 mph</td></tr>
<tr><td>Heading: 106.1</td></tr>
<tr><td>Time: 2025-09-29T18:19:18Z</td></tr>
</table>
]]></description>
            <LookAt>
              <longitude>-81.696274</longitude>
              <latitude>41.488284</latitude>
              <tilt>66</tilt>
            </LookAt>
            <TimeStamp>
              <when>2025-09-29T18:19:18Z</when>
            </TimeStamp>
            <styleUrl>#track</styleUrl>
            <Point>
              <coordinates>-81.696274,41.488284,184.80</coordinates>
            </Point>
          </Placemark>
          <Placemark>
            <name>Tow-74</name>
            <snippet/>
            <description><![CDATA[
<table>
<tr><td>Longitude: -81.696068</td></tr>
<tr><td>Latitude: 41.488232</td></tr>
<tr><td>Altitude: 605.643 ft</td></tr>
<tr><td>Speed: 6.8 mph</td></tr>
<tr><td>Heading: 108.6</td></tr>
<tr><td>Time: 2025-09-29T18:19:24Z</td></tr>
</table>
]]></description>
            <LookAt>
              <longitude>-81.696068</longitude>
              <latitude>41.488232</latitude>
              <tilt>66</tilt>
            </LookAt>
            <TimeStamp>
              <when>2025-09-29T18:19:24Z</when>
            </TimeStamp>
            <styleUrl>#track</styleUrl>
            <Point>
              <coordinates>-81.696068,41.488232,184.60</coordinates>
            </Point>
          </Placemark>
          <Placemark>
            <name>Tow-75</name>
            <snippet/>
            <description><![CDATA[
<table>
<tr><td>Longitude: -81.695866</td></tr>
<tr><td>Latitude: 41.488142</td></tr>
<tr><td>Altitude: 612.205 ft</td></tr>
<tr><td>Speed: 7.3 mph</td></tr>
<tr><td>Heading: 120.6</td></tr>
<tr><td>Time: 2025-09-29T18:19:30Z</td></tr>
</table>
]]></description>
            <LookAt>
              <longitude>-81.695866</longitude>
              <latitude>41.488142</latitude>
              <tilt>66</tilt>
            </LookAt>
            <TimeStamp>
              <when>2025-09-29T18:19:30Z</when>
            </TimeStamp>
            <styleUrl>#track</styleUrl>
            <Point>
              <coordinates>-81.695866,41.488142,186.60</coordinates>
            </Point>
          </Placemark>
          <Placemark>
            <name>Tow-76</name>
            <snippet/>
            <description><![CDATA[
<table>
<tr><td>Longitude: -81.695761</td></tr>
<tr><td>Latitude: 41.488073</td></tr>
<tr><td>Altitude: 616.142 ft</td></tr>
<tr><td>Speed: 6.5 mph</td></tr>
<tr><td>Heading: 131.2</td></tr>
<tr><td>Time: 2025-09-29T18:19:34Z</td></tr>
</table>
]]></description>
            <LookAt>
              <longitude>-81.695761</longitude>
              <latitude>41.488073</latitude>
              <tilt>66</tilt>
            </LookAt>
            <TimeStamp>
              <when>2025-09-29T18:19:34Z</when>
            </TimeStamp>
            <styleUrl>#track</styleUrl>
            <Point>
              <coordinates>-81.695761,41.488073,187.80</coordinates>
            </Point>
          </Placemark>
          <Placemark>
            <name>Tow-77</name>
            <snippet/>
            <description><![CDATA[
<table>
<tr><td>Longitude: -81.695605</td></tr>
<tr><td>Latitude: 41.487992</td></tr>
<tr><td>Altitude: 616.798 ft</td></tr>
<tr><td>Speed: 5.9 mph</td></tr>
<tr><td>Heading: 124.8</td></tr>
<tr><td>Time: 2025-09-29T18:19:40Z</td></tr>
</table>
]]></description>
            <LookAt>
              <longitude>-81.695605</longitude>
              <latitude>41.487992</latitude>
              <tilt>66</tilt>
            </LookAt>
            <TimeStamp>
              <when>2025-09-29T18:19:40Z</when>
            </TimeStamp>
            <styleUrl>#track</styleUrl>
            <Point>
              <coordinates>-81.695605,41.487992,188.00</coordinates>
            </Point>
          </Placemark>
          <Placemark>
            <name>Tow-78</name>
            <snippet/>
            <description><![CDATA[
<table>
<tr><td>Longitude: -81.695427</td></tr>
<tr><td>Latitude: 41.487903</td></tr>
<tr><td>Altitude: 612.861 ft</td></tr>
<tr><td>Speed: 6.6 mph</td></tr>
<tr><td>Heading: 123.8</td></tr>
<tr><td>Time: 2025-09-29T18:19:46Z</td></tr>
</table>
]]></description>
            <LookAt>
              <longitude>-81.695427</longitude>
              <latitude>41.487903</latitude>
              <tilt>66</tilt>
            </LookAt>
            <TimeStamp>
              <when>2025-09-29T18:19:46Z</when>
            </TimeStamp>
            <styleUrl>#track</styleUrl>
            <Point>
              <coordinates>-81.695427,41.487903,186.80</coordinates>
            </Point>
          </Placemark>
          <Placemark>
            <name>Tow-79</name>
            <snippet/>
            <description><![CDATA[
<table>
<tr><td>Longitude: -81.695261</td></tr>
<tr><td>Latitude: 41.487818</td></tr>
<tr><td>Altitude: 618.110 ft</td></tr>
<tr><td>Speed: 6.3 mph</td></tr>
<tr><td>Heading: 124.4</td></tr>
<tr><td>Time: 2025-09-29T18:19:52Z</td></tr>
</table>
]]></description>
            <LookAt>
              <longitude>-81.695261</longitude>
              <latitude>41.487818</latitude>
              <tilt>66</tilt>
            </LookAt>
            <TimeStamp>
              <when>2025-09-29T18:19:52Z</when>
            </TimeStamp>
            <styleUrl>#track</styleUrl>
            <Point>
              <coordinates>-81.695261,41.487818,188.40</coordinates>
            </Point>
          </Placemark>
          <Placemark>
            <name>Tow-80</name>
            <snippet/>
            <description><![CDATA[
<table>
<tr><td>Longitude: -81.695111</td></tr>
<tr><td>Latitude: 41.487709</td></tr>
<tr><td>Altitude: 624.672 ft</td></tr>
<tr><td>Speed: 5.6 mph</td></tr>
<tr><td>Heading: 134.1</td></tr>
<tr><td>Time: 2025-09-29T18:19:59Z</td></tr>
</table>
]]></description>
            <LookAt>
              <longitude>-81.695111</longitude>
              <latitude>41.487709</latitude>
              <tilt>66</tilt>
            </LookAt>
            <TimeStamp>
              <when>2025-09-29T18:19:59Z</when>
            </TimeStamp>
            <styleUrl>#track</styleUrl>
            <Point>
              <coordinates>-81.695111,41.487709,190.40</coordinates>
            </Point>
          </Placemark>
          <Placemark>
            <name>Tow-81</name>
            <snippet/>
            <description><![CDATA[
<table>
<tr><td>Longitude: -81.695091</td></tr>
<tr><td>Latitude: 41.487691</td></tr>
<tr><td>Altitude: 627.297 ft</td></tr>
<tr><td>Speed: 1.9 mph</td></tr>
<tr><td>Heading: 140.4</td></tr>
<tr><td>Time: 2025-09-29T18:20:02Z</td></tr>
</table>
]]></description>
            <LookAt>
              <longitude>-81.695091</longitude>
              <latitude>41.487691</latitude>
              <tilt>66</tilt>
            </LookAt>
            <TimeStamp>
              <when>2025-09-29T18:20:02Z</when>
            </TimeStamp>
            <styleUrl>#track</styleUrl>
            <Point>
              <coordinates>-81.695091,41.487691,191.20</coordinates>
            </Point>
          </Placemark>
          <Placemark>
            <name>Tow-82</name>
            <snippet/>
            <description><![CDATA[
<table>
<tr><td>Longitude: -81.695107</td></tr>
<tr><td>Latitude: 41.487694</td></tr>
<tr><td>Altitude: 627.953 ft</td></tr>
<tr><td>Speed: 0.2 mph</td></tr>
<tr><td>Heading: 284.8</td></tr>
<tr><td>Time: 2025-09-29T18:20:16Z</td></tr>
</table>
]]></description>
            <LookAt>
              <longitude>-81.695107</longitude>
              <latitude>41.487694</latitude>
              <tilt>66</tilt>
            </LookAt>
            <TimeStamp>
              <when>2025-09-29T18:20:16Z</when>
            </TimeStamp>
            <styleUrl>#track</styleUrl>
            <Point>
              <coordinates>-81.695107,41.487694,191.40</coordinates>
            </Point>
          </Placemark>
          <Placemark>
            <name>Tow-83</name>
            <snippet/>
            <description><![CDATA[
<table>
<tr><td>Longitude: -81.695071</td></tr>
<tr><td>Latitude: 41.487665</td></tr>
<tr><td>Altitude: 628.609 ft</td></tr>
<tr><td>Speed: 0.4 mph</td></tr>
<tr><td>Heading: 137.0</td></tr>
<tr><td>Time: 2025-09-29T18:20:41Z</td></tr>
</table>
]]></description>
            <LookAt>
              <longitude>-81.695071</longitude>
              <latitude>41.487665</latitude>
              <tilt>66</tilt>
            </LookAt>
            <TimeStamp>
              <when>2025-09-29T18:20:41Z</when>
            </TimeStamp>
            <styleUrl>#track</styleUrl>
            <Point>
              <coordinates>-81.695071,41.487665,191.60</coordinates>
            </Point>
          </Placemark>
          <Placemark>
            <name>Tow-84</name>
            <snippet/>
            <description><![CDATA[
<table>
<tr><td>Longitude: -81.695010</td></tr>
<tr><td>Latitude: 41.487624</td></tr>
<tr><td>Altitude: 629.921 ft</td></tr>
<tr><td>Speed: 5.1 mph</td></tr>
<tr><td>Heading: 132.3</td></tr>
<tr><td>Time: 2025-09-29T18:20:44Z</td></tr>
</table>
]]></description>
            <LookAt>
              <longitude>-81.695010</longitude>
              <latitude>41.487624</latitude>
              <tilt>66</tilt>
            </LookAt>
            <TimeStamp>
              <when>2025-09-29T18:20:44Z</when>
            </TimeStamp>
            <styleUrl>#track</styleUrl>
            <Point>
              <coordinates>-81.695010,41.487624,192.00</coordinates>
            </Point>
          </Placemark>
          <Placemark>
            <name>Tow-85</name>
            <snippet/>
            <description><![CDATA[
<table>
<tr><td>Longitude: -81.694856</td></tr>
<tr><td>Latitude: 41.487523</td></tr>
<tr><td>Altitude: 626.640 ft</td></tr>
<tr><td>Speed: 6.4 mph</td></tr>
<tr><td>Heading: 131.1</td></tr>
<tr><td>Time: 2025-09-29T18:20:50Z</td></tr>
</table>
]]></description>
            <LookAt>
              <longitude>-81.694856</longitude>
              <latitude>41.487523</latitude>
              <tilt>66</tilt>
            </LookAt>
            <TimeStamp>
              <when>2025-09-29T18:20:50Z</when>
            </TimeStamp>
            <styleUrl>#track</styleUrl>
            <Point>
              <coordinates>-81.694856,41.487523,191.00</coordinates>
            </Point>
          </Placemark>
          <Placemark>
            <name>Tow-86</name>
            <snippet/>
            <description><![CDATA[
<table>
<tr><td>Longitude: -81.694635</td></tr>
<tr><td>Latitude: 41.487383</td></tr>
<tr><td>Altitude: 622.047 ft</td></tr>
<tr><td>Speed: 7.7 mph</td></tr>
<tr><td>Heading: 130.1</td></tr>
<tr><td>Time: 2025-09-29T18:20:57Z</td></tr>
</table>
]]></description>
            <LookAt>
              <longitude>-81.694635</longitude>
              <latitude>41.487383</latitude>
              <tilt>66</tilt>
            </LookAt>
            <TimeStamp>
              <when>2025-09-29T18:20:57Z</when>
            </TimeStamp>
            <styleUrl>#track</styleUrl>
            <Point>
              <coordinates>-81.694635,41.487383,189.60</coordinates>
            </Point>
          </Placemark>
          <Placemark>
            <name>Tow-87</name>
            <snippet/>
            <description><![CDATA[
<table>
<tr><td>Longitude: -81.694349</td></tr>
<tr><td>Latitude: 41.487189</td></tr>
<tr><td>Altitude: 616.798 ft</td></tr>
<tr><td>Speed: 12.0 mph</td></tr>
<tr><td>Heading: 132.1</td></tr>
<tr><td>Time: 2025-09-29T18:21:03Z</td></tr>
</table>
]]></description>
            <LookAt>
              <longitude>-81.694349</longitude>
              <latitude>41.487189</latitude>
              <tilt>66</tilt>
            </LookAt>
            <TimeStamp>
              <when>2025-09-29T18:21:03Z</when>
            </TimeStamp>
            <styleUrl>#track</styleUrl>
            <Point>
              <coordinates>-81.694349,41.487189,188.00</coordinates>
            </Point>
          </Placemark>
          <Placemark>
            <name>Tow-88</name>
            <snippet/>
            <description><![CDATA[
<table>
<tr><td>Longitude: -81.693921</td></tr>
<tr><td>Latitude: 41.486906</td></tr>
<tr><td>Altitude: 606.955 ft</td></tr>
<tr><td>Speed: 13.3 mph</td></tr>
<tr><td>Heading: 131.5</td></tr>
<tr><td>Time: 2025-09-29T18:21:11Z</td></tr>
</table>
]]></description>
            <LookAt>
              <longitude>-81.693921</longitude>
              <latitude>41.486906</latitude>
              <tilt>66</tilt>
            </LookAt>
            <TimeStamp>
              <when>2025-09-29T18:21:11Z</when>
            </TimeStamp>
            <styleUrl>#track</styleUrl>
            <Point>
              <coordinates>-81.693921,41.486906,185.00</coordinates>
            </Point>
          </Placemark>
          <Placemark>
            <name>Tow-89</name>
            <snippet/>
            <description><![CDATA[
<table>
<tr><td>Longitude: -81.693757</td></tr>
<tr><td>Latitude: 41.486772</td></tr>
<tr><td>Altitude: 602.362 ft</td></tr>
<tr><td>Speed: 15.1 mph</td></tr>
<tr><td>Heading: 137.5</td></tr>
<tr><td>Time: 2025-09-29T18:21:14Z</td></tr>
</table>
]]></description>
            <LookAt>
              <longitude>-81.693757</longitude>
              <latitude>41.486772</latitude>
              <tilt>66</tilt>
            </LookAt>
            <TimeStamp>
              <when>2025-09-29T18:21:14Z</when>
            </TimeStamp>
            <styleUrl>#track</styleUrl>
            <Point>
              <coordinates>-81.693757,41.486772,183.60</coordinates>
            </Point>
          </Placemark>
          <Placemark>
            <name>Tow-90</name>
            <snippet/>
            <description><![CDATA[
<table>
<tr><td>Longitude: -81.693674</td></tr>
<tr><td>Latitude: 41.486681</td></tr>
<tr><td>Altitude: 600.394 ft</td></tr>
<tr><td>Speed: 13.7 mph</td></tr>
<tr><td>Heading: 145.9</td></tr>
<tr><td>Time: 2025-09-29T18:21:16Z</td></tr>
</table>
]]></description>
            <LookAt>
              <longitude>-81.693674</longitude>
              <latitude>41.486681</latitude>
              <tilt>66</tilt>
            </LookAt>
            <TimeStamp>
              <when>2025-09-29T18:21:16Z</when>
            </TimeStamp>
            <styleUrl>#track</styleUrl>
            <Point>
              <coordinates>-81.693674,41.486681,183.00</coordinates>
            </Point>
          </Placemark>
          <Placemark>
            <name>Tow-91</name>
            <snippet/>
            <description><![CDATA[
<table>
<tr><td>Longitude: -81.693598</td></tr>
<tr><td>Latitude: 41.486618</td></tr>
<tr><td>Altitude: 598.425 ft</td></tr>
<tr><td>Speed: 7.1 mph</td></tr>
<tr><td>Heading: 137.6</td></tr>
<tr><td>Time: 2025-09-29T18:21:19Z</td></tr>
</table>
]]></description>
            <LookAt>
              <longitude>-81.693598</longitude>
              <latitude>41.486618</latitude>
              <tilt>66</tilt>
            </LookAt>
            <TimeStamp>
              <when>2025-09-29T18:21:19Z</when>
            </TimeStamp>
            <styleUrl>#track</styleUrl>
            <Point>
              <coordinates>-81.693598,41.486618,182.40</coordinates>
            </Point>
          </Placemark>
          <Placemark>
            <name>Tow-92</name>
            <snippet/>
            <description><![CDATA[
<table>
<tr><td>Longitude: -81.693565</td></tr>
<tr><td>Latitude: 41.486620</td></tr>
<tr><td>Altitude: 597.769 ft</td></tr>
<tr><td>Speed: 0.2 mph</td></tr>
<tr><td>Heading: 85.8</td></tr>
<tr><td>Time: 2025-09-29T18:21:48Z</td></tr>
</table>
]]></description>
            <LookAt>
              <longitude>-81.693565</longitude>
              <latitude>41.486620</latitude>
              <tilt>66</tilt>
            </LookAt>
            <TimeStamp>
              <when>2025-09-29T18:21:48Z</when>
            </TimeStamp>
            <styleUrl>#track</styleUrl>
            <Point>
              <coordinates>-81.693565,41.486620,182.20</coordinates>
            </Point>
          </Placemark>
          <Placemark>
            <name>Tow-93</name>
            <snippet/>
            <description><![CDATA[
<table>
<tr><td>Longitude: -81.693544</td></tr>
<tr><td>Latitude: 41.486622</td></tr>
<tr><td>Altitude: 597.769 ft</td></tr>
<tr><td>Speed: 4.1 mph</td></tr>
<tr><td>Heading: 83.8</td></tr>
<tr><td>Time: 2025-09-29T18:21:49Z</td></tr>
</table>
]]></description>
            <LookAt>
              <longitude>-81.693544</longitude>
              <latitude>41.486622</latitude>
              <tilt>66</tilt>
            </LookAt>
            <TimeStamp>
              <when>2025-09-29T18:21:49Z</when>
            </TimeStamp>
            <styleUrl>#track</styleUrl>
            <Point>
              <coordinates>-81.693544,41.486622,182.20</coordinates>
            </Point>
          </Placemark>
          <Placemark>
            <name>Tow-94</name>
            <snippet/>
            <description><![CDATA[
<table>
<tr><td>Longitude: -81.693421</td></tr>
<tr><td>Latitude: 41.486593</td></tr>
<tr><td>Altitude: 597.113 ft</td></tr>
<tr><td>Speed: 6.0 mph</td></tr>
<tr><td>Heading: 107.5</td></tr>
<tr><td>Time: 2025-09-29T18:21:53Z</td></tr>
</table>
]]></description>
            <LookAt>
              <longitude>-81.693421</longitude>
              <latitude>41.486593</latitude>
              <tilt>66</tilt>
            </LookAt>
            <TimeStamp>
              <when>2025-09-29T18:21:53Z</when>
            </TimeStamp>
            <styleUrl>#track</styleUrl>
            <Point>
              <coordinates>-81.693421,41.486593,182.00</coordinates>
            </Point>
          </Placemark>
          <Placemark>
            <name>Tow-95</name>
            <snippet/>
            <description><![CDATA[
<table>
<tr><td>Longitude: -81.693291</td></tr>
<tr><td>Latitude: 41.486499</td></tr>
<tr><td>Altitude: 601.050 ft</td></tr>
<tr><td>Speed: 5.6 mph</td></tr>
<tr><td>Heading: 133.8</td></tr>
<tr><td>Time: 2025-09-29T18:21:59Z</td></tr>
</table>
]]></description>
            <LookAt>
              <longitude>-81.693291</longitude>
              <latitude>41.486499</latitude>
              <tilt>66</tilt>
            </LookAt>
            <TimeStamp>
              <when>2025-09-29T18:21:59Z</when>
            </TimeStamp>
            <styleUrl>#track</styleUrl>
            <Point>
              <coordinates>-81.693291,41.486499,183.20</coordinates>
            </Point>
          </Placemark>
          <Placemark>
            <name>Tow-96</name>
            <snippet/>
            <description><![CDATA[
<table>
<tr><td>Longitude: -81.693165</td></tr>
<tr><td>Latitude: 41.486422</td></tr>
<tr><td>Altitude: 600.394 ft</td></tr>
<tr><td>Speed: 6.0 mph</td></tr>
<tr><td>Heading: 129.2</td></tr>
<tr><td>Time: 2025-09-29T18:22:04Z</td></tr>
</table>
]]></description>
            <LookAt>
              <longitude>-81.693165</longitude>
              <latitude>41.486422</latitude>
              <tilt>66</tilt>
            </LookAt>
            <TimeStamp>
              <when>2025-09-29T18:22:04Z</when>
            </TimeStamp>
            <styleUrl>#track</styleUrl>
            <Point>
              <coordinates>-81.693165,41.486422,183.00</coordinates>
            </Point>
          </Placemark>
          <Placemark>
            <name>Tow-97</name>
            <snippet/>
            <description><![CDATA[
<table>
<tr><td>Longitude: -81.692970</td></tr>
<tr><td>Latitude: 41.486341</td></tr>
<tr><td>Altitude: 601.706 ft</td></tr>
<tr><td>Speed: 6.0 mph</td></tr>
<tr><td>Heading: 119.2</td></tr>
<tr><td>Time: 2025-09-29T18:22:11Z</td></tr>
</table>
]]></description>
            <LookAt>
              <longitude>-81.692970</longitude>
              <latitude>41.486341</latitude>
              <tilt>66</tilt>
            </LookAt>
            <TimeStamp>
              <when>2025-09-29T18:22:11Z</when>
            </TimeStamp>
            <styleUrl>#track</styleUrl>
            <Point>
              <coordinates>-81.692970,41.486341,183.40</coordinates>
            </Point>
          </Placemark>
          <Placemark>
            <name>Tow-98</name>
            <snippet/>
            <description><![CDATA[
<table>
<tr><td>Longitude: -81.692794</td></tr>
<tr><td>Latitude: 41.486293</td></tr>
<tr><td>Altitude: 602.362 ft</td></tr>
<tr><td>Speed: 5.0 mph</td></tr>
<tr><td>Heading: 110.0</td></tr>
<tr><td>Time: 2025-09-29T18:22:18Z</td></tr>
</table>
]]></description>
            <LookAt>
              <longitude>-81.692794</longitude>
              <latitude>41.486293</latitude>
              <tilt>66</tilt>
            </LookAt>
            <TimeStamp>
              <when>2025-09-29T18:22:18Z</when>
            </TimeStamp>
            <styleUrl>#track</styleUrl>
            <Point>
              <coordinates>-81.692794,41.486293,183.60</coordinates>
            </Point>
          </Placemark>
          <Placemark>
            <name>Tow-99</name>
            <snippet/>
            <description><![CDATA[
<table>
<tr><td>Longitude: -81.692648</td></tr>
<tr><td>Latitude: 41.486255</td></tr>
<tr><td>Altitude: 603.018 ft</td></tr>
<tr><td>Speed: 4.8 mph</td></tr>
<tr><td>Heading: 109.0</td></tr>
<tr><td>Time: 2025-09-29T18:22:24Z</td></tr>
</table>
]]></description>
            <LookAt>
              <longitude>-81.692648</longitude>
              <latitude>41.486255</latitude>
              <tilt>66</tilt>
            </LookAt>
            <TimeStamp>
              <when>2025-09-29T18:22:24Z</when>
            </TimeStamp>
            <styleUrl>#track</styleUrl>
            <Point>
              <coordinates>-81.692648,41.486255,183.80</coordinates>
            </Point>
          </Placemark>
          <Placemark>
            <name>Tow-100</name>
            <snippet/>
            <description><![CDATA[
<table>
<tr><td>Longitude: -81.692500</td></tr>
<tr><td>Latitude: 41.486180</td></tr>
<tr><td>Altitude: 608.268 ft</td></tr>
<tr><td>Speed: 4.8 mph</td></tr>
<tr><td>Heading: 123.9</td></tr>
<tr><td>Time: 2025-09-29T18:22:31Z</td></tr>
</table>
]]></description>
            <LookAt>
              <longitude>-81.692500</longitude>
              <latitude>41.486180</latitude>
              <tilt>66</tilt>
            </LookAt>
            <TimeStamp>
              <when>2025-09-29T18:22:31Z</when>
            </TimeStamp>
            <styleUrl>#track</styleUrl>
            <Point>
              <coordinates>-81.692500,41.486180,185.40</coordinates>
            </Point>
          </Placemark>
          <Placemark>
            <name>Tow-101</name>
            <snippet/>
            <description><![CDATA[
<table>
<tr><td>Longitude: -81.692405</td></tr>
<tr><td>Latitude: 41.486102</td></tr>
<tr><td>Altitude: 602.362 ft</td></tr>
<tr><td>Speed: 5.3 mph</td></tr>
<tr><td>Heading: 137.9</td></tr>
<tr><td>Time: 2025-09-29T18:22:36Z</td></tr>
</table>
]]></description>
            <LookAt>
              <longitude>-81.692405</longitude>
              <latitude>41.486102</latitude>
              <tilt>66</tilt>
            </LookAt>
            <TimeStamp>
              <when>2025-09-29T18:22:36Z</when>
            </TimeStamp>
            <styleUrl>#track</styleUrl>
            <Point>
              <coordinates>-81.692405,41.486102,183.60</coordinates>
            </Point>
          </Placemark>
          <Placemark>
            <name>Tow-102</name>
            <snippet/>
            <description><![CDATA[
<table>
<tr><td>Longitude: -81.692318</td></tr>
<tr><td>Latitude: 41.486036</td></tr>
<tr><td>Altitude: 603.675 ft</td></tr>
<tr><td>Speed: 4.6 mph</td></tr>
<tr><td>Heading: 135.2</td></tr>
<tr><td>Time: 2025-09-29T18:22:41Z</td></tr>
</table>
]]></description>
            <LookAt>
              <longitude>-81.692318</longitude>
              <latitude>41.486036</latitude>
              <tilt>66</tilt>
            </LookAt>
            <TimeStamp>
              <when>2025-09-29T18:22:41Z</when>
            </TimeStamp>
            <styleUrl>#track</styleUrl>
            <Point>
              <coordinates>-81.692318,41.486036,184.00</coordinates>
            </Point>
          </Placemark>
          <Placemark>
            <name>Tow-103</name>
            <snippet/>
            <description><![CDATA[
<table>
<tr><td>Longitude: -81.692327</td></tr>
<tr><td>Latitude: 41.485981</td></tr>
<tr><td>Altitude: 605.643 ft</td></tr>
<tr><td>Speed: 0.3 mph</td></tr>
<tr><td>Heading: 186.9</td></tr>
<tr><td>Time: 2025-09-29T18:23:25Z</td></tr>
</table>
]]></description>
            <LookAt>
              <longitude>-81.692327</longitude>
              <latitude>41.485981</latitude>
              <tilt>66</tilt>
            </LookAt>
            <TimeStamp>
              <when>2025-09-29T18:23:25Z</when>
            </TimeStamp>
            <styleUrl>#track</styleUrl>
            <Point>
              <coordinates>-81.692327,41.485981,184.60</coordinates>
            </Point>
          </Placemark>
          <Placemark>
            <name>Tow-104</name>
            <snippet/>
            <description><![CDATA[
<table>
<tr><td>Longitude: -81.692337</td></tr>
<tr><td>Latitude: 41.485927</td></tr>
<tr><td>Altitude: 605.643 ft</td></tr>
<tr><td>Speed: 4.5 mph</td></tr>
<tr><td>Heading: 188.1</td></tr>
<tr><td>Time: 2025-09-29T18:23:28Z</td></tr>
</table>
]]></description>
            <LookAt>
              <longitude>-81.692337</longitude>
              <latitude>41.485927</latitude>
              <tilt>66</tilt>
            </LookAt>
            <TimeStamp>
              <when>2025-09-29T18:23:28Z</when>
            </TimeStamp>
            <styleUrl>#track</styleUrl>
            <Point>
              <coordinates>-81.692337,41.485927,184.60</coordinates>
            </Point>
          </Placemark>
          <Placemark>
            <name>Tow-105</name>
            <snippet/>
            <description><![CDATA[
<table>
<tr><td>Longitude: -81.692416</td></tr>
<tr><td>Latitude: 41.485726</td></tr>
<tr><td>Altitude: 606.299 ft</td></tr>
<tr><td>Speed: 5.8 mph</td></tr>
<tr><td>Heading: 196.3</td></tr>
<tr><td>Time: 2025-09-29T18:23:37Z</td></tr>
</table>
]]></description>
            <LookAt>
              <longitude>-81.692416</longitude>
              <latitude>41.485726</latitude>
              <tilt>66</tilt>
            </LookAt>
            <TimeStamp>
              <when>2025-09-29T18:23:37Z</when>
            </TimeStamp>
            <styleUrl>#track</styleUrl>
            <Point>
              <coordinates>-81.692416,41.485726,184.80</coordinates>
            </Point>
          </Placemark>
          <Placemark>
            <name>Tow-106</name>
            <snippet/>
            <description><![CDATA[
<table>
<tr><td>Longitude: -81.692509</td></tr>
<tr><td>Latitude: 41.485570</td></tr>
<tr><td>Altitude: 606.955 ft</td></tr>
<tr><td>Speed: 5.3 mph</td></tr>
<tr><td>Heading: 204.1</td></tr>
<tr><td>Time: 2025-09-29T18:23:45Z</td></tr>
</table>
]]></description>
            <LookAt>
              <longitude>-81.692509</longitude>
              <latitude>41.485570</latitude>
              <tilt>66</tilt>
            </LookAt>
            <TimeStamp>
              <when>2025-09-29T18:23:45Z</when>
            </TimeStamp>
            <styleUrl>#track</styleUrl>
            <Point>
              <coordinates>-81.692509,41.485570,185.00</coordinates>
            </Point>
          </Placemark>
          <Placemark>
            <name>Tow-107</name>
            <snippet/>
            <description><![CDATA[
<table>
<tr><td>Longitude: -81.692567</td></tr>
<tr><td>Latitude: 41.485448</td></tr>
<tr><td>Altitude: 611.549 ft</td></tr>
<tr><td>Speed: 5.4 mph</td></tr>
<tr><td>Heading: 199.5</td></tr>
<tr><td>Time: 2025-09-29T18:23:51Z</td></tr>
</table>
]]></description>
            <LookAt>
              <longitude>-81.692567</longitude>
              <latitude>41.485448</latitude>
              <tilt>66</tilt>
            </LookAt>
            <TimeStamp>
              <when>2025-09-29T18:23:51Z</when>
            </TimeStamp>
            <styleUrl>#track</styleUrl>
            <Point>
              <coordinates>-81.692567,41.485448,186.40</coordinates>
            </Point>
          </Placemark>
          <Placemark>
            <name>Tow-108</name>
            <snippet/>
            <description><![CDATA[
<table>
<tr><td>Longitude: -81.692607</td></tr>
<tr><td>Latitude: 41.485322</td></tr>
<tr><td>Altitude: 613.517 ft</td></tr>
<tr><td>Speed: 4.6 mph</td></tr>
<tr><td>Heading: 193.4</td></tr>
<tr><td>Time: 2025-09-29T18:23:58Z</td></tr>
</table>
]]></description>
            <LookAt>
              <longitude>-81.692607</longitude>
              <latitude>41.485322</latitude>
              <tilt>66</tilt>
            </LookAt>
            <TimeStamp>
              <when>2025-09-29T18:23:58Z</when>
            </TimeStamp>
            <styleUrl>#track</styleUrl>
            <Point>
              <coordinates>-81.692607,41.485322,187.00</coordinates>
            </Point>
          </Placemark>
          <Placemark>
            <name>Tow-109</name>
            <snippet/>
            <description><![CDATA[
<table>
<tr><td>Longitude: -81.692618</td></tr>
<tr><td>Latitude: 41.485216</td></tr>
<tr><td>Altitude: 614.173 ft</td></tr>
<tr><td>Speed: 4.4 mph</td></tr>
<tr><td>Heading: 184.6</td></tr>
<tr><td>Time: 2025-09-29T18:24:04Z</td></tr>
</table>
]]></description>
            <LookAt>
              <longitude>-81.692618</longitude>
              <latitude>41.485216</latitude>
              <tilt>66</tilt>
            </LookAt>
            <TimeStamp>
              <when>2025-09-29T18:24:04Z</when>
            </TimeStamp>
            <styleUrl>#track</styleUrl>
            <Point>
              <coordinates>-81.692618,41.485216,187.20</coordinates>
            </Point>
          </Placemark>
          <Placemark>
            <name>Tow-110</name>
            <snippet/>
            <description><![CDATA[
<table>
<tr><td>Longitude: -81.692579</td></tr>
<tr><td>Latitude: 41.485126</td></tr>
<tr><td>Altitude: 614.829 ft</td></tr>
<tr><td>Speed: 4.7 mph</td></tr>
<tr><td>Heading: 162.0</td></tr>
<tr><td>Time: 2025-09-29T18:24:09Z</td></tr>
</table>
]]></description>
            <LookAt>
              <longitude>-81.692579</longitude>
              <latitude>41.485126</latitude>
              <tilt>66</tilt>
            </LookAt>
            <TimeStamp>
              <when>2025-09-29T18:24:09Z</when>
            </TimeStamp>
            <styleUrl>#track</styleUrl>
            <Point>
              <coordinates>-81.692579,41.485126,187.40</coordinates>
            </Point>
          </Placemark>
          <Placemark>
            <name>Tow-111</name>
            <snippet/>
            <description><![CDATA[
<table>
<tr><td>Longitude: -81.692529</td></tr>
<tr><td>Latitude: 41.485024</td></tr>
<tr><td>Altitude: 618.766 ft</td></tr>
<tr><td>Speed: 4.5 mph</td></tr>
<tr><td>Heading: 159.6</td></tr>
<tr><td>Time: 2025-09-29T18:24:15Z</td></tr>
</table>
]]></description>
            <LookAt>
              <longitude>-81.692529</longitude>
              <latitude>41.485024</latitude>
              <tilt>66</tilt>
            </LookAt>
            <TimeStamp>
              <when>2025-09-29T18:24:15Z</when>
            </TimeStamp>
            <styleUrl>#track</styleUrl>
            <Point>
              <coordinates>-81.692529,41.485024,188.60</coordinates>
            </Point>
          </Placemark>
          <Placemark>
            <name>Tow-112</name>
            <snippet/>
            <description><![CDATA[
<table>
<tr><td>Longitude: -81.692460</td></tr>
<tr><td>Latitude: 41.484954</td></tr>
<tr><td>Altitude: 622.703 ft</td></tr>
<tr><td>Speed: 4.4 mph</td></tr>
<tr><td>Heading: 143.9</td></tr>
<tr><td>Time: 2025-09-29T18:24:20Z</td></tr>
</table>
]]></description>
            <LookAt>
              <longitude>-81.692460</longitude>
              <latitude>41.484954</latitude>
              <tilt>66</tilt>
            </LookAt>
            <TimeStamp>
              <when>2025-09-29T18:24:20Z</when>
            </TimeStamp>
            <styleUrl>#track</styleUrl>
            <Point>
              <coordinates>-81.692460,41.484954,189.80</coordinates>
            </Point>
          </Placemark>
          <Placemark>
            <name>Tow-113</name>
            <snippet/>
            <description><![CDATA[
<table>
<tr><td>Longitude: -81.692374</td></tr>
<tr><td>Latitude: 41.484893</td></tr>
<tr><td>Altitude: 627.297 ft</td></tr>
<tr><td>Speed: 4.4 mph</td></tr>
<tr><td>Heading: 133.0</td></tr>
<tr><td>Time: 2025-09-29T18:24:25Z</td></tr>
</table>
]]></description>
            <LookAt>
              <longitude>-81.692374</longitude>
              <latitude>41.484893</latitude>
              <tilt>66</tilt>
            </LookAt>
            <TimeStamp>
              <when>2025-09-29T18:24:25Z</when>
            </TimeStamp>
            <styleUrl>#track</styleUrl>
            <Point>
              <coordinates>-81.692374,41.484893,191.20</coordinates>
            </Point>
          </Placemark>
          <Placemark>
            <name>Tow-114</name>
            <snippet/>
            <description><![CDATA[
<table>
<tr><td>Longitude: -81.692273</td></tr>
<tr><td>Latitude: 41.484830</td></tr>
<tr><td>Altitude: 632.546 ft</td></tr>
<tr><td>Speed: 4.1 mph</td></tr>
<tr><td>Heading: 130.1</td></tr>
<tr><td>Time: 2025-09-29T18:24:31Z</td></tr>
</table>
]]></description>
            <LookAt>
              <longitude>-81.692273</longitude>
              <latitude>41.484830</latitude>
              <tilt>66</tilt>
            </LookAt>
            <TimeStamp>
              <when>2025-09-29T18:24:31Z</when>
            </TimeStamp>
            <styleUrl>#track</styleUrl>
            <Point>
              <coordinates>-81.692273,41.484830,192.80</coordinates>
            </Point>
          </Placemark>
          <Placemark>
            <name>Tow-115</name>
            <snippet/>
            <description><![CDATA[
<table>
<tr><td>Longitude: -81.692192</td></tr>
<tr><td>Latitude: 41.484801</td></tr>
<tr><td>Altitude: 635.171 ft</td></tr>
<tr><td>Speed: 3.4 mph</td></tr>
<tr><td>Heading: 115.4</td></tr>
<tr><td>Time: 2025-09-29T18:24:36Z</td></tr>
</table>
]]></description>
            <LookAt>
              <longitude>-81.692192</longitude>
              <latitude>41.484801</latitude>
              <tilt>66</tilt>
            </LookAt>
            <TimeStamp>
              <when>2025-09-29T18:24:36Z</when>
            </TimeStamp>
            <styleUrl>#track</styleUrl>
            <Point>
              <coordinates>-81.692192,41.484801,193.60</coordinates>
            </Point>
          </Placemark>
          <Placemark>
            <name>Tow-116</name>
            <snippet/>
            <description><![CDATA[
<table>
<tr><td>Longitude: -81.692107</td></tr>
<tr><td>Latitude: 41.484776</td></tr>
<tr><td>Altitude: 637.795 ft</td></tr>
<tr><td>Speed: 3.4 mph</td></tr>
<tr><td>Heading: 111.4</td></tr>
<tr><td>Time: 2025-09-29T18:24:41Z</td></tr>
</table>
]]></description>
            <LookAt>
              <longitude>-81.692107</longitude>
              <latitude>41.484776</latitude>
              <tilt>66</tilt>
            </LookAt>
            <TimeStamp>
              <when>2025-09-29T18:24:41Z</when>
            </TimeStamp>
            <styleUrl>#track</styleUrl>
            <Point>
              <coordinates>-81.692107,41.484776,194.40</coordinates>
            </Point>
          </Placemark>
          <Placemark>
            <name>Tow-117</name>
            <snippet/>
            <description><![CDATA[
<table>
<tr><td>Longitude: -81.692092</td></tr>
<tr><td>Latitude: 41.484770</td></tr>
<tr><td>Altitude: 637.795 ft</td></tr>
<tr><td>Speed: 3.0 mph</td></tr>
<tr><td>Heading: 117.8</td></tr>
<tr><td>Time: 2025-09-29T18:24:42Z</td></tr>
</table>
]]></description>
            <LookAt>
              <longitude>-81.692092</longitude>
              <latitude>41.484770</latitude>
              <tilt>66</tilt>
            </LookAt>
            <TimeStamp>
              <when>2025-09-29T18:24:42Z</when>
            </TimeStamp>
            <styleUrl>#track</styleUrl>
            <Point>
              <coordinates>-81.692092,41.484770,194.40</coordinates>
            </Point>
          </Placemark>
          <Placemark>
            <name>Tow-118</name>
            <snippet/>
            <description><![CDATA[
<table>
<tr><td>Longitude: -81.692053</td></tr>
<tr><td>Latitude: 41.484765</td></tr>
<tr><td>Altitude: 639.108 ft</td></tr>
<tr><td>Speed: 3.8 mph</td></tr>
<tr><td>Heading: 100.2</td></tr>
<tr><td>Time: 2025-09-29T18:24:44Z</td></tr>
</table>
]]></description>
            <LookAt>
              <longitude>-81.692053</longitude>
              <latitude>41.484765</latitude>
              <tilt>66</tilt>
            </LookAt>
            <TimeStamp>
              <when>2025-09-29T18:24:44Z</when>
            </TimeStamp>
            <styleUrl>#track</styleUrl>
            <Point>
              <coordinates>-81.692053,41.484765,194.80</coordinates>
            </Point>
          </Placemark>
          <Placemark>
            <name>Tow-119</name>
            <snippet/>
            <description><![CDATA[
<table>
<tr><td>Longitude: -81.691986</td></tr>
<tr><td>Latitude: 41.484767</td></tr>
<tr><td>Altitude: 641.076 ft</td></tr>
<tr><td>Speed: 3.1 mph</td></tr>
<tr><td>Heading: 88.2</td></tr>
<tr><td>Time: 2025-09-29T18:24:48Z</td></tr>
</table>
]]></description>
            <LookAt>
              <longitude>-81.691986</longitude>
              <latitude>41.484767</latitude>
              <tilt>66</tilt>
            </LookAt>
            <TimeStamp>
              <when>2025-09-29T18:24:48Z</when>
            </TimeStamp>
            <styleUrl>#track</styleUrl>
            <Point>
              <coordinates>-81.691986,41.484767,195.40</coordinates>
            </Point>
          </Placemark>
          <Placemark>
            <name>Tow-120</name>
            <snippet/>
            <description><![CDATA[
<table>
<tr><td>Longitude: -81.691957</td></tr>
<tr><td>Latitude: 41.484768</td></tr>
<tr><td>Altitude: 642.388 ft</td></tr>
<tr><td>Speed: 2.7 mph</td></tr>
<tr><td>Heading: 86.7</td></tr>
<tr><td>Time: 2025-09-29T18:24:50Z</td></tr>
</table>
]]></description>
            <LookAt>
              <longitude>-81.691957</longitude>
              <latitude>41.484768</latitude>
              <tilt>66</tilt>
            </LookAt>
            <TimeStamp>
              <when>2025-09-29T18:24:50Z</when>
            </TimeStamp>
            <styleUrl>#track</styleUrl>
            <Point>
              <coordinates>-81.691957,41.484768,195.80</coordinates>
            </Point>
          </Placemark>
          <Placemark>
            <name>Tow-121</name>
            <snippet/>
            <description><![CDATA[
<table>
<tr><td>Longitude: -81.691898</td></tr>
<tr><td>Latitude: 41.484770</td></tr>
<tr><td>Altitude: 644.357 ft</td></tr>
<tr><td>Speed: 2.7 mph</td></tr>
<tr><td>Heading: 86.9</td></tr>
<tr><td>Time: 2025-09-29T18:24:54Z</td></tr>
</table>
]]></description>
            <LookAt>
              <longitude>-81.691898</longitude>
              <latitude>41.484770</latitude>
              <tilt>66</tilt>
            </LookAt>
            <TimeStamp>
              <when>2025-09-29T18:24:54Z</when>
            </TimeStamp>
            <styleUrl>#track</styleUrl>
            <Point>
              <coordinates>-81.691898,41.484770,196.40</coordinates>
            </Point>
          </Placemark>
          <Placemark>
            <name>Tow-122</name>
            <snippet/>
            <description><![CDATA[
<table>
<tr><td>Longitude: -81.691777</td></tr>
<tr><td>Latitude: 41.484768</td></tr>
<tr><td>Altitude: 643.045 ft</td></tr>
<tr><td>Speed: 3.8 mph</td></tr>
<tr><td>Heading: 91.4</td></tr>
<tr><td>Time: 2025-09-29T18:25:00Z</td></tr>
</table>
]]></description>
            <LookAt>
              <longitude>-81.691777</longitude>
              <latitude>41.484768</latitude>
              <tilt>66</tilt>
            </LookAt>
            <TimeStamp>
              <when>2025-09-29T18:25:00Z</when>
            </TimeStamp>
            <styleUrl>#track</styleUrl>
            <Point>
              <coordinates>-81.691777,41.484768,196.00</coordinates>
            </Point>
          </Placemark>
          <Placemark>
            <name>Tow-123</name>
            <snippet/>
            <description><![CDATA[
<table>
<tr><td>Longitude: -81.691652</td></tr>
<tr><td>Latitude: 41.484746</td></tr>
<tr><td>Altitude: 642.388 ft</td></tr>
<tr><td>Speed: 4.0 mph</td></tr>
<tr><td>Heading: 103.4</td></tr>
<tr><td>Time: 2025-09-29T18:25:06Z</td></tr>
</table>
]]></description>
            <LookAt>
              <longitude>-81.691652</longitude>
              <latitude>41.484746</latitude>
              <tilt>66</tilt>
            </LookAt>
            <TimeStamp>
              <when>2025-09-29T18:25:06Z</when>
            </TimeStamp>
            <styleUrl>#track</styleUrl>
            <Point>
              <coordinates>-81.691652,41.484746,195.80</coordinates>
            </Point>
          </Placemark>
          <Placemark>
            <name>Tow-124</name>
            <snippet/>
            <description><![CDATA[
<table>
<tr><td>Longitude: -81.691602</td></tr>
<tr><td>Latitude: 41.484670</td></tr>
<tr><td>Altitude: 637.795 ft</td></tr>
<tr><td>Speed: 4.2 mph</td></tr>
<tr><td>Heading: 153.5</td></tr>
<tr><td>Time: 2025-09-29T18:25:11Z</td></tr>
</table>
]]></description>
            <LookAt>
              <longitude>-81.691602</longitude>
              <latitude>41.484670</latitude>
              <tilt>66</tilt>
            </LookAt>
            <TimeStamp>
              <when>2025-09-29T18:25:11Z</when>
            </TimeStamp>
            <styleUrl>#track</styleUrl>
            <Point>
              <coordinates>-81.691602,41.484670,194.40</coordinates>
            </Point>
          </Placemark>
          <Placemark>
            <name>Tow-125</name>
            <snippet/>
            <description><![CDATA[
<table>
<tr><td>Longitude: -81.691582</td></tr>
<tr><td>Latitude: 41.484664</td></tr>
<tr><td>Altitude: 637.139 ft</td></tr>
<tr><td>Speed: 4.0 mph</td></tr>
<tr><td>Heading: 112.2</td></tr>
<tr><td>Time: 2025-09-29T18:25:12Z</td></tr>
</table>
]]></description>
            <LookAt>
              <longitude>-81.691582</longitude>
              <latitude>41.484664</latitude>
              <tilt>66</tilt>
            </LookAt>
            <TimeStamp>
              <when>2025-09-29T18:25:12Z</when>
            </TimeStamp>
            <styleUrl>#track</styleUrl>
            <Point>
              <coordinates>-81.691582,41.484664,194.20</coordinates>
            </Point>
          </Placemark>
          <Placemark>
            <name>Tow-126</name>
            <snippet/>
            <description><![CDATA[
<table>
<tr><td>Longitude: -81.691533</td></tr>
<tr><td>Latitude: 41.484662</td></tr>
<tr><td>Altitude: 634.515 ft</td></tr>
<tr><td>Speed: 4.6 mph</td></tr>
<tr><td>Heading: 94.2</td></tr>
<tr><td>Time: 2025-09-29T18:25:14Z</td></tr>
</table>
]]></description>
            <LookAt>
              <longitude>-81.691533</longitude>
              <latitude>41.484662</latitude>
              <tilt>66</tilt>
            </LookAt>
            <TimeStamp>
              <when>2025-09-29T18:25:14Z</when>
            </TimeStamp>
            <styleUrl>#track</styleUrl>
            <Point>
              <coordinates>-81.691533,41.484662,193.40</coordinates>
            </Point>
          </Placemark>
          <Placemark>
            <name>Tow-127</name>
            <snippet/>
            <description><![CDATA[
<table>
<tr><td>Longitude: -81.691507</td></tr>
<tr><td>Latitude: 41.484662</td></tr>
<tr><td>Altitude: 633.202 ft</td></tr>
<tr><td>Speed: 4.8 mph</td></tr>
<tr><td>Heading: 90.0</td></tr>
<tr><td>Time: 2025-09-29T18:25:15Z</td></tr>
</table>
]]></description>
            <LookAt>
              <longitude>-81.691507</longitude>
              <latitude>41.484662</latitude>
              <tilt>66</tilt>
            </LookAt>
            <TimeStamp>
              <when>2025-09-29T18:25:15Z</when>
            </TimeStamp>
            <styleUrl>#track</styleUrl>
            <Point>
              <coordinates>-81.691507,41.484662,193.00</coordinates>
            </Point>
          </Placemark>
          <Placemark>
            <name>Tow-128</name>
            <snippet/>
            <description><![CDATA[
<table>
<tr><td>Longitude: -81.691221</td></tr>
<tr><td>Latitude: 41.484642</td></tr>
<tr><td>Altitude: 618.110 ft</td></tr>
<tr><td>Speed: 6.7 mph</td></tr>
<tr><td>Heading: 95.2</td></tr>
<tr><td>Time: 2025-09-29T18:25:23Z</td></tr>
</table>
]]></description>
            <LookAt>
              <longitude>-81.691221</longitude>
              <latitude>41.484642</latitude>
              <tilt>66</tilt>
            </LookAt>
            <TimeStamp>
              <when>2025-09-29T18:25:23Z</when>
            </TimeStamp>
            <styleUrl>#track</styleUrl>
            <Point>
              <coordinates>-81.691221,41.484642,188.40</coordinates>
            </Point>
          </Placemark>
          <Placemark>
            <name>Tow-129</name>
            <snippet/>
            <description><![CDATA[
<table>
<tr><td>Longitude: -81.691004</td></tr>
<tr><td>Latitude: 41.484572</td></tr>
<tr><td>Altitude: 639.764 ft</td></tr>
<tr><td>Speed: 4.9 mph</td></tr>
<tr><td>Heading: 113.4</td></tr>
<tr><td>Time: 2025-09-29T18:25:32Z</td></tr>
</table>
]]></description>
            <LookAt>
              <longitude>-81.691004</longitude>
              <latitude>41.484572</latitude>
              <tilt>66</tilt>
            </LookAt>
            <TimeStamp>
              <when>2025-09-29T18:25:32Z</when>
            </TimeStamp>
            <styleUrl>#track</styleUrl>
            <Point>
              <coordinates>-81.691004,41.484572,195.00</coordinates>
            </Point>
          </Placemark>
          <Placemark>
            <name>Tow-130</name>
            <snippet/>
            <description><![CDATA[
<table>
<tr><td>Longitude: -81.690881</td></tr>
<tr><td>Latitude: 41.484559</td></tr>
<tr><td>Altitude: 649.606 ft</td></tr>
<tr><td>Speed: 3.8 mph</td></tr>
<tr><td>Heading: 97.5</td></tr>
<tr><td>Time: 2025-09-29T18:25:38Z</td></tr>
</table>
]]></description>
            <LookAt>
              <longitude>-81.690881</longitude>
              <latitude>41.484559</latitude>
              <tilt>66</tilt>
            </LookAt>
            <TimeStamp>
              <when>2025-09-29T18:25:38Z</when>
            </TimeStamp>
            <styleUrl>#track</styleUrl>
            <Point>
              <coordinates>-81.690881,41.484559,198.00</coordinates>
            </Point>
          </Placemark>
          <Placemark>
            <name>Tow-131</name>
            <snippet/>
            <description><![CDATA[
<table>
<tr><td>Longitude: -81.690780</td></tr>
<tr><td>Latitude: 41.484560</td></tr>
<tr><td>Altitude: 656.168 ft</td></tr>
<tr><td>Speed: 3.1 mph</td></tr>
<tr><td>Heading: 89.6</td></tr>
<tr><td>Time: 2025-09-29T18:25:44Z</td></tr>
</table>
]]></description>
            <LookAt>
              <longitude>-81.690780</longitude>
              <latitude>41.484560</latitude>
              <tilt>66</tilt>
            </LookAt>
            <TimeStamp>
              <when>2025-09-29T18:25:44Z</when>
            </TimeStamp>
            <styleUrl>#track</styleUrl>
            <Point>
              <coordinates>-81.690780,41.484560,200.00</coordinates>
            </Point>
          </Placemark>
          <Placemark>
            <name>Tow-132</name>
            <snippet/>
            <description><![CDATA[
<table>
<tr><td>Longitude: -81.690764</td></tr>
<tr><td>Latitude: 41.484569</td></tr>
<tr><td>Altitude: 656.824 ft</td></tr>
<tr><td>Speed: 0.1 mph</td></tr>
<tr><td>Heading: 51.8</td></tr>
<tr><td>Time: 2025-09-29T18:26:34Z</td></tr>
</table>
]]></description>
            <LookAt>
              <longitude>-81.690764</longitude>
              <latitude>41.484569</latitude>
              <tilt>66</tilt>
            </LookAt>
            <TimeStamp>
              <when>2025-09-29T18:26:34Z</when>
            </TimeStamp>
            <styleUrl>#track</styleUrl>
            <Point>
              <coordinates>-81.690764,41.484569,200.20</coordinates>
            </Point>
          </Placemark>
          <Placemark>
            <name>Tow-133</name>
            <snippet/>
            <description><![CDATA[
<table>
<tr><td>Longitude: -81.690723</td></tr>
<tr><td>Latitude: 41.484591</td></tr>
<tr><td>Altitude: 656.168 ft</td></tr>
<tr><td>Speed: 4.7 mph</td></tr>
<tr><td>Heading: 55.2</td></tr>
<tr><td>Time: 2025-09-29T18:26:36Z</td></tr>
</table>
]]></description>
            <LookAt>
              <longitude>-81.690723</longitude>
              <latitude>41.484591</latitude>
              <tilt>66</tilt>
            </LookAt>
            <TimeStamp>
              <when>2025-09-29T18:26:36Z</when>
            </TimeStamp>
            <styleUrl>#track</styleUrl>
            <Point>
              <coordinates>-81.690723,41.484591,200.00</coordinates>
            </Point>
          </Placemark>
          <Placemark>
            <name>Tow-134</name>
            <snippet/>
            <description><![CDATA[
<table>
<tr><td>Longitude: -81.690569</td></tr>
<tr><td>Latitude: 41.484717</td></tr>
<tr><td>Altitude: 657.480 ft</td></tr>
<tr><td>Speed: 5.3 mph</td></tr>
<tr><td>Heading: 42.7</td></tr>
<tr><td>Time: 2025-09-29T18:26:44Z</td></tr>
</table>
]]></description>
            <LookAt>
              <longitude>-81.690569</longitude>
              <latitude>41.484717</latitude>
              <tilt>66</tilt>
            </LookAt>
            <TimeStamp>
              <when>2025-09-29T18:26:44Z</when>
            </TimeStamp>
            <styleUrl>#track</styleUrl>
            <Point>
              <coordinates>-81.690569,41.484717,200.40</coordinates>
            </Point>
          </Placemark>
          <Placemark>
            <name>Tow-135</name>
            <snippet/>
            <description><![CDATA[
<table>
<tr><td>Longitude: -81.690530</td></tr>
<tr><td>Latitude: 41.484845</td></tr>
<tr><td>Altitude: 659.449 ft</td></tr>
<tr><td>Speed: 4.7 mph</td></tr>
<tr><td>Heading: 12.8</td></tr>
<tr><td>Time: 2025-09-29T18:26:51Z</td></tr>
</table>
]]></description>
            <LookAt>
              <longitude>-81.690530</longitude>
              <latitude>41.484845</latitude>
              <tilt>66</tilt>
            </LookAt>
            <TimeStamp>
              <when>2025-09-29T18:26:51Z</when>
            </TimeStamp>
            <styleUrl>#track</styleUrl>
            <Point>
              <coordinates>-81.690530,41.484845,201.00</coordinates>
            </Point>
          </Placemark>
          <Placemark>
            <name>Tow-136</name>
            <snippet/>
            <description><![CDATA[
<table>
<tr><td>Longitude: -81.690514</td></tr>
<tr><td>Latitude: 41.484993</td></tr>
<tr><td>Altitude: 661.417 ft</td></tr>
<tr><td>Speed: 5.3 mph</td></tr>
<tr><td>Heading: 4.5</td></tr>
<tr><td>Time: 2025-09-29T18:26:58Z</td></tr>
</table>
]]></description>
            <LookAt>
              <longitude>-81.690514</longitude>
              <latitude>41.484993</latitude>
              <tilt>66</tilt>
            </LookAt>
            <TimeStamp>
              <when>2025-09-29T18:26:58Z</when>
            </TimeStamp>
            <styleUrl>#track</styleUrl>
            <Point>
              <coordinates>-81.690514,41.484993,201.60</coordinates>
            </Point>
          </Placemark>
          <Placemark>
            <name>Tow-137</name>
            <snippet/>
            <description><![CDATA[
<table>
<tr><td>Longitude: -81.690442</td></tr>
<tr><td>Latitude: 41.485051</td></tr>
<tr><td>Altitude: 662.730 ft</td></tr>
<tr><td>Speed: 3.9 mph</td></tr>
<tr><td>Heading: 43.0</td></tr>
<tr><td>Time: 2025-09-29T18:27:03Z</td></tr>
</table>
]]></description>
            <LookAt>
              <longitude>-81.690442</longitude>
              <latitude>41.485051</latitude>
              <tilt>66</tilt>
            </LookAt>
            <TimeStamp>
              <when>2025-09-29T18:27:03Z</when>
            </TimeStamp>
            <styleUrl>#track</styleUrl>
            <Point>
              <coordinates>-81.690442,41.485051,202.00</coordinates>
            </Point>
          </Placemark>
          <Placemark>
            <name>Tow-138</name>
            <snippet/>
            <description><![CDATA[
<table>
<tr><td>Longitude: -81.690432</td></tr>
<tr><td>Latitude: 41.485055</td></tr>
<tr><td>Altitude: 662.730 ft</td></tr>
<tr><td>Heading: 62.1</td></tr>
<tr><td>Time: 2025-09-29T18:27:12Z</td></tr>
</table>
]]></description>
            <LookAt>
              <longitude>-81.690432</longitude>
              <latitude>41.485055</latitude>
              <tilt>66</tilt>
            </LookAt>
            <TimeStamp>
              <when>2025-09-29T18:27:12Z</when>
            </TimeStamp>
            <styleUrl>#track</styleUrl>
            <Point>
              <coordinates>-81.690432,41.485055,202.00</coordinates>
            </Point>
          </Placemark>
          <Placemark>
            <name>Tow-139</name>
            <snippet/>
            <description><![CDATA[
<table>
<tr><td>Longitude: -81.690303</td></tr>
<tr><td>Latitude: 41.485067</td></tr>
<tr><td>Altitude: 666.010 ft</td></tr>
<tr><td>Speed: 0.5 mph</td></tr>
<tr><td>Heading: 83.0</td></tr>
<tr><td>Time: 2025-09-29T18:27:59Z</td></tr>
</table>
]]></description>
            <LookAt>
              <longitude>-81.690303</longitude>
              <latitude>41.485067</latitude>
              <tilt>66</tilt>
            </LookAt>
            <TimeStamp>
              <when>2025-09-29T18:27:59Z</when>
            </TimeStamp>
            <styleUrl>#track</styleUrl>
            <Point>
              <coordinates>-81.690303,41.485067,203.00</coordinates>
            </Point>
          </Placemark>
          <Placemark>
            <name>Tow-140</name>
            <snippet/>
            <description><![CDATA[
<table>
<tr><td>Longitude: -81.690135</td></tr>
<tr><td>Latitude: 41.485052</td></tr>
<tr><td>Altitude: 665.354 ft</td></tr>
<tr><td>Speed: 5.2 mph</td></tr>
<tr><td>Heading: 96.6</td></tr>
<tr><td>Time: 2025-09-29T18:28:05Z</td></tr>
</table>
]]></description>
            <LookAt>
              <longitude>-81.690135</longitude>
              <latitude>41.485052</latitude>
              <tilt>66</tilt>
            </LookAt>
            <TimeStamp>
              <when>2025-09-29T18:28:05Z</when>
            </TimeStamp>
            <styleUrl>#track</styleUrl>
            <Point>
              <coordinates>-81.690135,41.485052,202.80</coordinates>
            </Point>
          </Placemark>
          <Placemark>
            <name>Tow-141</name>
            <snippet/>
            <description><![CDATA[
<table>
<tr><td>Longitude: -81.689879</td></tr>
<tr><td>Latitude: 41.485032</td></tr>
<tr><td>Altitude: 666.667 ft</td></tr>
<tr><td>Speed: 6.9 mph</td></tr>
<tr><td>Heading: 96.0</td></tr>
<tr><td>Time: 2025-09-29T18:28:12Z</td></tr>
</table>
]]></description>
            <LookAt>
              <longitude>-81.689879</longitude>
              <latitude>41.485032</latitude>
              <tilt>66</tilt>
            </LookAt>
            <TimeStamp>
              <when>2025-09-29T18:28:12Z</when>
            </TimeStamp>
            <styleUrl>#track</styleUrl>
            <Point>
              <coordinates>-81.689879,41.485032,203.20</coordinates>
            </Point>
          </Placemark>
          <Placemark>
            <name>Tow-142</name>
            <snippet/>
            <description><![CDATA[
<table>
<tr><td>Longitude: -81.689502</td></tr>
<tr><td>Latitude: 41.484968</td></tr>
<tr><td>Altitude: 665.354 ft</td></tr>
<tr><td>Speed: 8.0 mph</td></tr>
<tr><td>Heading: 102.7</td></tr>
<tr><td>Time: 2025-09-29T18:28:21Z</td></tr>
</table>
]]></description>
            <LookAt>
              <longitude>-81.689502</longitude>
              <latitude>41.484968</latitude>
              <tilt>66</tilt>
            </LookAt>
            <TimeStamp>
              <when>2025-09-29T18:28:21Z</when>
            </TimeStamp>
            <styleUrl>#track</styleUrl>
            <Point>
              <coordinates>-81.689502,41.484968,202.80</coordinates>
            </Point>
          </Placemark>
          <Placemark>
            <name>Tow-143</name>
            <snippet/>
            <description><![CDATA[
<table>
<tr><td>Longitude: -81.689259</td></tr>
<tr><td>Latitude: 41.484891</td></tr>
<tr><td>Altitude: 662.730 ft</td></tr>
<tr><td>Speed: 7.0 mph</td></tr>
<tr><td>Heading: 113.0</td></tr>
<tr><td>Time: 2025-09-29T18:28:28Z</td></tr>
</table>
]]></description>
            <LookAt>
              <longitude>-81.689259</longitude>
              <latitude>41.484891</latitude>
              <tilt>66</tilt>
            </LookAt>
            <TimeStamp>
              <when>2025-09-29T18:28:28Z</when>
            </TimeStamp>
            <styleUrl>#track</styleUrl>
            <Point>
              <coordinates>-81.689259,41.484891,202.00</coordinates>
            </Point>
          </Placemark>
          <Placemark>
            <name>Tow-144</name>
            <snippet/>
            <description><![CDATA[
<table>
<tr><td>Longitude: -81.689029</td></tr>
<tr><td>Latitude: 41.484838</td></tr>
<tr><td>Altitude: 659.449 ft</td></tr>
<tr><td>Speed: 6.4 mph</td></tr>
<tr><td>Heading: 107.3</td></tr>
<tr><td>Time: 2025-09-29T18:28:35Z</td></tr>
</table>
]]></description>
            <LookAt>
              <longitude>-81.689029</longitude>
              <latitude>41.484838</latitude>
              <tilt>66</tilt>
            </LookAt>
            <TimeStamp>
              <when>2025-09-29T18:28:35Z</when>
            </TimeStamp>
            <styleUrl>#track</styleUrl>
            <Point>
              <coordinates>-81.689029,41.484838,201.00</coordinates>
            </Point>
          </Placemark>
          <Placemark>
            <name>Tow-145</name>
            <snippet/>
            <description><![CDATA[
<table>
<tr><td>Longitude: -81.688683</td></tr>
<tr><td>Latitude: 41.484789</td></tr>
<tr><td>Altitude: 662.730 ft</td></tr>
<tr><td>Speed: 8.2 mph</td></tr>
<tr><td>Heading: 100.7</td></tr>
<tr><td>Time: 2025-09-29T18:28:43Z</td></tr>
</table>
]]></description>
            <LookAt>
              <longitude>-81.688683</longitude>
              <latitude>41.484789</latitude>
              <tilt>66</tilt>
            </LookAt>
            <TimeStamp>
              <when>2025-09-29T18:28:43Z</when>
            </TimeStamp>
            <styleUrl>#track</styleUrl>
            <Point>
              <coordinates>-81.688683,41.484789,202.00</coordinates>
            </Point>
          </Placemark>
          <Placemark>
            <name>Tow-146</name>
            <snippet/>
            <description><![CDATA[
<table>
<tr><td>Longitude: -81.688364</td></tr>
<tr><td>Latitude: 41.484738</td></tr>
<tr><td>Altitude: 660.105 ft</td></tr>
<tr><td>Speed: 6.8 mph</td></tr>
<tr><td>Heading: 101.9</td></tr>
<tr><td>Time: 2025-09-29T18:28:52Z</td></tr>
</table>
]]></description>
            <LookAt>
              <longitude>-81.688364</longitude>
              <latitude>41.484738</latitude>
              <tilt>66</tilt>
            </LookAt>
            <TimeStamp>
              <when>2025-09-29T18:28:52Z</when>
            </TimeStamp>
            <styleUrl>#track</styleUrl>
            <Point>
              <coordinates>-81.688364,41.484738,201.20</coordinates>
            </Point>
          </Placemark>
          <Placemark>
            <name>Tow-147</name>
            <snippet/>
            <description><![CDATA[
<table>
<tr><td>Longitude: -81.688102</td></tr>
<tr><td>Latitude: 41.484709</td></tr>
<tr><td>Altitude: 654.856 ft</td></tr>
<tr><td>Speed: 7.1 mph</td></tr>
<tr><td>Heading: 98.5</td></tr>
<tr><td>Time: 2025-09-29T18:28:59Z</td></tr>
</table>
]]></description>
            <LookAt>
              <longitude>-81.688102</longitude>
              <latitude>41.484709</latitude>
              <tilt>66</tilt>
            </LookAt>
            <TimeStamp>
              <when>2025-09-29T18:28:59Z</when>
            </TimeStamp>
            <styleUrl>#track</styleUrl>
            <Point>
              <coordinates>-81.688102,41.484709,199.60</coordinates>
            </Point>
          </Placemark>
          <Placemark>
            <name>Tow-148</name>
            <snippet/>
            <description><![CDATA[
<table>
<tr><td>Longitude: -81.687871</td></tr>
<tr><td>Latitude: 41.484657</td></tr>
<tr><td>Altitude: 654.200 ft</td></tr>
<tr><td>Speed: 7.5 mph</td></tr>
<tr><td>Heading: 106.6</td></tr>
<tr><td>Time: 2025-09-29T18:29:05Z</td></tr>
</table>
]]></description>
            <LookAt>
              <longitude>-81.687871</longitude>
              <latitude>41.484657</latitude>
              <tilt>66</tilt>
            </LookAt>
            <TimeStamp>
              <when>2025-09-29T18:29:05Z</when>
            </TimeStamp>
            <styleUrl>#track</styleUrl>
            <Point>
              <coordinates>-81.687871,41.484657,199.40</coordinates>
            </Point>
          </Placemark>
          <Placemark>
            <name>Tow-149</name>
            <snippet/>
            <description><![CDATA[
<table>
<tr><td>Longitude: -81.687833</td></tr>
<tr><td>Latitude: 41.484636</td></tr>
<tr><td>Altitude: 656.168 ft</td></tr>
<tr><td>Speed: 2.9 mph</td></tr>
<tr><td>Heading: 125.8</td></tr>
<tr><td>Time: 2025-09-29T18:29:08Z</td></tr>
</table>
]]></description>
            <LookAt>
              <longitude>-81.687833</longitude>
              <latitude>41.484636</latitude>
              <tilt>66</tilt>
            </LookAt>
            <TimeStamp>
              <when>2025-09-29T18:29:08Z</when>
            </TimeStamp>
            <styleUrl>#track</styleUrl>
            <Point>
              <coordinates>-81.687833,41.484636,200.00</coordinates>
            </Point>
          </Placemark>
          <Placemark>
            <name>Tow-150</name>
            <snippet/>
            <description><![CDATA[
<table>
<tr><td>Longitude: -81.687713</td></tr>
<tr><td>Latitude: 41.484606</td></tr>
<tr><td>Altitude: 656.824 ft</td></tr>
<tr><td>Speed: 0.5 mph</td></tr>
<tr><td>Heading: 108.6</td></tr>
<tr><td>Time: 2025-09-29T18:29:51Z</td></tr>
</table>
]]></description>
            <LookAt>
              <longitude>-81.687713</longitude>
              <latitude>41.484606</latitude>
              <tilt>66</tilt>
            </LookAt>
            <TimeStamp>
              <when>2025-09-29T18:29:51Z</when>
            </TimeStamp>
            <styleUrl>#track</styleUrl>
            <Point>
              <coordinates>-81.687713,41.484606,200.20</coordinates>
            </Point>
          </Placemark>
          <Placemark>
            <name>Tow-151</name>
            <snippet/>
            <description><![CDATA[
<table>
<tr><td>Longitude: -81.687505</td></tr>
<tr><td>Latitude: 41.484530</td></tr>
<tr><td>Altitude: 656.824 ft</td></tr>
<tr><td>Speed: 8.6 mph</td></tr>
<tr><td>Heading: 116.0</td></tr>
<tr><td>Time: 2025-09-29T18:29:56Z</td></tr>
</table>
]]></description>
            <LookAt>
              <longitude>-81.687505</longitude>
              <latitude>41.484530</latitude>
              <tilt>66</tilt>
            </LookAt>
            <TimeStamp>
              <when>2025-09-29T18:29:56Z</when>
            </TimeStamp>
            <styleUrl>#track</styleUrl>
            <Point>
              <coordinates>-81.687505,41.484530,200.20</coordinates>
            </Point>
          </Placemark>
          <Placemark>
            <name>Tow-152</name>
            <snippet/>
            <description><![CDATA[
<table>
<tr><td>Longitude: -81.687459</td></tr>
<tr><td>Latitude: 41.484504</td></tr>
<tr><td>Altitude: 656.824 ft</td></tr>
<tr><td>Speed: 10.7 mph</td></tr>
<tr><td>Heading: 127.3</td></tr>
<tr><td>Time: 2025-09-29T18:29:57Z</td></tr>
</table>
]]></description>
            <LookAt>
              <longitude>-81.687459</longitude>
              <latitude>41.484504</latitude>
              <tilt>66</tilt>
            </LookAt>
            <TimeStamp>
              <when>2025-09-29T18:29:57Z</when>
            </TimeStamp>
            <styleUrl>#track</styleUrl>
            <Point>
              <coordinates>-81.687459,41.484504,200.20</coordinates>
            </Point>
          </Placemark>
          <Placemark>
            <name>Tow-153</name>
            <snippet/>
            <description><![CDATA[
<table>
<tr><td>Longitude: -81.687356</td></tr>
<tr><td>Latitude: 41.484476</td></tr>
<tr><td>Altitude: 655.512 ft</td></tr>
<tr><td>Speed: 10.2 mph</td></tr>
<tr><td>Heading: 109.6</td></tr>
<tr><td>Time: 2025-09-29T18:29:59Z</td></tr>
</table>
]]></description>
            <LookAt>
              <longitude>-81.687356</longitude>
              <latitude>41.484476</latitude>
              <tilt>66</tilt>
            </LookAt>
            <TimeStamp>
              <when>2025-09-29T18:29:59Z</when>
            </TimeStamp>
            <styleUrl>#track</styleUrl>
            <Point>
              <coordinates>-81.687356,41.484476,199.80</coordinates>
            </Point>
          </Placemark>
          <Placemark>
            <name>Tow-154</name>
            <snippet/>
            <description><![CDATA[
<table>
<tr><td>Longitude: -81.687299</td></tr>
<tr><td>Latitude: 41.484474</td></tr>
<tr><td>Altitude: 655.512 ft</td></tr>
<tr><td>Speed: 10.5 mph</td></tr>
<tr><td>Heading: 93.5</td></tr>
<tr><td>Time: 2025-09-29T18:30:00Z</td></tr>
</table>
]]></description>
            <LookAt>
              <longitude>-81.687299</longitude>
              <latitude>41.484474</latitude>
              <tilt>66</tilt>
            </LookAt>
            <TimeStamp>
              <when>2025-09-29T18:30:00Z</when>
            </TimeStamp>
            <styleUrl>#track</styleUrl>
            <Point>
              <coordinates>-81.687299,41.484474,199.80</coordinates>
            </Point>
          </Placemark>
          <Placemark>
            <name>Tow-155</name>
            <snippet/>
            <description><![CDATA[
<table>
<tr><td>Longitude: -81.687127</td></tr>
<tr><td>Latitude: 41.484499</td></tr>
<tr><td>Altitude: 654.856 ft</td></tr>
<tr><td>Speed: 8.2 mph</td></tr>
<tr><td>Heading: 79.0</td></tr>
<tr><td>Time: 2025-09-29T18:30:04Z</td></tr>
</table>
]]></description>
            <LookAt>
              <longitude>-81.687127</longitude>
              <latitude>41.484499</latitude>
              <tilt>66</tilt>
            </LookAt>
            <TimeStamp>
              <when>2025-09-29T18:30:04Z</when>
            </TimeStamp>
            <styleUrl>#track</styleUrl>
            <Point>
              <coordinates>-81.687127,41.484499,199.60</coordinates>
            </Point>
          </Placemark>
          <Placemark>
            <name>Tow-156</name>
            <snippet/>
            <description><![CDATA[
<table>
<tr><td>Longitude: -81.687002</td></tr>
<tr><td>Latitude: 41.484513</td></tr>
<tr><td>Altitude: 655.512 ft</td></tr>
<tr><td>Speed: 4.7 mph</td></tr>
<tr><td>Heading: 81.2</td></tr>
<tr><td>Time: 2025-09-29T18:30:09Z</td></tr>
</table>
]]></description>
            <LookAt>
              <longitude>-81.687002</longitude>
              <latitude>41.484513</latitude>
              <tilt>66</tilt>
            </LookAt>
            <TimeStamp>
              <when>2025-09-29T18:30:09Z</when>
            </TimeStamp>
            <styleUrl>#track</styleUrl>
            <Point>
              <coordinates>-81.687002,41.484513,199.80</coordinates>
            </Point>
          </Placemark>
          <Placemark>
            <name>Tow-157</name>
            <snippet/>
            <description><![CDATA[
<table>
<tr><td>Longitude: -81.686996</td></tr>
<tr><td>Latitude: 41.484517</td></tr>
<tr><td>Altitude: 654.200 ft</td></tr>
<tr><td>Heading: 49.4</td></tr>
<tr><td>Time: 2025-09-29T18:30:15Z</td></tr>
</table>
]]></description>
            <LookAt>
              <longitude>-81.686996</longitude>
              <latitude>41.484517</latitude>
              <tilt>66</tilt>
            </LookAt>
            <TimeStamp>
              <when>2025-09-29T18:30:15Z</when>
            </TimeStamp>
            <styleUrl>#track</styleUrl>
            <Point>
              <coordinates>-81.686996,41.484517,199.40</coordinates>
            </Point>
          </Placemark>
          <Placemark>
            <name>Tow-158</name>
            <snippet/>
            <description><![CDATA[
<table>
<tr><td>Longitude: -81.686985</td></tr>
<tr><td>Latitude: 41.484506</td></tr>
<tr><td>Altitude: 656.168 ft</td></tr>
<tr><td>Speed: 0.2 mph</td></tr>
<tr><td>Heading: 144.9</td></tr>
<tr><td>Time: 2025-09-29T18:30:31Z</td></tr>
</table>
]]></description>
            <LookAt>
              <longitude>-81.686985</longitude>
              <latitude>41.484506</latitude>
              <tilt>66</tilt>
            </LookAt>
            <TimeStamp>
              <when>2025-09-29T18:30:31Z</when>
            </TimeStamp>
            <styleUrl>#track</styleUrl>
            <Point>
              <coordinates>-81.686985,41.484506,200.00</coordinates>
            </Point>
          </Placemark>
          <Placemark>
            <name>Tow-159</name>
            <snippet/>
            <description><![CDATA[
<table>
<tr><td>Longitude: -81.686956</td></tr>
<tr><td>Latitude: 41.484517</td></tr>
<tr><td>Altitude: 655.512 ft</td></tr>
<tr><td>Speed: 0.6 mph</td></tr>
<tr><td>Heading: 64.1</td></tr>
<tr><td>Time: 2025-09-29T18:30:41Z</td></tr>
</table>
]]></description>
            <LookAt>
              <longitude>-81.686956</longitude>
              <latitude>41.484517</latitude>
              <tilt>66</tilt>
            </LookAt>
            <TimeStamp>
              <when>2025-09-29T18:30:41Z</when>
            </TimeStamp>
            <styleUrl>#track</styleUrl>
            <Point>
              <coordinates>-81.686956,41.484517,199.80</coordinates>
            </Point>
          </Placemark>
          <Placemark>
            <name>Tow-160</name>
            <snippet/>
            <description><![CDATA[
<table>
<tr><td>Longitude: -81.686883</td></tr>
<tr><td>Latitude: 41.484522</td></tr>
<tr><td>Altitude: 655.512 ft</td></tr>
<tr><td>Speed: 4.5 mph</td></tr>
<tr><td>Heading: 84.4</td></tr>
<tr><td>Time: 2025-09-29T18:30:44Z</td></tr>
</table>
]]></description>
            <LookAt>
              <longitude>-81.686883</longitude>
              <latitude>41.484522</latitude>
              <tilt>66</tilt>
            </LookAt>
            <TimeStamp>
              <when>2025-09-29T18:30:44Z</when>
            </TimeStamp>
            <styleUrl>#track</styleUrl>
            <Point>
              <coordinates>-81.686883,41.484522,199.80</coordinates>
            </Point>
          </Placemark>
          <Placemark>
            <name>Tow-161</name>
            <snippet/>
            <description><![CDATA[
<table>
<tr><td>Longitude: -81.686646</td></tr>
<tr><td>Latitude: 41.484531</td></tr>
<tr><td>Altitude: 654.856 ft</td></tr>
<tr><td>Speed: 7.4 mph</td></tr>
<tr><td>Heading: 87.2</td></tr>
<tr><td>Time: 2025-09-29T18:30:50Z</td></tr>
</table>
]]></description>
            <LookAt>
              <longitude>-81.686646</longitude>
              <latitude>41.484531</latitude>
              <tilt>66</tilt>
            </LookAt>
            <TimeStamp>
              <when>2025-09-29T18:30:50Z</when>
            </TimeStamp>
            <styleUrl>#track</styleUrl>
            <Point>
              <coordinates>-81.686646,41.484531,199.60</coordinates>
            </Point>
          </Placemark>
          <Placemark>
            <name>Tow-162</name>
            <snippet/>
            <description><![CDATA[
<table>
<tr><td>Longitude: -81.686271</td></tr>
<tr><td>Latitude: 41.484516</td></tr>
<tr><td>Altitude: 649.606 ft</td></tr>
<tr><td>Speed: 8.8 mph</td></tr>
<tr><td>Heading: 93.1</td></tr>
<tr><td>Time: 2025-09-29T18:30:58Z</td></tr>
</table>
]]></description>
            <LookAt>
              <longitude>-81.686271</longitude>
              <latitude>41.484516</latitude>
              <tilt>66</tilt>
            </LookAt>
            <TimeStamp>
              <when>2025-09-29T18:30:58Z</when>
            </TimeStamp>
            <styleUrl>#track</styleUrl>
            <Point>
              <coordinates>-81.686271,41.484516,198.00</coordinates>
            </Point>
          </Placemark>
          <Placemark>
            <name>Tow-163</name>
            <snippet/>
            <description><![CDATA[
<table>
<tr><td>Longitude: -81.685974</td></tr>
<tr><td>Latitude: 41.484511</td></tr>
<tr><td>Altitude: 650.263 ft</td></tr>
<tr><td>Speed: 9.2 mph</td></tr>
<tr><td>Heading: 91.1</td></tr>
<tr><td>Time: 2025-09-29T18:31:04Z</td></tr>
</table>
]]></description>
            <LookAt>
              <longitude>-81.685974</longitude>
              <latitude>41.484511</latitude>
              <tilt>66</tilt>
            </LookAt>
            <TimeStamp>
              <when>2025-09-29T18:31:04Z</when>
            </TimeStamp>
            <styleUrl>#track</styleUrl>
            <Point>
              <coordinates>-81.685974,41.484511,198.20</coordinates>
            </Point>
          </Placemark>
          <Placemark>
            <name>Tow-164</name>
            <snippet/>
            <description><![CDATA[
<table>
<tr><td>Longitude: -81.685611</td></tr>
<tr><td>Latitude: 41.484492</td></tr>
<tr><td>Altitude: 646.982 ft</td></tr>
<tr><td>Speed: 9.7 mph</td></tr>
<tr><td>Heading: 94.2</td></tr>
<tr><td>Time: 2025-09-29T18:31:11Z</td></tr>
</table>
]]></description>
            <LookAt>
              <longitude>-81.685611</longitude>
              <latitude>41.484492</latitude>
              <tilt>66</tilt>
            </LookAt>
            <TimeStamp>
              <when>2025-09-29T18:31:11Z</when>
            </TimeStamp>
            <styleUrl>#track</styleUrl>
            <Point>
              <coordinates>-81.685611,41.484492,197.20</coordinates>
            </Point>
          </Placemark>
          <Placemark>
            <name>Tow-165</name>
            <snippet/>
            <description><![CDATA[
<table>
<tr><td>Longitude: -81.685387</td></tr>
<tr><td>Latitude: 41.484473</td></tr>
<tr><td>Altitude: 645.013 ft</td></tr>
<tr><td>Speed: 8.4 mph</td></tr>
<tr><td>Heading: 96.2</td></tr>
<tr><td>Time: 2025-09-29T18:31:16Z</td></tr>
</table>
]]></description>
            <LookAt>
              <longitude>-81.685387</longitude>
              <latitude>41.484473</latitude>
              <tilt>66</tilt>
            </LookAt>
            <TimeStamp>
              <when>2025-09-29T18:31:16Z</when>
            </TimeStamp>
            <styleUrl>#track</styleUrl>
            <Point>
              <coordinates>-81.685387,41.484473,196.60</coordinates>
            </Point>
          </Placemark>
          <Placemark>
            <name>Tow-166</name>
            <snippet/>
            <description><![CDATA[
<table>
<tr><td>Longitude: -81.685121</td></tr>
<tr><td>Latitude: 41.484456</td></tr>
<tr><td>Altitude: 644.357 ft</td></tr>
<tr><td>Speed: 8.3 mph</td></tr>
<tr><td>Heading: 94.9</td></tr>
<tr><td>Time: 2025-09-29T18:31:22Z</td></tr>
</table>
]]></description>
            <LookAt>
              <longitude>-81.685121</longitude>
              <latitude>41.484456</latitude>
              <tilt>66</tilt>
            </LookAt>
            <TimeStamp>
              <when>2025-09-29T18:31:22Z</when>
            </TimeStamp>
            <styleUrl>#track</styleUrl>
            <Point>
              <coordinates>-81.685121,41.484456,196.40</coordinates>
            </Point>
          </Placemark>
          <Placemark>
            <name>Tow-167</name>
            <snippet/>
            <description><![CDATA[
<table>
<tr><td>Longitude: -81.684843</td></tr>
<tr><td>Latitude: 41.484462</td></tr>
<tr><td>Altitude: 641.076 ft</td></tr>
<tr><td>Speed: 7.4 mph</td></tr>
<tr><td>Heading: 88.4</td></tr>
<tr><td>Time: 2025-09-29T18:31:29Z</td></tr>
</table>
]]></description>
            <LookAt>
              <longitude>-81.684843</longitude>
              <latitude>41.484462</latitude>
              <tilt>66</tilt>
            </LookAt>
            <TimeStamp>
              <when>2025-09-29T18:31:29Z</when>
            </TimeStamp>
            <styleUrl>#track</styleUrl>
            <Point>
              <coordinates>-81.684843,41.484462,195.40</coordinates>
            </Point>
          </Placemark>
          <Placemark>
            <name>Tow-168</name>
            <snippet/>
            <description><![CDATA[
<table>
<tr><td>Longitude: -81.684507</td></tr>
<tr><td>Latitude: 41.484499</td></tr>
<tr><td>Altitude: 636.483 ft</td></tr>
<tr><td>Speed: 9.1 mph</td></tr>
<tr><td>Heading: 81.5</td></tr>
<tr><td>Time: 2025-09-29T18:31:36Z</td></tr>
</table>
]]></description>
            <LookAt>
              <longitude>-81.684507</longitude>
              <latitude>41.484499</latitude>
              <tilt>66</tilt>
            </LookAt>
            <TimeStamp>
              <when>2025-09-29T18:31:36Z</when>
            </TimeStamp>
            <styleUrl>#track</styleUrl>
            <Point>
              <coordinates>-81.684507,41.484499,194.00</coordinates>
            </Point>
          </Placemark>
          <Placemark>
            <name>Tow-169</name>
            <snippet/>
            <description><![CDATA[
<table>
<tr><td>Longitude: -81.684149</td></tr>
<tr><td>Latitude: 41.484572</td></tr>
<tr><td>Altitude: 629.921 ft</td></tr>
<tr><td>Speed: 11.5 mph</td></tr>
<tr><td>Heading: 75.0</td></tr>
<tr><td>Time: 2025-09-29T18:31:42Z</td></tr>
</table>
]]></description>
            <LookAt>
              <longitude>-81.684149</longitude>
              <latitude>41.484572</latitude>
              <tilt>66</tilt>
            </LookAt>
            <TimeStamp>
              <when>2025-09-29T18:31:42Z</when>
            </TimeStamp>
            <styleUrl>#track</styleUrl>
            <Point>
              <coordinates>-81.684149,41.484572,192.00</coordinates>
            </Point>
          </Placemark>
          <Placemark>
            <name>Tow-170</name>
            <snippet/>
            <description><![CDATA[
<table>
<tr><td>Longitude: -81.684008</td></tr>
<tr><td>Latitude: 41.484594</td></tr>
<tr><td>Altitude: 626.640 ft</td></tr>
<tr><td>Speed: 6.7 mph</td></tr>
<tr><td>Heading: 78.2</td></tr>
<tr><td>Time: 2025-09-29T18:31:46Z</td></tr>
</table>
]]></description>
            <LookAt>
              <longitude>-81.684008</longitude>
              <latitude>41.484594</latitude>
              <tilt>66</tilt>
            </LookAt>
            <TimeStamp>
              <when>2025-09-29T18:31:46Z</when>
            </TimeStamp>
            <styleUrl>#track</styleUrl>
            <Point>
              <coordinates>-81.684008,41.484594,191.00</coordinates>
            </Point>
          </Placemark>
          <Placemark>
            <name>Tow-171</name>
            <snippet/>
            <description><![CDATA[
<table>
<tr><td>Longitude: -81.683916</td></tr>
<tr><td>Latitude: 41.484588</td></tr>
<tr><td>Altitude: 631.234 ft</td></tr>
<tr><td>Speed: 0.5 mph</td></tr>
<tr><td>Heading: 94.8</td></tr>
<tr><td>Time: 2025-09-29T18:32:21Z</td></tr>
</table>
]]></description>
            <LookAt>
              <longitude>-81.683916</longitude>
              <latitude>41.484588</latitude>
              <tilt>66</tilt>
            </LookAt>
            <TimeStamp>
              <when>2025-09-29T18:32:21Z</when>
            </TimeStamp>
            <styleUrl>#track</styleUrl>
            <Point>
              <coordinates>-81.683916,41.484588,192.40</coordinates>
            </Point>
          </Placemark>
          <Placemark>
            <name>Tow-172</name>
            <snippet/>
            <description><![CDATA[
<table>
<tr><td>Longitude: -81.683680</td></tr>
<tr><td>Latitude: 41.484554</td></tr>
<tr><td>Altitude: 629.265 ft</td></tr>
<tr><td>Speed: 7.5 mph</td></tr>
<tr><td>Heading: 100.9</td></tr>
<tr><td>Time: 2025-09-29T18:32:27Z</td></tr>
</table>
]]></description>
            <LookAt>
              <longitude>-81.683680</longitude>
              <latitude>41.484554</latitude>
              <tilt>66</tilt>
            </LookAt>
            <TimeStamp>
              <when>2025-09-29T18:32:27Z</when>
            </TimeStamp>
            <styleUrl>#track</styleUrl>
            <Point>
              <coordinates>-81.683680,41.484554,191.80</coordinates>
            </Point>
          </Placemark>
          <Placemark>
            <name>Tow-173</name>
            <snippet/>
            <description><![CDATA[
<table>
<tr><td>Longitude: -81.683314</td></tr>
<tr><td>Latitude: 41.484505</td></tr>
<tr><td>Altitude: 627.297 ft</td></tr>
<tr><td>Speed: 9.9 mph</td></tr>
<tr><td>Heading: 100.1</td></tr>
<tr><td>Time: 2025-09-29T18:32:34Z</td></tr>
</table>
]]></description>
            <LookAt>
              <longitude>-81.683314</longitude>
              <latitude>41.484505</latitude>
              <tilt>66</tilt>
            </LookAt>
            <TimeStamp>
              <when>2025-09-29T18:32:34Z</when>
            </TimeStamp>
            <styleUrl>#track</styleUrl>
            <Point>
              <coordinates>-81.683314,41.484505,191.20</coordinates>
            </Point>
          </Placemark>
          <Placemark>
            <name>Tow-174</name>
            <snippet/>
            <description><![CDATA[
<table>
<tr><td>Longitude: -81.683152</td></tr>
<tr><td>Latitude: 41.484450</td></tr>
<tr><td>Altitude: 626.640 ft</td></tr>
<tr><td>Speed: 6.6 mph</td></tr>
<tr><td>Heading: 114.3</td></tr>
<tr><td>Time: 2025-09-29T18:32:39Z</td></tr>
</table>
]]></description>
            <LookAt>
              <longitude>-81.683152</longitude>
              <latitude>41.484450</latitude>
              <tilt>66</tilt>
            </LookAt>
            <TimeStamp>
              <when>2025-09-29T18:32:39Z</when>
            </TimeStamp>
            <styleUrl>#track</styleUrl>
            <Point>
              <coordinates>-81.683152,41.484450,191.00</coordinates>
            </Point>
          </Placemark>
          <Placemark>
            <name>Tow-175</name>
            <snippet/>
            <description><![CDATA[
<table>
<tr><td>Longitude: -81.683135</td></tr>
<tr><td>Latitude: 41.484448</td></tr>
<tr><td>Altitude: 627.953 ft</td></tr>
<tr><td>Speed: 0.8 mph</td></tr>
<tr><td>Heading: 101.2</td></tr>
<tr><td>Time: 2025-09-29T18:32:43Z</td></tr>
</table>
]]></description>
            <LookAt>
              <longitude>-81.683135</longitude>
              <latitude>41.484448</latitude>
              <tilt>66</tilt>
            </LookAt>
            <TimeStamp>
              <when>2025-09-29T18:32:43Z</when>
            </TimeStamp>
            <styleUrl>#track</styleUrl>
            <Point>
              <coordinates>-81.683135,41.484448,191.40</coordinates>
            </Point>
          </Placemark>
          <Placemark>
            <name>Tow-176</name>
            <snippet/>
            <description><![CDATA[
<table>
<tr><td>Longitude: -81.683106</td></tr>
<tr><td>Latitude: 41.484405</td></tr>
<tr><td>Altitude: 628.609 ft</td></tr>
<tr><td>Speed: 0.3 mph</td></tr>
<tr><td>Heading: 153.8</td></tr>
<tr><td>Time: 2025-09-29T18:33:31Z</td></tr>
</table>
]]></description>
            <LookAt>
              <longitude>-81.683106</longitude>
              <latitude>41.484405</latitude>
              <tilt>66</tilt>
            </LookAt>
            <TimeStamp>
              <when>2025-09-29T18:33:31Z</when>
            </TimeStamp>
            <styleUrl>#track</styleUrl>
            <Point>
              <coordinates>-81.683106,41.484405,191.60</coordinates>
            </Point>
          </Placemark>
          <Placemark>
            <name>Tow-177</name>
            <snippet/>
            <description><![CDATA[
<table>
<tr><td>Longitude: -81.682979</td></tr>
<tr><td>Latitude: 41.484285</td></tr>
<tr><td>Altitude: 629.921 ft</td></tr>
<tr><td>Speed: 6.4 mph</td></tr>
<tr><td>Heading: 141.6</td></tr>
<tr><td>Time: 2025-09-29T18:33:37Z</td></tr>
</table>
]]></description>
            <LookAt>
              <longitude>-81.682979</longitude>
              <latitude>41.484285</latitude>
              <tilt>66</tilt>
            </LookAt>
            <TimeStamp>
              <when>2025-09-29T18:33:37Z</when>
            </TimeStamp>
            <styleUrl>#track</styleUrl>
            <Point>
              <coordinates>-81.682979,41.484285,192.00</coordinates>
            </Point>
          </Placemark>
          <Placemark>
            <name>Tow-178</name>
            <snippet/>
            <description><![CDATA[
<table>
<tr><td>Longitude: -81.682806</td></tr>
<tr><td>Latitude: 41.484118</td></tr>
<tr><td>Altitude: 629.921 ft</td></tr>
<tr><td>Speed: 8.8 mph</td></tr>
<tr><td>Heading: 142.1</td></tr>
<tr><td>Time: 2025-09-29T18:33:43Z</td></tr>
</table>
]]></description>
            <LookAt>
              <longitude>-81.682806</longitude>
              <latitude>41.484118</latitude>
              <tilt>66</tilt>
            </LookAt>
            <TimeStamp>
              <when>2025-09-29T18:33:43Z</when>
            </TimeStamp>
            <styleUrl>#track</styleUrl>
            <Point>
              <coordinates>-81.682806,41.484118,192.00</coordinates>
            </Point>
          </Placemark>
          <Placemark>
            <name>Tow-179</name>
            <snippet/>
            <description><![CDATA[
<table>
<tr><td>Longitude: -81.682552</td></tr>
<tr><td>Latitude: 41.483862</td></tr>
<tr><td>Altitude: 630.577 ft</td></tr>
<tr><td>Speed: 9.9 mph</td></tr>
<tr><td>Heading: 143.4</td></tr>
<tr><td>Time: 2025-09-29T18:33:51Z</td></tr>
</table>
]]></description>
            <LookAt>
              <longitude>-81.682552</longitude>
              <latitude>41.483862</latitude>
              <tilt>66</tilt>
            </LookAt>
            <TimeStamp>
              <when>2025-09-29T18:33:51Z</when>
            </TimeStamp>
            <styleUrl>#track</styleUrl>
            <Point>
              <coordinates>-81.682552,41.483862,192.20</coordinates>
            </Point>
          </Placemark>
          <Placemark>
            <name>Tow-180</name>
            <snippet/>
            <description><![CDATA[
<table>
<tr><td>Longitude: -81.682395</td></tr>
<tr><td>Latitude: 41.483682</td></tr>
<tr><td>Altitude: 634.515 ft</td></tr>
<tr><td>Speed: 8.9 mph</td></tr>
<tr><td>Heading: 146.7</td></tr>
<tr><td>Time: 2025-09-29T18:33:57Z</td></tr>
</table>
]]></description>
            <LookAt>
              <longitude>-81.682395</longitude>
              <latitude>41.483682</latitude>
              <tilt>66</tilt>
            </LookAt>
            <TimeStamp>
              <when>2025-09-29T18:33:57Z</when>
            </TimeStamp>
            <styleUrl>#track</styleUrl>
            <Point>
              <coordinates>-81.682395,41.483682,193.40</coordinates>
            </Point>
          </Placemark>
          <Placemark>
            <name>Tow-181</name>
            <snippet/>
            <description><![CDATA[
<table>
<tr><td>Longitude: -81.682237</td></tr>
<tr><td>Latitude: 41.483532</td></tr>
<tr><td>Altitude: 637.139 ft</td></tr>
<tr><td>Speed: 7.9 mph</td></tr>
<tr><td>Heading: 141.7</td></tr>
<tr><td>Time: 2025-09-29T18:34:03Z</td></tr>
</table>
]]></description>
            <LookAt>
              <longitude>-81.682237</longitude>
              <latitude>41.483532</latitude>
              <tilt>66</tilt>
            </LookAt>
            <TimeStamp>
              <when>2025-09-29T18:34:03Z</when>
            </TimeStamp>
            <styleUrl>#track</styleUrl>
            <Point>
              <coordinates>-81.682237,41.483532,194.20</coordinates>
            </Point>
          </Placemark>
          <Placemark>
            <name>Tow-182</name>
            <snippet/>
            <description><![CDATA[
<table>
<tr><td>Longitude: -81.682050</td></tr>
<tr><td>Latitude: 41.483333</td></tr>
<tr><td>Altitude: 638.451 ft</td></tr>
<tr><td>Speed: 8.7 mph</td></tr>
<tr><td>Heading: 144.8</td></tr>
<tr><td>Time: 2025-09-29T18:34:10Z</td></tr>
</table>
]]></description>
            <LookAt>
              <longitude>-81.682050</longitude>
              <latitude>41.483333</latitude>
              <tilt>66</tilt>
            </LookAt>
            <TimeStamp>
              <when>2025-09-29T18:34:10Z</when>
            </TimeStamp>
            <styleUrl>#track</styleUrl>
            <Point>
              <coordinates>-81.682050,41.483333,194.60</coordinates>
            </Point>
          </Placemark>
          <Placemark>
            <name>Tow-183</name>
            <snippet/>
            <description><![CDATA[
<table>
<tr><td>Longitude: -81.681845</td></tr>
<tr><td>Latitude: 41.483128</td></tr>
<tr><td>Altitude: 639.764 ft</td></tr>
<tr><td>Speed: 9.1 mph</td></tr>
<tr><td>Heading: 143.2</td></tr>
<tr><td>Time: 2025-09-29T18:34:17Z</td></tr>
</table>
]]></description>
            <LookAt>
              <longitude>-81.681845</longitude>
              <latitude>41.483128</latitude>
              <tilt>66</tilt>
            </LookAt>
            <TimeStamp>
              <when>2025-09-29T18:34:17Z</when>
            </TimeStamp>
            <styleUrl>#track</styleUrl>
            <Point>
              <coordinates>-81.681845,41.483128,195.00</coordinates>
            </Point>
          </Placemark>
          <Placemark>
            <name>Tow-184</name>
            <snippet/>
            <description><![CDATA[
<table>
<tr><td>Longitude: -81.681589</td></tr>
<tr><td>Latitude: 41.482848</td></tr>
<tr><td>Altitude: 639.764 ft</td></tr>
<tr><td>Speed: 8.5 mph</td></tr>
<tr><td>Heading: 145.5</td></tr>
<tr><td>Time: 2025-09-29T18:34:27Z</td></tr>
</table>
]]></description>
            <LookAt>
              <longitude>-81.681589</longitude>
              <latitude>41.482848</latitude>
              <tilt>66</tilt>
            </LookAt>
            <TimeStamp>
              <when>2025-09-29T18:34:27Z</when>
            </TimeStamp>
            <styleUrl>#track</styleUrl>
            <Point>
              <coordinates>-81.681589,41.482848,195.00</coordinates>
            </Point>
          </Placemark>
          <Placemark>
            <name>Tow-185</name>
            <snippet/>
            <description><![CDATA[
<table>
<tr><td>Longitude: -81.681416</td></tr>
<tr><td>Latitude: 41.482626</td></tr>
<tr><td>Altitude: 639.108 ft</td></tr>
<tr><td>Speed: 7.1 mph</td></tr>
<tr><td>Heading: 149.8</td></tr>
<tr><td>Time: 2025-09-29T18:34:36Z</td></tr>
</table>
]]></description>
            <LookAt>
              <longitude>-81.681416</longitude>
              <latitude>41.482626</latitude>
              <tilt>66</tilt>
            </LookAt>
            <TimeStamp>
              <when>2025-09-29T18:34:36Z</when>
            </TimeStamp>
            <styleUrl>#track</styleUrl>
            <Point>
              <coordinates>-81.681416,41.482626,194.80</coordinates>
            </Point>
          </Placemark>
          <Placemark>
            <name>Tow-186</name>
            <snippet/>
            <description><![CDATA[
<table>
<tr><td>Longitude: -81.681378</td></tr>
<tr><td>Latitude: 41.482571</td></tr>
<tr><td>Altitude: 630.577 ft</td></tr>
<tr><td>Speed: 3.1 mph</td></tr>
<tr><td>Heading: 152.5</td></tr>
<tr><td>Time: 2025-09-29T18:34:41Z</td></tr>
</table>
]]></description>
            <LookAt>
              <longitude>-81.681378</longitude>
              <latitude>41.482571</latitude>
              <tilt>66</tilt>
            </LookAt>
            <TimeStamp>
              <when>2025-09-29T18:34:41Z</when>
            </TimeStamp>
            <styleUrl>#track</styleUrl>
            <Point>
              <coordinates>-81.681378,41.482571,192.20</coordinates>
            </Point>
          </Placemark>
          <Placemark>
            <name>Tow-187</name>
            <snippet/>
            <description><![CDATA[
<table>
<tr><td>Longitude: -81.681321</td></tr>
<tr><td>Latitude: 41.482505</td></tr>
<tr><td>Altitude: 629.921 ft</td></tr>
<tr><td>Speed: 0.6 mph</td></tr>
<tr><td>Heading: 147.1</td></tr>
<tr><td>Time: 2025-09-29T18:35:14Z</td></tr>
</table>
]]></description>
            <LookAt>
              <longitude>-81.681321</longitude>
              <latitude>41.482505</latitude>
              <tilt>66</tilt>
            </LookAt>
            <TimeStamp>
              <when>2025-09-29T18:35:14Z</when>
            </TimeStamp>
            <styleUrl>#track</styleUrl>
            <Point>
              <coordinates>-81.681321,41.482505,192.00</coordinates>
            </Point>
          </Placemark>
          <Placemark>
            <name>Tow-188</name>
            <snippet/>
            <description><![CDATA[
<table>
<tr><td>Longitude: -81.681127</td></tr>
<tr><td>Latitude: 41.482328</td></tr>
<tr><td>Altitude: 629.265 ft</td></tr>
<tr><td>Speed: 8.1 mph</td></tr>
<tr><td>Heading: 140.6</td></tr>
<tr><td>Time: 2025-09-29T18:35:21Z</td></tr>
</table>
]]></description>
            <LookAt>
              <longitude>-81.681127</longitude>
              <latitude>41.482328</latitude>
              <tilt>66</tilt>
            </LookAt>
            <TimeStamp>
              <when>2025-09-29T18:35:21Z</when>
            </TimeStamp>
            <styleUrl>#track</styleUrl>
            <Point>
              <coordinates>-81.681127,41.482328,191.80</coordinates>
            </Point>
          </Placemark>
          <Placemark>
            <name>Tow-189</name>
            <snippet/>
            <description><![CDATA[
<table>
<tr><td>Longitude: -81.680873</td></tr>
<tr><td>Latitude: 41.482106</td></tr>
<tr><td>Altitude: 624.672 ft</td></tr>
<tr><td>Speed: 12.1 mph</td></tr>
<tr><td>Heading: 139.4</td></tr>
<tr><td>Time: 2025-09-29T18:35:27Z</td></tr>
</table>
]]></description>
            <LookAt>
              <longitude>-81.680873</longitude>
              <latitude>41.482106</latitude>
              <tilt>66</tilt>
            </LookAt>
            <TimeStamp>
              <when>2025-09-29T18:35:27Z</when>
            </TimeStamp>
            <styleUrl>#track</styleUrl>
            <Point>
              <coordinates>-81.680873,41.482106,190.40</coordinates>
            </Point>
          </Placemark>
          <Placemark>
            <name>Tow-190</name>
            <snippet/>
            <description><![CDATA[
<table>
<tr><td>Longitude: -81.680691</td></tr>
<tr><td>Latitude: 41.481928</td></tr>
<tr><td>Altitude: 618.766 ft</td></tr>
<tr><td>Speed: 14.0 mph</td></tr>
<tr><td>Heading: 142.6</td></tr>
<tr><td>Time: 2025-09-29T18:35:31Z</td></tr>
</table>
]]></description>
            <LookAt>
              <longitude>-81.680691</longitude>
              <latitude>41.481928</latitude>
              <tilt>66</tilt>
            </LookAt>
            <TimeStamp>
              <when>2025-09-29T18:35:31Z</when>
            </TimeStamp>
            <styleUrl>#track</styleUrl>
            <Point>
              <coordinates>-81.680691,41.481928,188.60</coordinates>
            </Point>
          </Placemark>
          <Placemark>
            <name>Tow-191</name>
            <snippet/>
            <description><![CDATA[
<table>
<tr><td>Longitude: -81.680627</td></tr>
<tr><td>Latitude: 41.481855</td></tr>
<tr><td>Altitude: 617.454 ft</td></tr>
<tr><td>Speed: 10.9 mph</td></tr>
<tr><td>Heading: 146.7</td></tr>
<tr><td>Time: 2025-09-29T18:35:33Z</td></tr>
</table>
]]></description>
            <LookAt>
              <longitude>-81.680627</longitude>
              <latitude>41.481855</latitude>
              <tilt>66</tilt>
            </LookAt>
            <TimeStamp>
              <when>2025-09-29T18:35:33Z</when>
            </TimeStamp>
            <styleUrl>#track</styleUrl>
            <Point>
              <coordinates>-81.680627,41.481855,188.20</coordinates>
            </Point>
          </Placemark>
          <Placemark>
            <name>Tow-192</name>
            <snippet/>
            <description><![CDATA[
<table>
<tr><td>Longitude: -81.680594</td></tr>
<tr><td>Latitude: 41.481821</td></tr>
<tr><td>Altitude: 616.142 ft</td></tr>
<tr><td>Speed: 10.4 mph</td></tr>
<tr><td>Heading: 143.6</td></tr>
<tr><td>Time: 2025-09-29T18:35:34Z</td></tr>
</table>
]]></description>
            <LookAt>
              <longitude>-81.680594</longitude>
              <latitude>41.481821</latitude>
              <tilt>66</tilt>
            </LookAt>
            <TimeStamp>
              <when>2025-09-29T18:35:34Z</when>
            </TimeStamp>
            <styleUrl>#track</styleUrl>
            <Point>
              <coordinates>-81.680594,41.481821,187.80</coordinates>
            </Point>
          </Placemark>
          <Placemark>
            <name>Tow-193</name>
            <snippet/>
            <description><![CDATA[
<table>
<tr><td>Longitude: -81.680426</td></tr>
<tr><td>Latitude: 41.481661</td></tr>
<tr><td>Altitude: 609.580 ft</td></tr>
<tr><td>Speed: 10.1 mph</td></tr>
<tr><td>Heading: 142.0</td></tr>
<tr><td>Time: 2025-09-29T18:35:39Z</td></tr>
</table>
]]></description>
            <LookAt>
              <longitude>-81.680426</longitude>
              <latitude>41.481661</latitude>
              <tilt>66</tilt>
            </LookAt>
            <TimeStamp>
              <when>2025-09-29T18:35:39Z</when>
            </TimeStamp>
            <styleUrl>#track</styleUrl>
            <Point>
              <coordinates>-81.680426,41.481661,185.80</coordinates>
            </Point>
          </Placemark>
          <Placemark>
            <name>Tow-194</name>
            <snippet/>
            <description><![CDATA[
<table>
<tr><td>Longitude: -81.680171</td></tr>
<tr><td>Latitude: 41.481442</td></tr>
<tr><td>Altitude: 604.987 ft</td></tr>
<tr><td>Speed: 12.1 mph</td></tr>
<tr><td>Heading: 138.8</td></tr>
<tr><td>Time: 2025-09-29T18:35:45Z</td></tr>
</table>
]]></description>
            <LookAt>
              <longitude>-81.680171</longitude>
              <latitude>41.481442</latitude>
              <tilt>66</tilt>
            </LookAt>
            <TimeStamp>
              <when>2025-09-29T18:35:45Z</when>
            </TimeStamp>
            <styleUrl>#track</styleUrl>
            <Point>
              <coordinates>-81.680171,41.481442,184.40</coordinates>
            </Point>
          </Placemark>
          <Placemark>
            <name>Tow-195</name>
            <snippet/>
            <description><![CDATA[
<table>
<tr><td>Longitude: -81.679741</td></tr>
<tr><td>Latitude: 41.481095</td></tr>
<tr><td>Altitude: 599.081 ft</td></tr>
<tr><td>Speed: 13.1 mph</td></tr>
<tr><td>Heading: 137.1</td></tr>
<tr><td>Time: 2025-09-29T18:35:54Z</td></tr>
</table>
]]></description>
            <LookAt>
              <longitude>-81.679741</longitude>
              <latitude>41.481095</latitude>
              <tilt>66</tilt>
            </LookAt>
            <TimeStamp>
              <when>2025-09-29T18:35:54Z</when>
            </TimeStamp>
            <styleUrl>#track</styleUrl>
            <Point>
              <coordinates>-81.679741,41.481095,182.60</coordinates>
            </Point>
          </Placemark>
          <Placemark>
            <name>Tow-196</name>
            <snippet/>
            <description><![CDATA[
<table>
<tr><td>Longitude: -81.679692</td></tr>
<tr><td>Latitude: 41.481059</td></tr>
<tr><td>Altitude: 598.425 ft</td></tr>
<tr><td>Speed: 12.7 mph</td></tr>
<tr><td>Heading: 134.1</td></tr>
<tr><td>Time: 2025-09-29T18:35:55Z</td></tr>
</table>
]]></description>
            <LookAt>
              <longitude>-81.679692</longitude>
              <latitude>41.481059</latitude>
              <tilt>66</tilt>
            </LookAt>
            <TimeStamp>
              <when>2025-09-29T18:35:55Z</when>
            </TimeStamp>
            <styleUrl>#track</styleUrl>
            <Point>
              <coordinates>-81.679692,41.481059,182.40</coordinates>
            </Point>
          </Placemark>
          <Placemark>
            <name>Tow-197</name>
            <snippet/>
            <description><![CDATA[
<table>
<tr><td>Longitude: -81.679283</td></tr>
<tr><td>Latitude: 41.480786</td></tr>
<tr><td>Altitude: 596.457 ft</td></tr>
<tr><td>Speed: 12.8 mph</td></tr>
<tr><td>Heading: 131.8</td></tr>
<tr><td>Time: 2025-09-29T18:36:03Z</td></tr>
</table>
]]></description>
            <LookAt>
              <longitude>-81.679283</longitude>
              <latitude>41.480786</latitude>
              <tilt>66</tilt>
            </LookAt>
            <TimeStamp>
              <when>2025-09-29T18:36:03Z</when>
            </TimeStamp>
            <styleUrl>#track</styleUrl>
            <Point>
              <coordinates>-81.679283,41.480786,181.80</coordinates>
            </Point>
          </Placemark>
          <Placemark>
            <name>Tow-198</name>
            <snippet/>
            <description><![CDATA[
<table>
<tr><td>Longitude: -81.679049</td></tr>
<tr><td>Latitude: 41.480620</td></tr>
<tr><td>Altitude: 594.488 ft</td></tr>
<tr><td>Speed: 10.0 mph</td></tr>
<tr><td>Heading: 133.3</td></tr>
<tr><td>Time: 2025-09-29T18:36:09Z</td></tr>
</table>
]]></description>
            <LookAt>
              <longitude>-81.679049</longitude>
              <latitude>41.480620</latitude>
              <tilt>66</tilt>
            </LookAt>
            <TimeStamp>
              <when>2025-09-29T18:36:09Z</when>
            </TimeStamp>
            <styleUrl>#track</styleUrl>
            <Point>
              <coordinates>-81.679049,41.480620,181.20</coordinates>
            </Point>
          </Placemark>
          <Placemark>
            <name>Tow-199</name>
            <snippet/>
            <description><![CDATA[
<table>
<tr><td>Longitude: -81.679051</td></tr>
<tr><td>Latitude: 41.480619</td></tr>
<tr><td>Altitude: 593.832 ft</td></tr>
<tr><td>Heading: 235.3</td></tr>
<tr><td>Time: 2025-09-29T18:36:14Z</td></tr>
</table>
]]></description>
            <LookAt>
              <longitude>-81.679051</longitude>
              <latitude>41.480619</latitude>
              <tilt>66</tilt>
            </LookAt>
            <TimeStamp>
              <when>2025-09-29T18:36:14Z</when>
            </TimeStamp>
            <styleUrl>#track</styleUrl>
            <Point>
              <coordinates>-81.679051,41.480619,181.00</coordinates>
            </Point>
          </Placemark>
          <Placemark>
            <name>Tow-200</name>
            <snippet/>
            <description><![CDATA[
<table>
<tr><td>Longitude: -81.678991</td></tr>
<tr><td>Latitude: 41.480550</td></tr>
<tr><td>Altitude: 593.176 ft</td></tr>
<tr><td>Speed: 0.8 mph</td></tr>
<tr><td>Heading: 146.7</td></tr>
<tr><td>Time: 2025-09-29T18:36:39Z</td></tr>
</table>
]]></description>
            <LookAt>
              <longitude>-81.678991</longitude>
              <latitude>41.480550</latitude>
              <tilt>66</tilt>
            </LookAt>
            <TimeStamp>
              <when>2025-09-29T18:36:39Z</when>
            </TimeStamp>
            <styleUrl>#track</styleUrl>
            <Point>
              <coordinates>-81.678991,41.480550,180.80</coordinates>
            </Point>
          </Placemark>
          <Placemark>
            <name>Tow-201</name>
            <snippet/>
            <description><![CDATA[
<table>
<tr><td>Longitude: -81.678839</td></tr>
<tr><td>Latitude: 41.480380</td></tr>
<tr><td>Altitude: 591.864 ft</td></tr>
<tr><td>Speed: 8.5 mph</td></tr>
<tr><td>Heading: 146.2</td></tr>
<tr><td>Time: 2025-09-29T18:36:45Z</td></tr>
</table>
]]></description>
            <LookAt>
              <longitude>-81.678839</longitude>
              <latitude>41.480380</latitude>
              <tilt>66</tilt>
            </LookAt>
            <TimeStamp>
              <when>2025-09-29T18:36:45Z</when>
            </TimeStamp>
            <styleUrl>#track</styleUrl>
            <Point>
              <coordinates>-81.678839,41.480380,180.40</coordinates>
            </Point>
          </Placemark>
          <Placemark>
            <name>Tow-202</name>
            <snippet/>
            <description><![CDATA[
<table>
<tr><td>Longitude: -81.678681</td></tr>
<tr><td>Latitude: 41.480161</td></tr>
<tr><td>Altitude: 588.583 ft</td></tr>
<tr><td>Speed: 12.4 mph</td></tr>
<tr><td>Heading: 151.7</td></tr>
<tr><td>Time: 2025-09-29T18:36:50Z</td></tr>
</table>
]]></description>
            <LookAt>
              <longitude>-81.678681</longitude>
              <latitude>41.480161</latitude>
              <tilt>66</tilt>
            </LookAt>
            <TimeStamp>
              <when>2025-09-29T18:36:50Z</when>
            </TimeStamp>
            <styleUrl>#track</styleUrl>
            <Point>
              <coordinates>-81.678681,41.480161,179.40</coordinates>
            </Point>
          </Placemark>
          <Placemark>
            <name>Tow-203</name>
            <snippet/>
            <description><![CDATA[
<table>
<tr><td>Longitude: -81.678416</td></tr>
<tr><td>Latitude: 41.479822</td></tr>
<tr><td>Altitude: 581.365 ft</td></tr>
<tr><td>Speed: 16.3 mph</td></tr>
<tr><td>Heading: 149.6</td></tr>
<tr><td>Time: 2025-09-29T18:36:56Z</td></tr>
</table>
]]></description>
            <LookAt>
              <longitude>-81.678416</longitude>
              <latitude>41.479822</latitude>
              <tilt>66</tilt>
            </LookAt>
            <TimeStamp>
              <when>2025-09-29T18:36:56Z</when>
            </TimeStamp>
            <styleUrl>#track</styleUrl>
            <Point>
              <coordinates>-81.678416,41.479822,177.20</coordinates>
            </Point>
          </Placemark>
          <Placemark>
            <name>Tow-204</name>
            <snippet/>
            <description><![CDATA[
<table>
<tr><td>Longitude: -81.678107</td></tr>
<tr><td>Latitude: 41.479477</td></tr>
<tr><td>Altitude: 574.803 ft</td></tr>
<tr><td>Speed: 20.7 mph</td></tr>
<tr><td>Heading: 146.2</td></tr>
<tr><td>Time: 2025-09-29T18:37:01Z</td></tr>
</table>
]]></description>
            <LookAt>
              <longitude>-81.678107</longitude>
              <latitude>41.479477</latitude>
              <tilt>66</tilt>
            </LookAt>
            <TimeStamp>
              <when>2025-09-29T18:37:01Z</when>
            </TimeStamp>
            <styleUrl>#track</styleUrl>
            <Point>
              <coordinates>-81.678107,41.479477,175.20</coordinates>
            </Point>
          </Placemark>
          <Placemark>
            <name>Tow-205</name>
            <snippet/>
            <description><![CDATA[
<table>
<tr><td>Longitude: -81.677721</td></tr>
<tr><td>Latitude: 41.479034</td></tr>
<tr><td>Altitude: 570.866 ft</td></tr>
<tr><td>Speed: 21.9 mph</td></tr>
<tr><td>Heading: 146.8</td></tr>
<tr><td>Time: 2025-09-29T18:37:07Z</td></tr>
</table>
]]></description>
            <LookAt>
              <longitude>-81.677721</longitude>
              <latitude>41.479034</latitude>
              <tilt>66</tilt>
            </LookAt>
            <TimeStamp>
              <when>2025-09-29T18:37:07Z</when>
            </TimeStamp>
            <styleUrl>#track</styleUrl>
            <Point>
              <coordinates>-81.677721,41.479034,174.00</coordinates>
            </Point>
          </Placemark>
          <Placemark>
            <name>Tow-206</name>
            <snippet/>
            <description><![CDATA[
<table>
<tr><td>Longitude: -81.677346</td></tr>
<tr><td>Latitude: 41.478691</td></tr>
<tr><td>Altitude: 570.866 ft</td></tr>
<tr><td>Speed: 18.4 mph</td></tr>
<tr><td>Heading: 140.8</td></tr>
<tr><td>Time: 2025-09-29T18:37:13Z</td></tr>
</table>
]]></description>
            <LookAt>
              <longitude>-81.677346</longitude>
              <latitude>41.478691</latitude>
              <tilt>66</tilt>
            </LookAt>
            <TimeStamp>
              <when>2025-09-29T18:37:13Z</when>
            </TimeStamp>
            <styleUrl>#track</styleUrl>
            <Point>
              <coordinates>-81.677346,41.478691,174.00</coordinates>
            </Point>
          </Placemark>
          <Placemark>
            <name>Tow-207</name>
            <snippet/>
            <description><![CDATA[
<table>
<tr><td>Longitude: -81.677256</td></tr>
<tr><td>Latitude: 41.478581</td></tr>
<tr><td>Altitude: 570.866 ft</td></tr>
<tr><td>Speed: 16.0 mph</td></tr>
<tr><td>Heading: 148.3</td></tr>
<tr><td>Time: 2025-09-29T18:37:15Z</td></tr>
</table>
]]></description>
            <LookAt>
              <longitude>-81.677256</longitude>
              <latitude>41.478581</latitude>
              <tilt>66</tilt>
            </LookAt>
            <TimeStamp>
              <when>2025-09-29T18:37:15Z</when>
            </TimeStamp>
            <styleUrl>#track</styleUrl>
            <Point>
              <coordinates>-81.677256,41.478581,174.00</coordinates>
            </Point>
          </Placemark>
          <Placemark>
            <name>Tow-208</name>
            <snippet/>
            <description><![CDATA[
<table>
<tr><td>Longitude: -81.677214</td></tr>
<tr><td>Latitude: 41.478469</td></tr>
<tr><td>Altitude: 572.835 ft</td></tr>
<tr><td>Speed: 14.5 mph</td></tr>
<tr><td>Heading: 164.6</td></tr>
<tr><td>Time: 2025-09-29T18:37:17Z</td></tr>
</table>
]]></description>
            <LookAt>
              <longitude>-81.677214</longitude>
              <latitude>41.478469</latitude>
              <tilt>66</tilt>
            </LookAt>
            <TimeStamp>
              <when>2025-09-29T18:37:17Z</when>
            </TimeStamp>
            <styleUrl>#track</styleUrl>
            <Point>
              <coordinates>-81.677214,41.478469,174.60</coordinates>
            </Point>
          </Placemark>
          <Placemark>
            <name>Tow-209</name>
            <snippet/>
            <description><![CDATA[
<table>
<tr><td>Longitude: -81.677205</td></tr>
<tr><td>Latitude: 41.478302</td></tr>
<tr><td>Altitude: 574.147 ft</td></tr>
<tr><td>Speed: 10.4 mph</td></tr>
<tr><td>Heading: 177.6</td></tr>
<tr><td>Time: 2025-09-29T18:37:21Z</td></tr>
</table>
]]></description>
            <LookAt>
              <longitude>-81.677205</longitude>
              <latitude>41.478302</latitude>
              <tilt>66</tilt>
            </LookAt>
            <TimeStamp>
              <when>2025-09-29T18:37:21Z</when>
            </TimeStamp>
            <styleUrl>#track</styleUrl>
            <Point>
              <coordinates>-81.677205,41.478302,175.00</coordinates>
            </Point>
          </Placemark>
          <Placemark>
            <name>Tow-210</name>
            <snippet/>
            <description><![CDATA[
<table>
<tr><td>Longitude: -81.677249</td></tr>
<tr><td>Latitude: 41.478185</td></tr>
<tr><td>Altitude: 579.396 ft</td></tr>
<tr><td>Speed: 6.1 mph</td></tr>
<tr><td>Heading: 195.8</td></tr>
<tr><td>Time: 2025-09-29T18:37:26Z</td></tr>
</table>
]]></description>
            <LookAt>
              <longitude>-81.677249</longitude>
              <latitude>41.478185</latitude>
              <tilt>66</tilt>
            </LookAt>
            <TimeStamp>
              <when>2025-09-29T18:37:26Z</when>
            </TimeStamp>
            <styleUrl>#track</styleUrl>
            <Point>
              <coordinates>-81.677249,41.478185,176.60</coordinates>
            </Point>
          </Placemark>
          <Placemark>
            <name>Tow-211</name>
            <snippet/>
            <description><![CDATA[
<table>
<tr><td>Longitude: -81.677251</td></tr>
<tr><td>Latitude: 41.478177</td></tr>
<tr><td>Altitude: 584.646 ft</td></tr>
<tr><td>Heading: 188.2</td></tr>
<tr><td>Time: 2025-09-29T18:37:31Z</td></tr>
</table>
]]></description>
            <LookAt>
              <longitude>-81.677251</longitude>
              <latitude>41.478177</latitude>
              <tilt>66</tilt>
            </LookAt>
            <TimeStamp>
              <when>2025-09-29T18:37:31Z</when>
            </TimeStamp>
            <styleUrl>#track</styleUrl>
            <Point>
              <coordinates>-81.677251,41.478177,178.20</coordinates>
            </Point>
          </Placemark>
          <Placemark>
            <name>Tow-212</name>
            <snippet/>
            <description><![CDATA[
<table>
<tr><td>Longitude: -81.677294</td></tr>
<tr><td>Latitude: 41.478119</td></tr>
<tr><td>Altitude: 583.990 ft</td></tr>
<tr><td>Speed: 0.5 mph</td></tr>
<tr><td>Heading: 209.3</td></tr>
<tr><td>Time: 2025-09-29T18:38:07Z</td></tr>
</table>
]]></description>
            <LookAt>
              <longitude>-81.677294</longitude>
              <latitude>41.478119</latitude>
              <tilt>66</tilt>
            </LookAt>
            <TimeStamp>
              <when>2025-09-29T18:38:07Z</when>
            </TimeStamp>
            <styleUrl>#track</styleUrl>
            <Point>
              <coordinates>-81.677294,41.478119,178.00</coordinates>
            </Point>
          </Placemark>
          <Placemark>
            <name>Tow-213</name>
            <snippet/>
            <description><![CDATA[
<table>
<tr><td>Longitude: -81.677352</td></tr>
<tr><td>Latitude: 41.478016</td></tr>
<tr><td>Altitude: 585.302 ft</td></tr>
<tr><td>Speed: 5.6 mph</td></tr>
<tr><td>Heading: 202.8</td></tr>
<tr><td>Time: 2025-09-29T18:38:12Z</td></tr>
</table>
]]></description>
            <LookAt>
              <longitude>-81.677352</longitude>
              <latitude>41.478016</latitude>
              <tilt>66</tilt>
            </LookAt>
            <TimeStamp>
              <when>2025-09-29T18:38:12Z</when>
            </TimeStamp>
            <styleUrl>#track</styleUrl>
            <Point>
              <coordinates>-81.677352,41.478016,178.40</coordinates>
            </Point>
          </Placemark>
          <Placemark>
            <name>Tow-214</name>
            <snippet/>
            <description><![CDATA[
<table>
<tr><td>Longitude: -81.677427</td></tr>
<tr><td>Latitude: 41.477940</td></tr>
<tr><td>Altitude: 586.614 ft</td></tr>
<tr><td>Speed: 4.7 mph</td></tr>
<tr><td>Heading: 216.7</td></tr>
<tr><td>Time: 2025-09-29T18:38:17Z</td></tr>
</table>
]]></description>
            <LookAt>
              <longitude>-81.677427</longitude>
              <latitude>41.477940</latitude>
              <tilt>66</tilt>
            </LookAt>
            <TimeStamp>
              <when>2025-09-29T18:38:17Z</when>
            </TimeStamp>
            <styleUrl>#track</styleUrl>
            <Point>
              <coordinates>-81.677427,41.477940,178.80</coordinates>
            </Point>
          </Placemark>
          <Placemark>
            <name>Tow-215</name>
            <snippet/>
            <description><![CDATA[
<table>
<tr><td>Longitude: -81.677579</td></tr>
<tr><td>Latitude: 41.477811</td></tr>
<tr><td>Altitude: 589.239 ft</td></tr>
<tr><td>Speed: 4.8 mph</td></tr>
<tr><td>Heading: 221.3</td></tr>
<tr><td>Time: 2025-09-29T18:38:26Z</td></tr>
</table>
]]></description>
            <LookAt>
              <longitude>-81.677579</longitude>
              <latitude>41.477811</latitude>
              <tilt>66</tilt>
            </LookAt>
            <TimeStamp>
              <when>2025-09-29T18:38:26Z</when>
            </TimeStamp>
            <styleUrl>#track</styleUrl>
            <Point>
              <coordinates>-81.677579,41.477811,179.60</coordinates>
            </Point>
          </Placemark>
          <Placemark>
            <name>Tow-216</name>
            <snippet/>
            <description><![CDATA[
<table>
<tr><td>Longitude: -81.677676</td></tr>
<tr><td>Latitude: 41.477678</td></tr>
<tr><td>Altitude: 590.551 ft</td></tr>
<tr><td>Speed: 4.7 mph</td></tr>
<tr><td>Heading: 208.8</td></tr>
<tr><td>Time: 2025-09-29T18:38:34Z</td></tr>
</table>
]]></description>
            <LookAt>
              <longitude>-81.677676</longitude>
              <latitude>41.477678</latitude>
              <tilt>66</tilt>
            </LookAt>
            <TimeStamp>
              <when>2025-09-29T18:38:34Z</when>
            </TimeStamp>
            <styleUrl>#track</styleUrl>
            <Point>
              <coordinates>-81.677676,41.477678,180.00</coordinates>
            </Point>
          </Placemark>
          <Placemark>
            <name>Tow-217</name>
            <snippet/>
            <description><![CDATA[
<table>
<tr><td>Longitude: -81.677714</td></tr>
<tr><td>Latitude: 41.477550</td></tr>
<tr><td>Altitude: 597.113 ft</td></tr>
<tr><td>Speed: 4.7 mph</td></tr>
<tr><td>Heading: 192.4</td></tr>
<tr><td>Time: 2025-09-29T18:38:41Z</td></tr>
</table>
]]></description>
            <LookAt>
              <longitude>-81.677714</longitude>
              <latitude>41.477550</latitude>
              <tilt>66</tilt>
            </LookAt>
            <TimeStamp>
              <when>2025-09-29T18:38:41Z</when>
            </TimeStamp>
            <styleUrl>#track</styleUrl>
            <Point>
              <coordinates>-81.677714,41.477550,182.00</coordinates>
            </Point>
          </Placemark>
          <Placemark>
            <name>Tow-218</name>
            <snippet/>
            <description><![CDATA[
<table>
<tr><td>Longitude: -81.677699</td></tr>
<tr><td>Latitude: 41.477432</td></tr>
<tr><td>Altitude: 601.706 ft</td></tr>
<tr><td>Speed: 4.2 mph</td></tr>
<tr><td>Heading: 174.7</td></tr>
<tr><td>Time: 2025-09-29T18:38:48Z</td></tr>
</table>
]]></description>
            <LookAt>
              <longitude>-81.677699</longitude>
              <latitude>41.477432</latitude>
              <tilt>66</tilt>
            </LookAt>
            <TimeStamp>
              <when>2025-09-29T18:38:48Z</when>
            </TimeStamp>
            <styleUrl>#track</styleUrl>
            <Point>
              <coordinates>-81.677699,41.477432,183.40</coordinates>
            </Point>
          </Placemark>
          <Placemark>
            <name>Tow-219</name>
            <snippet/>
            <description><![CDATA[
<table>
<tr><td>Longitude: -81.677650</td></tr>
<tr><td>Latitude: 41.477326</td></tr>
<tr><td>Altitude: 603.018 ft</td></tr>
<tr><td>Speed: 4.7 mph</td></tr>
<tr><td>Heading: 161.0</td></tr>
<tr><td>Time: 2025-09-29T18:38:54Z</td></tr>
</table>
]]></description>
            <LookAt>
              <longitude>-81.677650</longitude>
              <latitude>41.477326</latitude>
              <tilt>66</tilt>
            </LookAt>
            <TimeStamp>
              <when>2025-09-29T18:38:54Z</when>
            </TimeStamp>
            <styleUrl>#track</styleUrl>
            <Point>
              <coordinates>-81.677650,41.477326,183.80</coordinates>
            </Point>
          </Placemark>
          <Placemark>
            <name>Tow-220</name>
            <snippet/>
            <description><![CDATA[
<table>
<tr><td>Longitude: -81.677558</td></tr>
<tr><td>Latitude: 41.477178</td></tr>
<tr><td>Altitude: 602.362 ft</td></tr>
<tr><td>Speed: 4.5 mph</td></tr>
<tr><td>Heading: 154.9</td></tr>
<tr><td>Time: 2025-09-29T18:39:03Z</td></tr>
</table>
]]></description>
            <LookAt>
              <longitude>-81.677558</longitude>
              <latitude>41.477178</latitude>
              <tilt>66</tilt>
            </LookAt>
            <TimeStamp>
              <when>2025-09-29T18:39:03Z</when>
            </TimeStamp>
            <styleUrl>#track</styleUrl>
            <Point>
              <coordinates>-81.677558,41.477178,183.60</coordinates>
            </Point>
          </Placemark>
          <Placemark>
            <name>Tow-221</name>
            <snippet/>
            <description><![CDATA[
<table>
<tr><td>Longitude: -81.677479</td></tr>
<tr><td>Latitude: 41.477043</td></tr>
<tr><td>Altitude: 602.362 ft</td></tr>
<tr><td>Speed: 5.2 mph</td></tr>
<tr><td>Heading: 156.3</td></tr>
<tr><td>Time: 2025-09-29T18:39:10Z</td></tr>
</table>
]]></description>
            <LookAt>
              <longitude>-81.677479</longitude>
              <latitude>41.477043</latitude>
              <tilt>66</tilt>
            </LookAt>
            <TimeStamp>
              <when>2025-09-29T18:39:10Z</when>
            </TimeStamp>
            <styleUrl>#track</styleUrl>
            <Point>
              <coordinates>-81.677479,41.477043,183.60</coordinates>
            </Point>
          </Placemark>
          <Placemark>
            <name>Tow-222</name>
            <snippet/>
            <description><![CDATA[
<table>
<tr><td>Longitude: -81.677392</td></tr>
<tr><td>Latitude: 41.476969</td></tr>
<tr><td>Altitude: 610.236 ft</td></tr>
<tr><td>Speed: 3.5 mph</td></tr>
<tr><td>Heading: 138.6</td></tr>
<tr><td>Time: 2025-09-29T18:39:17Z</td></tr>
</table>
]]></description>
            <LookAt>
              <longitude>-81.677392</longitude>
              <latitude>41.476969</latitude>
              <tilt>66</tilt>
            </LookAt>
            <TimeStamp>
              <when>2025-09-29T18:39:17Z</when>
            </TimeStamp>
            <styleUrl>#track</styleUrl>
            <Point>
              <coordinates>-81.677392,41.476969,186.00</coordinates>
            </Point>
          </Placemark>
          <Placemark>
            <name>Tow-223</name>
            <snippet/>
            <description><![CDATA[
<table>
<tr><td>Longitude: -81.677247</td></tr>
<tr><td>Latitude: 41.476880</td></tr>
<tr><td>Altitude: 623.360 ft</td></tr>
<tr><td>Speed: 3.5 mph</td></tr>
<tr><td>Heading: 129.3</td></tr>
<tr><td>Time: 2025-09-29T18:39:27Z</td></tr>
</table>
]]></description>
            <LookAt>
              <longitude>-81.677247</longitude>
              <latitude>41.476880</latitude>
              <tilt>66</tilt>
            </LookAt>
            <TimeStamp>
              <when>2025-09-29T18:39:27Z</when>
            </TimeStamp>
            <styleUrl>#track</styleUrl>
            <Point>
              <coordinates>-81.677247,41.476880,190.00</coordinates>
            </Point>
          </Placemark>
          <Placemark>
            <name>Tow-224</name>
            <snippet/>
            <description><![CDATA[
<table>
<tr><td>Longitude: -81.677237</td></tr>
<tr><td>Latitude: 41.476869</td></tr>
<tr><td>Altitude: 623.360 ft</td></tr>
<tr><td>Speed: 0.7 mph</td></tr>
<tr><td>Heading: 144.9</td></tr>
<tr><td>Time: 2025-09-29T18:39:32Z</td></tr>
</table>
]]></description>
            <LookAt>
              <longitude>-81.677237</longitude>
              <latitude>41.476869</latitude>
              <tilt>66</tilt>
            </LookAt>
            <TimeStamp>
              <when>2025-09-29T18:39:32Z</when>
            </TimeStamp>
            <styleUrl>#track</styleUrl>
            <Point>
              <coordinates>-81.677237,41.476869,190.00</coordinates>
            </Point>
          </Placemark>
          <Placemark>
            <name>Tow-225</name>
            <snippet/>
            <description><![CDATA[
<table>
<tr><td>Longitude: -81.677186</td></tr>
<tr><td>Latitude: 41.476786</td></tr>
<tr><td>Altitude: 624.016 ft</td></tr>
<tr><td>Speed: 0.8 mph</td></tr>
<tr><td>Heading: 155.4</td></tr>
<tr><td>Time: 2025-09-29T18:40:01Z</td></tr>
</table>
]]></description>
            <LookAt>
              <longitude>-81.677186</longitude>
              <latitude>41.476786</latitude>
              <tilt>66</tilt>
            </LookAt>
            <TimeStamp>
              <when>2025-09-29T18:40:01Z</when>
            </TimeStamp>
            <styleUrl>#track</styleUrl>
            <Point>
              <coordinates>-81.677186,41.476786,190.20</coordinates>
            </Point>
          </Placemark>
          <Placemark>
            <name>Tow-226</name>
            <snippet/>
            <description><![CDATA[
<table>
<tr><td>Longitude: -81.677246</td></tr>
<tr><td>Latitude: 41.476670</td></tr>
<tr><td>Altitude: 625.984 ft</td></tr>
<tr><td>Speed: 5.2 mph</td></tr>
<tr><td>Heading: 201.0</td></tr>
<tr><td>Time: 2025-09-29T18:40:07Z</td></tr>
</table>
]]></description>
            <LookAt>
              <longitude>-81.677246</longitude>
              <latitude>41.476670</latitude>
              <tilt>66</tilt>
            </LookAt>
            <TimeStamp>
              <when>2025-09-29T18:40:07Z</when>
            </TimeStamp>
            <styleUrl>#track</styleUrl>
            <Point>
              <coordinates>-81.677246,41.476670,190.80</coordinates>
            </Point>
          </Placemark>
          <Placemark>
            <name>Tow-227</name>
            <snippet/>
            <description><![CDATA[
<table>
<tr><td>Longitude: -81.677366</td></tr>
<tr><td>Latitude: 41.476530</td></tr>
<tr><td>Altitude: 631.890 ft</td></tr>
<tr><td>Speed: 5.9 mph</td></tr>
<tr><td>Heading: 212.8</td></tr>
<tr><td>Time: 2025-09-29T18:40:14Z</td></tr>
</table>
]]></description>
            <LookAt>
              <longitude>-81.677366</longitude>
              <latitude>41.476530</latitude>
              <tilt>66</tilt>
            </LookAt>
            <TimeStamp>
              <when>2025-09-29T18:40:14Z</when>
            </TimeStamp>
            <styleUrl>#track</styleUrl>
            <Point>
              <coordinates>-81.677366,41.476530,192.60</coordinates>
            </Point>
          </Placemark>
          <Placemark>
            <name>Tow-228</name>
            <snippet/>
            <description><![CDATA[
<table>
<tr><td>Longitude: -81.677520</td></tr>
<tr><td>Latitude: 41.476400</td></tr>
<tr><td>Altitude: 631.234 ft</td></tr>
<tr><td>Speed: 5.4 mph</td></tr>
<tr><td>Heading: 221.4</td></tr>
<tr><td>Time: 2025-09-29T18:40:22Z</td></tr>
</table>
]]></description>
            <LookAt>
              <longitude>-81.677520</longitude>
              <latitude>41.476400</latitude>
              <tilt>66</tilt>
            </LookAt>
            <TimeStamp>
              <when>2025-09-29T18:40:22Z</when>
            </TimeStamp>
            <styleUrl>#track</styleUrl>
            <Point>
              <coordinates>-81.677520,41.476400,192.40</coordinates>
            </Point>
          </Placemark>
          <Placemark>
            <name>Tow-229</name>
            <snippet/>
            <description><![CDATA[
<table>
<tr><td>Longitude: -81.677695</td></tr>
<tr><td>Latitude: 41.476288</td></tr>
<tr><td>Altitude: 631.890 ft</td></tr>
<tr><td>Speed: 5.4 mph</td></tr>
<tr><td>Heading: 229.5</td></tr>
<tr><td>Time: 2025-09-29T18:40:30Z</td></tr>
</table>
]]></description>
            <LookAt>
              <longitude>-81.677695</longitude>
              <latitude>41.476288</latitude>
              <tilt>66</tilt>
            </LookAt>
            <TimeStamp>
              <when>2025-09-29T18:40:30Z</when>
            </TimeStamp>
            <styleUrl>#track</styleUrl>
            <Point>
              <coordinates>-81.677695,41.476288,192.60</coordinates>
            </Point>
          </Placemark>
          <Placemark>
            <name>Tow-230</name>
            <snippet/>
            <description><![CDATA[
<table>
<tr><td>Longitude: -81.677938</td></tr>
<tr><td>Latitude: 41.476163</td></tr>
<tr><td>Altitude: 635.827 ft</td></tr>
<tr><td>Speed: 5.0 mph</td></tr>
<tr><td>Heading: 235.7</td></tr>
<tr><td>Time: 2025-09-29T18:40:41Z</td></tr>
</table>
]]></description>
            <LookAt>
              <longitude>-81.677938</longitude>
              <latitude>41.476163</latitude>
              <tilt>66</tilt>
            </LookAt>
            <TimeStamp>
              <when>2025-09-29T18:40:41Z</when>
            </TimeStamp>
            <styleUrl>#track</styleUrl>
            <Point>
              <coordinates>-81.677938,41.476163,193.80</coordinates>
            </Point>
          </Placemark>
          <Placemark>
            <name>Tow-231</name>
            <snippet/>
            <description><![CDATA[
<table>
<tr><td>Longitude: -81.678111</td></tr>
<tr><td>Latitude: 41.476034</td></tr>
<tr><td>Altitude: 633.858 ft</td></tr>
<tr><td>Speed: 5.1 mph</td></tr>
<tr><td>Heading: 225.2</td></tr>
<tr><td>Time: 2025-09-29T18:40:50Z</td></tr>
</table>
]]></description>
            <LookAt>
              <longitude>-81.678111</longitude>
              <latitude>41.476034</latitude>
              <tilt>66</tilt>
            </LookAt>
            <TimeStamp>
              <when>2025-09-29T18:40:50Z</when>
            </TimeStamp>
            <styleUrl>#track</styleUrl>
            <Point>
              <coordinates>-81.678111,41.476034,193.20</coordinates>
            </Point>
          </Placemark>
          <Placemark>
            <name>Tow-232</name>
            <snippet/>
            <description><![CDATA[
<table>
<tr><td>Longitude: -81.678203</td></tr>
<tr><td>Latitude: 41.475922</td></tr>
<tr><td>Altitude: 634.515 ft</td></tr>
<tr><td>Speed: 4.7 mph</td></tr>
<tr><td>Heading: 211.5</td></tr>
<tr><td>Time: 2025-09-29T18:40:57Z</td></tr>
</table>
]]></description>
            <LookAt>
              <longitude>-81.678203</longitude>
              <latitude>41.475922</latitude>
              <tilt>66</tilt>
            </LookAt>
            <TimeStamp>
              <when>2025-09-29T18:40:57Z</when>
            </TimeStamp>
            <styleUrl>#track</styleUrl>
            <Point>
              <coordinates>-81.678203,41.475922,193.40</coordinates>
            </Point>
          </Placemark>
          <Placemark>
            <name>Tow-233</name>
            <snippet/>
            <description><![CDATA[
<table>
<tr><td>Longitude: -81.678216</td></tr>
<tr><td>Latitude: 41.475890</td></tr>
<tr><td>Altitude: 634.515 ft</td></tr>
<tr><td>Speed: 1.7 mph</td></tr>
<tr><td>Heading: 196.6</td></tr>
<tr><td>Time: 2025-09-29T18:41:02Z</td></tr>
</table>
]]></description>
            <LookAt>
              <longitude>-81.678216</longitude>
              <latitude>41.475890</latitude>
              <tilt>66</tilt>
            </LookAt>
            <TimeStamp>
              <when>2025-09-29T18:41:02Z</when>
            </TimeStamp>
            <styleUrl>#track</styleUrl>
            <Point>
              <coordinates>-81.678216,41.475890,193.40</coordinates>
            </Point>
          </Placemark>
          <Placemark>
            <name>Tow-234</name>
            <snippet/>
            <description><![CDATA[
<table>
<tr><td>Longitude: -81.678221</td></tr>
<tr><td>Latitude: 41.475887</td></tr>
<tr><td>Altitude: 636.483 ft</td></tr>
<tr><td>Heading: 232.3</td></tr>
<tr><td>Time: 2025-09-29T18:41:32Z</td></tr>
</table>
]]></description>
            <LookAt>
              <longitude>-81.678221</longitude>
              <latitude>41.475887</latitude>
              <tilt>66</tilt>
            </LookAt>
            <TimeStamp>
              <when>2025-09-29T18:41:32Z</when>
            </TimeStamp>
            <styleUrl>#track</styleUrl>
            <Point>
              <coordinates>-81.678221,41.475887,194.00</coordinates>
            </Point>
          </Placemark>
          <Placemark>
            <name>Tow-235</name>
            <snippet/>
            <description><![CDATA[
<table>
<tr><td>Longitude: -81.678228</td></tr>
<tr><td>Latitude: 41.475834</td></tr>
<tr><td>Altitude: 635.827 ft</td></tr>
<tr><td>Speed: 4.4 mph</td></tr>
<tr><td>Heading: 186.2</td></tr>
<tr><td>Time: 2025-09-29T18:41:35Z</td></tr>
</table>
]]></description>
            <LookAt>
              <longitude>-81.678228</longitude>
              <latitude>41.475834</latitude>
              <tilt>66</tilt>
            </LookAt>
            <TimeStamp>
              <when>2025-09-29T18:41:35Z</when>
            </TimeStamp>
            <styleUrl>#track</styleUrl>
            <Point>
              <coordinates>-81.678228,41.475834,193.80</coordinates>
            </Point>
          </Placemark>
          <Placemark>
            <name>Tow-236</name>
            <snippet/>
            <description><![CDATA[
<table>
<tr><td>Longitude: -81.678171</td></tr>
<tr><td>Latitude: 41.475745</td></tr>
<tr><td>Altitude: 635.827 ft</td></tr>
<tr><td>Speed: 4.9 mph</td></tr>
<tr><td>Heading: 154.2</td></tr>
<tr><td>Time: 2025-09-29T18:41:40Z</td></tr>
</table>
]]></description>
            <LookAt>
              <longitude>-81.678171</longitude>
              <latitude>41.475745</latitude>
              <tilt>66</tilt>
            </LookAt>
            <TimeStamp>
              <when>2025-09-29T18:41:40Z</when>
            </TimeStamp>
            <styleUrl>#track</styleUrl>
            <Point>
              <coordinates>-81.678171,41.475745,193.80</coordinates>
            </Point>
          </Placemark>
          <Placemark>
            <name>Tow-237</name>
            <snippet/>
            <description><![CDATA[
<table>
<tr><td>Longitude: -81.678027</td></tr>
<tr><td>Latitude: 41.475678</td></tr>
<tr><td>Altitude: 636.483 ft</td></tr>
<tr><td>Speed: 4.5 mph</td></tr>
<tr><td>Heading: 121.7</td></tr>
<tr><td>Time: 2025-09-29T18:41:47Z</td></tr>
</table>
]]></description>
            <LookAt>
              <longitude>-81.678027</longitude>
              <latitude>41.475678</latitude>
              <tilt>66</tilt>
            </LookAt>
            <TimeStamp>
              <when>2025-09-29T18:41:47Z</when>
            </TimeStamp>
            <styleUrl>#track</styleUrl>
            <Point>
              <coordinates>-81.678027,41.475678,194.00</coordinates>
            </Point>
          </Placemark>
          <Placemark>
            <name>Tow-238</name>
            <snippet/>
            <description><![CDATA[
<table>
<tr><td>Longitude: -81.677982</td></tr>
<tr><td>Latitude: 41.475654</td></tr>
<tr><td>Altitude: 636.483 ft</td></tr>
<tr><td>Speed: 1.7 mph</td></tr>
<tr><td>Heading: 125.9</td></tr>
<tr><td>Time: 2025-09-29T18:41:53Z</td></tr>
</table>
]]></description>
            <LookAt>
              <longitude>-81.677982</longitude>
              <latitude>41.475654</latitude>
              <tilt>66</tilt>
            </LookAt>
            <TimeStamp>
              <when>2025-09-29T18:41:53Z</when>
            </TimeStamp>
            <styleUrl>#track</styleUrl>
            <Point>
              <coordinates>-81.677982,41.475654,194.00</coordinates>
            </Point>
          </Placemark>
          <Placemark>
            <name>Tow-239</name>
            <snippet/>
            <description><![CDATA[
<table>
<tr><td>Longitude: -81.678073</td></tr>
<tr><td>Latitude: 41.475696</td></tr>
<tr><td>Altitude: 635.171 ft</td></tr>
<tr><td>Speed: 0.5 mph</td></tr>
<tr><td>Heading: 301.2</td></tr>
<tr><td>Time: 2025-09-29T18:42:31Z</td></tr>
</table>
]]></description>
            <LookAt>
              <longitude>-81.678073</longitude>
              <latitude>41.475696</latitude>
              <tilt>66</tilt>
            </LookAt>
            <TimeStamp>
              <when>2025-09-29T18:42:31Z</when>
            </TimeStamp>
            <styleUrl>#track</styleUrl>
            <Point>
              <coordinates>-81.678073,41.475696,193.60</coordinates>
            </Point>
          </Placemark>
          <Placemark>
            <name>Tow-240</name>
            <snippet/>
            <description><![CDATA[
<table>
<tr><td>Longitude: -81.678181</td></tr>
<tr><td>Latitude: 41.475729</td></tr>
<tr><td>Altitude: 634.515 ft</td></tr>
<tr><td>Speed: 3.6 mph</td></tr>
<tr><td>Heading: 292.5</td></tr>
<tr><td>Time: 2025-09-29T18:42:37Z</td></tr>
</table>
]]></description>
            <LookAt>
              <longitude>-81.678181</longitude>
              <latitude>41.475729</latitude>
              <tilt>66</tilt>
            </LookAt>
            <TimeStamp>
              <when>2025-09-29T18:42:37Z</when>
            </TimeStamp>
            <styleUrl>#track</styleUrl>
            <Point>
              <coordinates>-81.678181,41.475729,193.40</coordinates>
            </Point>
          </Placemark>
          <Placemark>
            <name>Tow-241</name>
            <snippet/>
            <description><![CDATA[
<table>
<tr><td>Longitude: -81.678258</td></tr>
<tr><td>Latitude: 41.475717</td></tr>
<tr><td>Altitude: 634.515 ft</td></tr>
<tr><td>Speed: 0.5 mph</td></tr>
<tr><td>Heading: 257.8</td></tr>
<tr><td>Time: 2025-09-29T18:43:07Z</td></tr>
</table>
]]></description>
            <LookAt>
              <longitude>-81.678258</longitude>
              <latitude>41.475717</latitude>
              <tilt>66</tilt>
            </LookAt>
            <TimeStamp>
              <when>2025-09-29T18:43:07Z</when>
            </TimeStamp>
            <styleUrl>#track</styleUrl>
            <Point>
              <coordinates>-81.678258,41.475717,193.40</coordinates>
            </Point>
          </Placemark>
          <Placemark>
            <name>Tow-242</name>
            <snippet/>
            <description><![CDATA[
<table>
<tr><td>Longitude: -81.678276</td></tr>
<tr><td>Latitude: 41.475624</td></tr>
<tr><td>Altitude: 632.546 ft</td></tr>
<tr><td>Speed: 5.8 mph</td></tr>
<tr><td>Heading: 188.3</td></tr>
<tr><td>Time: 2025-09-29T18:43:11Z</td></tr>
</table>
]]></description>
            <LookAt>
              <longitude>-81.678276</longitude>
              <latitude>41.475624</latitude>
              <tilt>66</tilt>
            </LookAt>
            <TimeStamp>
              <when>2025-09-29T18:43:11Z</when>
            </TimeStamp>
            <styleUrl>#track</styleUrl>
            <Point>
              <coordinates>-81.678276,41.475624,192.80</coordinates>
            </Point>
          </Placemark>
          <Placemark>
            <name>Tow-243</name>
            <snippet/>
            <description><![CDATA[
<table>
<tr><td>Longitude: -81.678320</td></tr>
<tr><td>Latitude: 41.475423</td></tr>
<tr><td>Altitude: 627.953 ft</td></tr>
<tr><td>Speed: 7.3 mph</td></tr>
<tr><td>Heading: 189.5</td></tr>
<tr><td>Time: 2025-09-29T18:43:18Z</td></tr>
</table>
]]></description>
            <LookAt>
              <longitude>-81.678320</longitude>
              <latitude>41.475423</latitude>
              <tilt>66</tilt>
            </LookAt>
            <TimeStamp>
              <when>2025-09-29T18:43:18Z</when>
            </TimeStamp>
            <styleUrl>#track</styleUrl>
            <Point>
              <coordinates>-81.678320,41.475423,191.40</coordinates>
            </Point>
          </Placemark>
          <Placemark>
            <name>Tow-244</name>
            <snippet/>
            <description><![CDATA[
<table>
<tr><td>Longitude: -81.678381</td></tr>
<tr><td>Latitude: 41.475312</td></tr>
<tr><td>Altitude: 625.328 ft</td></tr>
<tr><td>Speed: 10.0 mph</td></tr>
<tr><td>Heading: 202.3</td></tr>
<tr><td>Time: 2025-09-29T18:43:21Z</td></tr>
</table>
]]></description>
            <LookAt>
              <longitude>-81.678381</longitude>
              <latitude>41.475312</latitude>
              <tilt>66</tilt>
            </LookAt>
            <TimeStamp>
              <when>2025-09-29T18:43:21Z</when>
            </TimeStamp>
            <styleUrl>#track</styleUrl>
            <Point>
              <coordinates>-81.678381,41.475312,190.60</coordinates>
            </Point>
          </Placemark>
          <Placemark>
            <name>Tow-245</name>
            <snippet/>
            <description><![CDATA[
<table>
<tr><td>Longitude: -81.678443</td></tr>
<tr><td>Latitude: 41.475249</td></tr>
<tr><td>Altitude: 622.703 ft</td></tr>
<tr><td>Speed: 9.7 mph</td></tr>
<tr><td>Heading: 216.3</td></tr>
<tr><td>Time: 2025-09-29T18:43:23Z</td></tr>
</table>
]]></description>
            <LookAt>
              <longitude>-81.678443</longitude>
              <latitude>41.475249</latitude>
              <tilt>66</tilt>
            </LookAt>
            <TimeStamp>
              <when>2025-09-29T18:43:23Z</when>
            </TimeStamp>
            <styleUrl>#track</styleUrl>
            <Point>
              <coordinates>-81.678443,41.475249,189.80</coordinates>
            </Point>
          </Placemark>
          <Placemark>
            <name>Tow-246</name>
            <snippet/>
            <description><![CDATA[
<table>
<tr><td>Longitude: -81.678542</td></tr>
<tr><td>Latitude: 41.475188</td></tr>
<tr><td>Altitude: 620.735 ft</td></tr>
<tr><td>Speed: 6.0 mph</td></tr>
<tr><td>Heading: 230.9</td></tr>
<tr><td>Time: 2025-09-29T18:43:27Z</td></tr>
</table>
]]></description>
            <LookAt>
              <longitude>-81.678542</longitude>
              <latitude>41.475188</latitude>
              <tilt>66</tilt>
            </LookAt>
            <TimeStamp>
              <when>2025-09-29T18:43:27Z</when>
            </TimeStamp>
            <styleUrl>#track</styleUrl>
            <Point>
              <coordinates>-81.678542,41.475188,189.20</coordinates>
            </Point>
          </Placemark>
          <Placemark>
            <name>Tow-247</name>
            <snippet/>
            <description><![CDATA[
<table>
<tr><td>Longitude: -81.678558</td></tr>
<tr><td>Latitude: 41.475183</td></tr>
<tr><td>Altitude: 622.703 ft</td></tr>
<tr><td>Speed: 0.8 mph</td></tr>
<tr><td>Heading: 244.0</td></tr>
<tr><td>Time: 2025-09-29T18:43:31Z</td></tr>
</table>
]]></description>
            <LookAt>
              <longitude>-81.678558</longitude>
              <latitude>41.475183</latitude>
              <tilt>66</tilt>
            </LookAt>
            <TimeStamp>
              <when>2025-09-29T18:43:31Z</when>
            </TimeStamp>
            <styleUrl>#track</styleUrl>
            <Point>
              <coordinates>-81.678558,41.475183,189.80</coordinates>
            </Point>
          </Placemark>
          <Placemark>
            <name>Tow-248</name>
            <snippet/>
            <description><![CDATA[
<table>
<tr><td>Longitude: -81.678630</td></tr>
<tr><td>Latitude: 41.475126</td></tr>
<tr><td>Altitude: 624.016 ft</td></tr>
<tr><td>Speed: 0.9 mph</td></tr>
<tr><td>Heading: 223.9</td></tr>
<tr><td>Time: 2025-09-29T18:43:54Z</td></tr>
</table>
]]></description>
            <LookAt>
              <longitude>-81.678630</longitude>
              <latitude>41.475126</latitude>
              <tilt>66</tilt>
            </LookAt>
            <TimeStamp>
              <when>2025-09-29T18:43:54Z</when>
            </TimeStamp>
            <styleUrl>#track</styleUrl>
            <Point>
              <coordinates>-81.678630,41.475126,190.20</coordinates>
            </Point>
          </Placemark>
          <Placemark>
            <name>Tow-249</name>
            <snippet/>
            <description><![CDATA[
<table>
<tr><td>Longitude: -81.678801</td></tr>
<tr><td>Latitude: 41.475044</td></tr>
<tr><td>Altitude: 622.703 ft</td></tr>
<tr><td>Speed: 7.6 mph</td></tr>
<tr><td>Heading: 237.3</td></tr>
<tr><td>Time: 2025-09-29T18:43:59Z</td></tr>
</table>
]]></description>
            <LookAt>
              <longitude>-81.678801</longitude>
              <latitude>41.475044</latitude>
              <tilt>66</tilt>
            </LookAt>
            <TimeStamp>
              <when>2025-09-29T18:43:59Z</when>
            </TimeStamp>
            <styleUrl>#track</styleUrl>
            <Point>
              <coordinates>-81.678801,41.475044,189.80</coordinates>
            </Point>
          </Placemark>
          <Placemark>
            <name>Tow-250</name>
            <snippet/>
            <description><![CDATA[
<table>
<tr><td>Longitude: -81.679140</td></tr>
<tr><td>Latitude: 41.474892</td></tr>
<tr><td>Altitude: 620.735 ft</td></tr>
<tr><td>Speed: 12.3 mph</td></tr>
<tr><td>Heading: 239.1</td></tr>
<tr><td>Time: 2025-09-29T18:44:05Z</td></tr>
</table>
]]></description>
            <LookAt>
              <longitude>-81.679140</longitude>
              <latitude>41.474892</latitude>
              <tilt>66</tilt>
            </LookAt>
            <TimeStamp>
              <when>2025-09-29T18:44:05Z</when>
            </TimeStamp>
            <styleUrl>#track</styleUrl>
            <Point>
              <coordinates>-81.679140,41.474892,189.20</coordinates>
            </Point>
          </Placemark>
          <Placemark>
            <name>Tow-251</name>
            <snippet/>
            <description><![CDATA[
<table>
<tr><td>Longitude: -81.679405</td></tr>
<tr><td>Latitude: 41.474775</td></tr>
<tr><td>Altitude: 619.423 ft</td></tr>
<tr><td>Speed: 14.3 mph</td></tr>
<tr><td>Heading: 239.6</td></tr>
<tr><td>Time: 2025-09-29T18:44:09Z</td></tr>
</table>
]]></description>
            <LookAt>
              <longitude>-81.679405</longitude>
              <latitude>41.474775</latitude>
              <tilt>66</tilt>
            </LookAt>
            <TimeStamp>
              <when>2025-09-29T18:44:09Z</when>
            </TimeStamp>
            <styleUrl>#track</styleUrl>
            <Point>
              <coordinates>-81.679405,41.474775,188.80</coordinates>
            </Point>
          </Placemark>
          <Placemark>
            <name>Tow-252</name>
            <snippet/>
            <description><![CDATA[
<table>
<tr><td>Longitude: -81.679557</td></tr>
<tr><td>Latitude: 41.474732</td></tr>
<tr><td>Altitude: 618.110 ft</td></tr>
<tr><td>Speed: 15.1 mph</td></tr>
<tr><td>Heading: 249.2</td></tr>
<tr><td>Time: 2025-09-29T18:44:11Z</td></tr>
</table>
]]></description>
            <LookAt>
              <longitude>-81.679557</longitude>
              <latitude>41.474732</latitude>
              <tilt>66</tilt>
            </LookAt>
            <TimeStamp>
              <when>2025-09-29T18:44:11Z</when>
            </TimeStamp>
            <styleUrl>#track</styleUrl>
            <Point>
              <coordinates>-81.679557,41.474732,188.40</coordinates>
            </Point>
          </Placemark>
          <Placemark>
            <name>Tow-253</name>
            <snippet/>
            <description><![CDATA[
<table>
<tr><td>Longitude: -81.680065</td></tr>
<tr><td>Latitude: 41.474642</td></tr>
<tr><td>Altitude: 610.892 ft</td></tr>
<tr><td>Speed: 16.2 mph</td></tr>
<tr><td>Heading: 256.6</td></tr>
<tr><td>Time: 2025-09-29T18:44:17Z</td></tr>
</table>
]]></description>
            <LookAt>
              <longitude>-81.680065</longitude>
              <latitude>41.474642</latitude>
              <tilt>66</tilt>
            </LookAt>
            <TimeStamp>
              <when>2025-09-29T18:44:17Z</when>
            </TimeStamp>
            <styleUrl>#track</styleUrl>
            <Point>
              <coordinates>-81.680065,41.474642,186.20</coordinates>
            </Point>
          </Placemark>
          <Placemark>
            <name>Tow-254</name>
            <snippet/>
            <description><![CDATA[
<table>
<tr><td>Longitude: -81.680576</td></tr>
<tr><td>Latitude: 41.474662</td></tr>
<tr><td>Altitude: 601.706 ft</td></tr>
<tr><td>Speed: 15.9 mph</td></tr>
<tr><td>Heading: 273.1</td></tr>
<tr><td>Time: 2025-09-29T18:44:23Z</td></tr>
</table>
]]></description>
            <LookAt>
              <longitude>-81.680576</longitude>
              <latitude>41.474662</latitude>
              <tilt>66</tilt>
            </LookAt>
            <TimeStamp>
              <when>2025-09-29T18:44:23Z</when>
            </TimeStamp>
            <styleUrl>#track</styleUrl>
            <Point>
              <coordinates>-81.680576,41.474662,183.40</coordinates>
            </Point>
          </Placemark>
          <Placemark>
            <name>Tow-255</name>
            <snippet/>
            <description><![CDATA[
<table>
<tr><td>Longitude: -81.680747</td></tr>
<tr><td>Latitude: 41.474693</td></tr>
<tr><td>Altitude: 601.706 ft</td></tr>
<tr><td>Speed: 16.4 mph</td></tr>
<tr><td>Heading: 283.3</td></tr>
<tr><td>Time: 2025-09-29T18:44:25Z</td></tr>
</table>
]]></description>
            <LookAt>
              <longitude>-81.680747</longitude>
              <latitude>41.474693</latitude>
              <tilt>66</tilt>
            </LookAt>
            <TimeStamp>
              <when>2025-09-29T18:44:25Z</when>
            </TimeStamp>
            <styleUrl>#track</styleUrl>
            <Point>
              <coordinates>-81.680747,41.474693,183.40</coordinates>
            </Point>
          </Placemark>
          <Placemark>
            <name>Tow-256</name>
            <snippet/>
            <description><![CDATA[
<table>
<tr><td>Longitude: -81.680971</td></tr>
<tr><td>Latitude: 41.474767</td></tr>
<tr><td>Altitude: 598.425 ft</td></tr>
<tr><td>Speed: 15.2 mph</td></tr>
<tr><td>Heading: 293.8</td></tr>
<tr><td>Time: 2025-09-29T18:44:28Z</td></tr>
</table>
]]></description>
            <LookAt>
              <longitude>-81.680971</longitude>
              <latitude>41.474767</latitude>
              <tilt>66</tilt>
            </LookAt>
            <TimeStamp>
              <when>2025-09-29T18:44:28Z</when>
            </TimeStamp>
            <styleUrl>#track</styleUrl>
            <Point>
              <coordinates>-81.680971,41.474767,182.40</coordinates>
            </Point>
          </Placemark>
          <Placemark>
            <name>Tow-257</name>
            <snippet/>
            <description><![CDATA[
<table>
<tr><td>Longitude: -81.681115</td></tr>
<tr><td>Latitude: 41.474855</td></tr>
<tr><td>Altitude: 593.176 ft</td></tr>
<tr><td>Speed: 8.7 mph</td></tr>
<tr><td>Heading: 309.2</td></tr>
<tr><td>Time: 2025-09-29T18:44:32Z</td></tr>
</table>
]]></description>
            <LookAt>
              <longitude>-81.681115</longitude>
              <latitude>41.474855</latitude>
              <tilt>66</tilt>
            </LookAt>
            <TimeStamp>
              <when>2025-09-29T18:44:32Z</when>
            </TimeStamp>
            <styleUrl>#track</styleUrl>
            <Point>
              <coordinates>-81.681115,41.474855,180.80</coordinates>
            </Point>
          </Placemark>
          <Placemark>
            <name>Tow-258</name>
            <snippet/>
            <description><![CDATA[
<table>
<tr><td>Longitude: -81.681132</td></tr>
<tr><td>Latitude: 41.474867</td></tr>
<tr><td>Altitude: 591.864 ft</td></tr>
<tr><td>Speed: 1.1 mph</td></tr>
<tr><td>Heading: 312.2</td></tr>
<tr><td>Time: 2025-09-29T18:44:36Z</td></tr>
</table>
]]></description>
            <LookAt>
              <longitude>-81.681132</longitude>
              <latitude>41.474867</latitude>
              <tilt>66</tilt>
            </LookAt>
            <TimeStamp>
              <when>2025-09-29T18:44:36Z</when>
            </TimeStamp>
            <styleUrl>#track</styleUrl>
            <Point>
              <coordinates>-81.681132,41.474867,180.40</coordinates>
            </Point>
          </Placemark>
          <Placemark>
            <name>Tow-259</name>
            <snippet/>
            <description><![CDATA[
<table>
<tr><td>Longitude: -81.681234</td></tr>
<tr><td>Latitude: 41.474899</td></tr>
<tr><td>Altitude: 585.958 ft</td></tr>
<tr><td>Speed: 0.7 mph</td></tr>
<tr><td>Heading: 293.2</td></tr>
<tr><td>Time: 2025-09-29T18:45:07Z</td></tr>
</table>
]]></description>
            <LookAt>
              <longitude>-81.681234</longitude>
              <latitude>41.474899</latitude>
              <tilt>66</tilt>
            </LookAt>
            <TimeStamp>
              <when>2025-09-29T18:45:07Z</when>
            </TimeStamp>
            <styleUrl>#track</styleUrl>
            <Point>
              <coordinates>-81.681234,41.474899,178.60</coordinates>
            </Point>
          </Placemark>
          <Placemark>
            <name>Tow-260</name>
            <snippet/>
            <description><![CDATA[
<table>
<tr><td>Longitude: -81.681446</td></tr>
<tr><td>Latitude: 41.475091</td></tr>
<tr><td>Altitude: 585.302 ft</td></tr>
<tr><td>Speed: 7.7 mph</td></tr>
<tr><td>Heading: 320.4</td></tr>
<tr><td>Time: 2025-09-29T18:45:15Z</td></tr>
</table>
]]></description>
            <LookAt>
              <longitude>-81.681446</longitude>
              <latitude>41.475091</latitude>
              <tilt>66</tilt>
            </LookAt>
            <TimeStamp>
              <when>2025-09-29T18:45:15Z</when>
            </TimeStamp>
            <styleUrl>#track</styleUrl>
            <Point>
              <coordinates>-81.681446,41.475091,178.40</coordinates>
            </Point>
          </Placemark>
          <Placemark>
            <name>Tow-261</name>
            <snippet/>
            <description><![CDATA[
<table>
<tr><td>Longitude: -81.681597</td></tr>
<tr><td>Latitude: 41.475352</td></tr>
<tr><td>Altitude: 583.333 ft</td></tr>
<tr><td>Speed: 10.1 mph</td></tr>
<tr><td>Heading: 336.5</td></tr>
<tr><td>Time: 2025-09-29T18:45:22Z</td></tr>
</table>
]]></description>
            <LookAt>
              <longitude>-81.681597</longitude>
              <latitude>41.475352</latitude>
              <tilt>66</tilt>
            </LookAt>
            <TimeStamp>
              <when>2025-09-29T18:45:22Z</when>
            </TimeStamp>
            <styleUrl>#track</styleUrl>
            <Point>
              <coordinates>-81.681597,41.475352,177.80</coordinates>
            </Point>
          </Placemark>
          <Placemark>
            <name>Tow-262</name>
            <snippet/>
            <description><![CDATA[
<table>
<tr><td>Longitude: -81.681680</td></tr>
<tr><td>Latitude: 41.475526</td></tr>
<tr><td>Altitude: 581.365 ft</td></tr>
<tr><td>Speed: 11.5 mph</td></tr>
<tr><td>Heading: 340.3</td></tr>
<tr><td>Time: 2025-09-29T18:45:26Z</td></tr>
</table>
]]></description>
            <LookAt>
              <longitude>-81.681680</longitude>
              <latitude>41.475526</latitude>
              <tilt>66</tilt>
            </LookAt>
            <TimeStamp>
              <when>2025-09-29T18:45:26Z</when>
            </TimeStamp>
            <styleUrl>#track</styleUrl>
            <Point>
              <coordinates>-81.681680,41.475526,177.20</coordinates>
            </Point>
          </Placemark>
          <Placemark>
            <name>Tow-263</name>
            <snippet/>
            <description><![CDATA[
<table>
<tr><td>Longitude: -81.681757</td></tr>
<tr><td>Latitude: 41.475604</td></tr>
<tr><td>Altitude: 580.052 ft</td></tr>
<tr><td>Speed: 12.1 mph</td></tr>
<tr><td>Heading: 323.6</td></tr>
<tr><td>Time: 2025-09-29T18:45:28Z</td></tr>
</table>
]]></description>
            <LookAt>
              <longitude>-81.681757</longitude>
              <latitude>41.475604</latitude>
              <tilt>66</tilt>
            </LookAt>
            <TimeStamp>
              <when>2025-09-29T18:45:28Z</when>
            </TimeStamp>
            <styleUrl>#track</styleUrl>
            <Point>
              <coordinates>-81.681757,41.475604,176.80</coordinates>
            </Point>
          </Placemark>
          <Placemark>
            <name>Tow-264</name>
            <snippet/>
            <description><![CDATA[
<table>
<tr><td>Longitude: -81.681867</td></tr>
<tr><td>Latitude: 41.475664</td></tr>
<tr><td>Altitude: 580.052 ft</td></tr>
<tr><td>Speed: 12.7 mph</td></tr>
<tr><td>Heading: 306.1</td></tr>
<tr><td>Time: 2025-09-29T18:45:30Z</td></tr>
</table>
]]></description>
            <LookAt>
              <longitude>-81.681867</longitude>
              <latitude>41.475664</latitude>
              <tilt>66</tilt>
            </LookAt>
            <TimeStamp>
              <when>2025-09-29T18:45:30Z</when>
            </TimeStamp>
            <styleUrl>#track</styleUrl>
            <Point>
              <coordinates>-81.681867,41.475664,176.80</coordinates>
            </Point>
          </Placemark>
          <Placemark>
            <name>Tow-265</name>
            <snippet/>
            <description><![CDATA[
<table>
<tr><td>Longitude: -81.681955</td></tr>
<tr><td>Latitude: 41.475691</td></tr>
<tr><td>Altitude: 576.772 ft</td></tr>
<tr><td>Speed: 8.9 mph</td></tr>
<tr><td>Heading: 292.5</td></tr>
<tr><td>Time: 2025-09-29T18:45:32Z</td></tr>
</table>
]]></description>
            <LookAt>
              <longitude>-81.681955</longitude>
              <latitude>41.475691</latitude>
              <tilt>66</tilt>
            </LookAt>
            <TimeStamp>
              <when>2025-09-29T18:45:32Z</when>
            </TimeStamp>
            <styleUrl>#track</styleUrl>
            <Point>
              <coordinates>-81.681955,41.475691,175.80</coordinates>
            </Point>
          </Placemark>
          <Placemark>
            <name>Tow-266</name>
            <snippet/>
            <description><![CDATA[
<table>
<tr><td>Longitude: -81.681964</td></tr>
<tr><td>Latitude: 41.475691</td></tr>
<tr><td>Altitude: 574.803 ft</td></tr>
<tr><td>Heading: 270.0</td></tr>
<tr><td>Time: 2025-09-29T18:45:35Z</td></tr>
</table>
]]></description>
            <LookAt>
              <longitude>-81.681964</longitude>
              <latitude>41.475691</latitude>
              <tilt>66</tilt>
            </LookAt>
            <TimeStamp>
              <when>2025-09-29T18:45:35Z</when>
            </TimeStamp>
            <styleUrl>#track</styleUrl>
            <Point>
              <coordinates>-81.681964,41.475691,175.20</coordinates>
            </Point>
          </Placemark>
          <Placemark>
            <name>Tow-267</name>
            <snippet/>
            <description><![CDATA[
<table>
<tr><td>Longitude: -81.682063</td></tr>
<tr><td>Latitude: 41.475697</td></tr>
<tr><td>Altitude: 580.052 ft</td></tr>
<tr><td>Speed: 0.7 mph</td></tr>
<tr><td>Heading: 274.8</td></tr>
<tr><td>Time: 2025-09-29T18:46:00Z</td></tr>
</table>
]]></description>
            <LookAt>
              <longitude>-81.682063</longitude>
              <latitude>41.475697</latitude>
              <tilt>66</tilt>
            </LookAt>
            <TimeStamp>
              <when>2025-09-29T18:46:00Z</when>
            </TimeStamp>
            <styleUrl>#track</styleUrl>
            <Point>
              <coordinates>-81.682063,41.475697,176.80</coordinates>
            </Point>
          </Placemark>
          <Placemark>
            <name>Tow-268</name>
            <snippet/>
            <description><![CDATA[
<table>
<tr><td>Longitude: -81.682263</td></tr>
<tr><td>Latitude: 41.475670</td></tr>
<tr><td>Altitude: 580.709 ft</td></tr>
<tr><td>Speed: 7.6 mph</td></tr>
<tr><td>Heading: 259.5</td></tr>
<tr><td>Time: 2025-09-29T18:46:05Z</td></tr>
</table>
]]></description>
            <LookAt>
              <longitude>-81.682263</longitude>
              <latitude>41.475670</latitude>
              <tilt>66</tilt>
            </LookAt>
            <TimeStamp>
              <when>2025-09-29T18:46:05Z</when>
            </TimeStamp>
            <styleUrl>#track</styleUrl>
            <Point>
              <coordinates>-81.682263,41.475670,177.00</coordinates>
            </Point>
          </Placemark>
          <Placemark>
            <name>Tow-269</name>
            <snippet/>
            <description><![CDATA[
<table>
<tr><td>Longitude: -81.682643</td></tr>
<tr><td>Latitude: 41.475593</td></tr>
<tr><td>Altitude: 579.396 ft</td></tr>
<tr><td>Speed: 8.2 mph</td></tr>
<tr><td>Heading: 255.0</td></tr>
<tr><td>Time: 2025-09-29T18:46:14Z</td></tr>
</table>
]]></description>
            <LookAt>
              <longitude>-81.682643</longitude>
              <latitude>41.475593</latitude>
              <tilt>66</tilt>
            </LookAt>
            <TimeStamp>
              <when>2025-09-29T18:46:14Z</when>
            </TimeStamp>
            <styleUrl>#track</styleUrl>
            <Point>
              <coordinates>-81.682643,41.475593,176.60</coordinates>
            </Point>
          </Placemark>
          <Placemark>
            <name>Tow-270</name>
            <snippet/>
            <description><![CDATA[
<table>
<tr><td>Longitude: -81.682953</td></tr>
<tr><td>Latitude: 41.475577</td></tr>
<tr><td>Altitude: 576.772 ft</td></tr>
<tr><td>Speed: 9.7 mph</td></tr>
<tr><td>Heading: 266.0</td></tr>
<tr><td>Time: 2025-09-29T18:46:20Z</td></tr>
</table>
]]></description>
            <LookAt>
              <longitude>-81.682953</longitude>
              <latitude>41.475577</latitude>
              <tilt>66</tilt>
            </LookAt>
            <TimeStamp>
              <when>2025-09-29T18:46:20Z</when>
            </TimeStamp>
            <styleUrl>#track</styleUrl>
            <Point>
              <coordinates>-81.682953,41.475577,175.80</coordinates>
            </Point>
          </Placemark>
          <Placemark>
            <name>Tow-271</name>
            <snippet/>
            <description><![CDATA[
<table>
<tr><td>Longitude: -81.683315</td></tr>
<tr><td>Latitude: 41.475554</td></tr>
<tr><td>Altitude: 573.491 ft</td></tr>
<tr><td>Speed: 9.7 mph</td></tr>
<tr><td>Heading: 265.2</td></tr>
<tr><td>Time: 2025-09-29T18:46:27Z</td></tr>
</table>
]]></description>
            <LookAt>
              <longitude>-81.683315</longitude>
              <latitude>41.475554</latitude>
              <tilt>66</tilt>
            </LookAt>
            <TimeStamp>
              <when>2025-09-29T18:46:27Z</when>
            </TimeStamp>
            <styleUrl>#track</styleUrl>
            <Point>
              <coordinates>-81.683315,41.475554,174.80</coordinates>
            </Point>
          </Placemark>
          <Placemark>
            <name>Tow-272</name>
            <snippet/>
            <description><![CDATA[
<table>
<tr><td>Longitude: -81.683705</td></tr>
<tr><td>Latitude: 41.475491</td></tr>
<tr><td>Altitude: 566.273 ft</td></tr>
<tr><td>Speed: 8.3 mph</td></tr>
<tr><td>Heading: 257.8</td></tr>
<tr><td>Time: 2025-09-29T18:46:36Z</td></tr>
</table>
]]></description>
            <LookAt>
              <longitude>-81.683705</longitude>
              <latitude>41.475491</latitude>
              <tilt>66</tilt>
            </LookAt>
            <TimeStamp>
              <when>2025-09-29T18:46:36Z</when>
            </TimeStamp>
            <styleUrl>#track</styleUrl>
            <Point>
              <coordinates>-81.683705,41.475491,172.60</coordinates>
            </Point>
          </Placemark>
          <Placemark>
            <name>Tow-273</name>
            <snippet/>
            <description><![CDATA[
<table>
<tr><td>Longitude: -81.684075</td></tr>
<tr><td>Latitude: 41.475416</td></tr>
<tr><td>Altitude: 573.491 ft</td></tr>
<tr><td>Speed: 8.9 mph</td></tr>
<tr><td>Heading: 254.9</td></tr>
<tr><td>Time: 2025-09-29T18:46:44Z</td></tr>
</table>
]]></description>
            <LookAt>
              <longitude>-81.684075</longitude>
              <latitude>41.475416</latitude>
              <tilt>66</tilt>
            </LookAt>
            <TimeStamp>
              <when>2025-09-29T18:46:44Z</when>
            </TimeStamp>
            <styleUrl>#track</styleUrl>
            <Point>
              <coordinates>-81.684075,41.475416,174.80</coordinates>
            </Point>
          </Placemark>
          <Placemark>
            <name>Tow-274</name>
            <snippet/>
            <description><![CDATA[
<table>
<tr><td>Longitude: -81.684507</td></tr>
<tr><td>Latitude: 41.475299</td></tr>
<tr><td>Altitude: 575.459 ft</td></tr>
<tr><td>Speed: 8.6 mph</td></tr>
<tr><td>Heading: 250.0</td></tr>
<tr><td>Time: 2025-09-29T18:46:54Z</td></tr>
</table>
]]></description>
            <LookAt>
              <longitude>-81.684507</longitude>
              <latitude>41.475299</latitude>
              <tilt>66</tilt>
            </LookAt>
            <TimeStamp>
              <when>2025-09-29T18:46:54Z</when>
            </TimeStamp>
            <styleUrl>#track</styleUrl>
            <Point>
              <coordinates>-81.684507,41.475299,175.40</coordinates>
            </Point>
          </Placemark>
          <Placemark>
            <name>Tow-275</name>
            <snippet/>
            <description><![CDATA[
<table>
<tr><td>Longitude: -81.684926</td></tr>
<tr><td>Latitude: 41.475162</td></tr>
<tr><td>Altitude: 574.147 ft</td></tr>
<tr><td>Speed: 8.5 mph</td></tr>
<tr><td>Heading: 246.4</td></tr>
<tr><td>Time: 2025-09-29T18:47:04Z</td></tr>
</table>
]]></description>
            <LookAt>
              <longitude>-81.684926</longitude>
              <latitude>41.475162</latitude>
              <tilt>66</tilt>
            </LookAt>
            <TimeStamp>
              <when>2025-09-29T18:47:04Z</when>
            </TimeStamp>
            <styleUrl>#track</styleUrl>
            <Point>
              <coordinates>-81.684926,41.475162,175.00</coordinates>
            </Point>
          </Placemark>
          <Placemark>
            <name>Tow-276</name>
            <snippet/>
            <description><![CDATA[
<table>
<tr><td>Longitude: -81.685355</td></tr>
<tr><td>Latitude: 41.475057</td></tr>
<tr><td>Altitude: 574.803 ft</td></tr>
<tr><td>Speed: 9.4 mph</td></tr>
<tr><td>Heading: 252.0</td></tr>
<tr><td>Time: 2025-09-29T18:47:13Z</td></tr>
</table>
]]></description>
            <LookAt>
              <longitude>-81.685355</longitude>
              <latitude>41.475057</latitude>
              <tilt>66</tilt>
            </LookAt>
            <TimeStamp>
              <when>2025-09-29T18:47:13Z</when>
            </TimeStamp>
            <styleUrl>#track</styleUrl>
            <Point>
              <coordinates>-81.685355,41.475057,175.20</coordinates>
            </Point>
          </Placemark>
          <Placemark>
            <name>Tow-277</name>
            <snippet/>
            <description><![CDATA[
<table>
<tr><td>Longitude: -81.685798</td></tr>
<tr><td>Latitude: 41.474996</td></tr>
<tr><td>Altitude: 578.084 ft</td></tr>
<tr><td>Speed: 9.3 mph</td></tr>
<tr><td>Heading: 259.5</td></tr>
<tr><td>Time: 2025-09-29T18:47:22Z</td></tr>
</table>
]]></description>
            <LookAt>
              <longitude>-81.685798</longitude>
              <latitude>41.474996</latitude>
              <tilt>66</tilt>
            </LookAt>
            <TimeStamp>
              <when>2025-09-29T18:47:22Z</when>
            </TimeStamp>
            <styleUrl>#track</styleUrl>
            <Point>
              <coordinates>-81.685798,41.474996,176.20</coordinates>
            </Point>
          </Placemark>
          <Placemark>
            <name>Tow-278</name>
            <snippet/>
            <description><![CDATA[
<table>
<tr><td>Longitude: -81.685902</td></tr>
<tr><td>Latitude: 41.474983</td></tr>
<tr><td>Altitude: 579.396 ft</td></tr>
<tr><td>Speed: 4.9 mph</td></tr>
<tr><td>Heading: 261.0</td></tr>
<tr><td>Time: 2025-09-29T18:47:26Z</td></tr>
</table>
]]></description>
            <LookAt>
              <longitude>-81.685902</longitude>
              <latitude>41.474983</latitude>
              <tilt>66</tilt>
            </LookAt>
            <TimeStamp>
              <when>2025-09-29T18:47:26Z</when>
            </TimeStamp>
            <styleUrl>#track</styleUrl>
            <Point>
              <coordinates>-81.685902,41.474983,176.60</coordinates>
            </Point>
          </Placemark>
          <Placemark>
            <name>Tow-279</name>
            <snippet/>
            <description><![CDATA[
<table>
<tr><td>Longitude: -81.685973</td></tr>
<tr><td>Latitude: 41.474977</td></tr>
<tr><td>Altitude: 578.740 ft</td></tr>
<tr><td>Speed: 0.4 mph</td></tr>
<tr><td>Heading: 263.7</td></tr>
<tr><td>Time: 2025-09-29T18:47:59Z</td></tr>
</table>
]]></description>
            <LookAt>
              <longitude>-81.685973</longitude>
              <latitude>41.474977</latitude>
              <tilt>66</tilt>
            </LookAt>
            <TimeStamp>
              <when>2025-09-29T18:47:59Z</when>
            </TimeStamp>
            <styleUrl>#track</styleUrl>
            <Point>
              <coordinates>-81.685973,41.474977,176.40</coordinates>
            </Point>
          </Placemark>
          <Placemark>
            <name>Tow-280</name>
            <snippet/>
            <description><![CDATA[
<table>
<tr><td>Longitude: -81.686189</td></tr>
<tr><td>Latitude: 41.474978</td></tr>
<tr><td>Altitude: 578.740 ft</td></tr>
<tr><td>Speed: 6.7 mph</td></tr>
<tr><td>Heading: 270.2</td></tr>
<tr><td>Time: 2025-09-29T18:48:05Z</td></tr>
</table>
]]></description>
            <LookAt>
              <longitude>-81.686189</longitude>
              <latitude>41.474978</latitude>
              <tilt>66</tilt>
            </LookAt>
            <TimeStamp>
              <when>2025-09-29T18:48:05Z</when>
            </TimeStamp>
            <styleUrl>#track</styleUrl>
            <Point>
              <coordinates>-81.686189,41.474978,176.40</coordinates>
            </Point>
          </Placemark>
          <Placemark>
            <name>Tow-281</name>
            <snippet/>
            <description><![CDATA[
<table>
<tr><td>Longitude: -81.686632</td></tr>
<tr><td>Latitude: 41.474927</td></tr>
<tr><td>Altitude: 578.740 ft</td></tr>
<tr><td>Speed: 7.6 mph</td></tr>
<tr><td>Heading: 261.3</td></tr>
<tr><td>Time: 2025-09-29T18:48:16Z</td></tr>
</table>
]]></description>
            <LookAt>
              <longitude>-81.686632</longitude>
              <latitude>41.474927</latitude>
              <tilt>66</tilt>
            </LookAt>
            <TimeStamp>
              <when>2025-09-29T18:48:16Z</when>
            </TimeStamp>
            <styleUrl>#track</styleUrl>
            <Point>
              <coordinates>-81.686632,41.474927,176.40</coordinates>
            </Point>
          </Placemark>
          <Placemark>
            <name>Tow-282</name>
            <snippet/>
            <description><![CDATA[
<table>
<tr><td>Longitude: -81.686959</td></tr>
<tr><td>Latitude: 41.474821</td></tr>
<tr><td>Altitude: 582.021 ft</td></tr>
<tr><td>Speed: 8.3 mph</td></tr>
<tr><td>Heading: 246.5</td></tr>
<tr><td>Time: 2025-09-29T18:48:24Z</td></tr>
</table>
]]></description>
            <LookAt>
              <longitude>-81.686959</longitude>
              <latitude>41.474821</latitude>
              <tilt>66</tilt>
            </LookAt>
            <TimeStamp>
              <when>2025-09-29T18:48:24Z</when>
            </TimeStamp>
            <styleUrl>#track</styleUrl>
            <Point>
              <coordinates>-81.686959,41.474821,177.40</coordinates>
            </Point>
          </Placemark>
          <Placemark>
            <name>Tow-283</name>
            <snippet/>
            <description><![CDATA[
<table>
<tr><td>Longitude: -81.687370</td></tr>
<tr><td>Latitude: 41.474616</td></tr>
<tr><td>Altitude: 581.365 ft</td></tr>
<tr><td>Speed: 8.4 mph</td></tr>
<tr><td>Heading: 236.4</td></tr>
<tr><td>Time: 2025-09-29T18:48:35Z</td></tr>
</table>
]]></description>
            <LookAt>
              <longitude>-81.687370</longitude>
              <latitude>41.474616</latitude>
              <tilt>66</tilt>
            </LookAt>
            <TimeStamp>
              <when>2025-09-29T18:48:35Z</when>
            </TimeStamp>
            <styleUrl>#track</styleUrl>
            <Point>
              <coordinates>-81.687370,41.474616,177.20</coordinates>
            </Point>
          </Placemark>
          <Placemark>
            <name>Tow-284</name>
            <snippet/>
            <description><![CDATA[
<table>
<tr><td>Longitude: -81.687712</td></tr>
<tr><td>Latitude: 41.474502</td></tr>
<tr><td>Altitude: 582.677 ft</td></tr>
<tr><td>Speed: 8.7 mph</td></tr>
<tr><td>Heading: 246.1</td></tr>
<tr><td>Time: 2025-09-29T18:48:43Z</td></tr>
</table>
]]></description>
            <LookAt>
              <longitude>-81.687712</longitude>
              <latitude>41.474502</latitude>
              <tilt>66</tilt>
            </LookAt>
            <TimeStamp>
              <when>2025-09-29T18:48:43Z</when>
            </TimeStamp>
            <styleUrl>#track</styleUrl>
            <Point>
              <coordinates>-81.687712,41.474502,177.60</coordinates>
            </Point>
          </Placemark>
          <Placemark>
            <name>Tow-285</name>
            <snippet/>
            <description><![CDATA[
<table>
<tr><td>Longitude: -81.687887</td></tr>
<tr><td>Latitude: 41.474368</td></tr>
<tr><td>Altitude: 583.990 ft</td></tr>
<tr><td>Speed: 7.8 mph</td></tr>
<tr><td>Heading: 224.3</td></tr>
<tr><td>Time: 2025-09-29T18:48:49Z</td></tr>
</table>
]]></description>
            <LookAt>
              <longitude>-81.687887</longitude>
              <latitude>41.474368</latitude>
              <tilt>66</tilt>
            </LookAt>
            <TimeStamp>
              <when>2025-09-29T18:48:49Z</when>
            </TimeStamp>
            <styleUrl>#track</styleUrl>
            <Point>
              <coordinates>-81.687887,41.474368,178.00</coordinates>
            </Point>
          </Placemark>
          <Placemark>
            <name>Tow-286</name>
            <snippet/>
            <description><![CDATA[
<table>
<tr><td>Longitude: -81.687985</td></tr>
<tr><td>Latitude: 41.474194</td></tr>
<tr><td>Altitude: 584.646 ft</td></tr>
<tr><td>Speed: 6.7 mph</td></tr>
<tr><td>Heading: 202.8</td></tr>
<tr><td>Time: 2025-09-29T18:48:56Z</td></tr>
</table>
]]></description>
            <LookAt>
              <longitude>-81.687985</longitude>
              <latitude>41.474194</latitude>
              <tilt>66</tilt>
            </LookAt>
            <TimeStamp>
              <when>2025-09-29T18:48:56Z</when>
            </TimeStamp>
            <styleUrl>#track</styleUrl>
            <Point>
              <coordinates>-81.687985,41.474194,178.20</coordinates>
            </Point>
          </Placemark>
          <Placemark>
            <name>Tow-287</name>
            <snippet/>
            <description><![CDATA[
<table>
<tr><td>Longitude: -81.687980</td></tr>
<tr><td>Latitude: 41.474187</td></tr>
<tr><td>Altitude: 584.646 ft</td></tr>
<tr><td>Heading: 151.0</td></tr>
<tr><td>Time: 2025-09-29T18:49:02Z</td></tr>
</table>
]]></description>
            <LookAt>
              <longitude>-81.687980</longitude>
              <latitude>41.474187</latitude>
              <tilt>66</tilt>
            </LookAt>
            <TimeStamp>
              <when>2025-09-29T18:49:02Z</when>
            </TimeStamp>
            <styleUrl>#track</styleUrl>
            <Point>
              <coordinates>-81.687980,41.474187,178.20</coordinates>
            </Point>
          </Placemark>
          <Placemark>
            <name>Tow-288</name>
            <snippet/>
            <description><![CDATA[
<table>
<tr><td>Longitude: -81.687984</td></tr>
<tr><td>Latitude: 41.474127</td></tr>
<tr><td>Altitude: 583.990 ft</td></tr>
<tr><td>Speed: 0.5 mph</td></tr>
<tr><td>Heading: 182.8</td></tr>
<tr><td>Time: 2025-09-29T18:49:32Z</td></tr>
</table>
]]></description>
            <LookAt>
              <longitude>-81.687984</longitude>
              <latitude>41.474127</latitude>
              <tilt>66</tilt>
            </LookAt>
            <TimeStamp>
              <when>2025-09-29T18:49:32Z</when>
            </TimeStamp>
            <styleUrl>#track</styleUrl>
            <Point>
              <coordinates>-81.687984,41.474127,178.00</coordinates>
            </Point>
          </Placemark>
          <Placemark>
            <name>Tow-289</name>
            <snippet/>
            <description><![CDATA[
<table>
<tr><td>Longitude: -81.688011</td></tr>
<tr><td>Latitude: 41.473921</td></tr>
<tr><td>Altitude: 581.365 ft</td></tr>
<tr><td>Speed: 7.4 mph</td></tr>
<tr><td>Heading: 185.7</td></tr>
<tr><td>Time: 2025-09-29T18:49:39Z</td></tr>
</table>
]]></description>
            <LookAt>
              <longitude>-81.688011</longitude>
              <latitude>41.473921</latitude>
              <tilt>66</tilt>
            </LookAt>
            <TimeStamp>
              <when>2025-09-29T18:49:39Z</when>
            </TimeStamp>
            <styleUrl>#track</styleUrl>
            <Point>
              <coordinates>-81.688011,41.473921,177.20</coordinates>
            </Point>
          </Placemark>
          <Placemark>
            <name>Tow-290</name>
            <snippet/>
            <description><![CDATA[
<table>
<tr><td>Longitude: -81.688010</td></tr>
<tr><td>Latitude: 41.473613</td></tr>
<tr><td>Altitude: 580.709 ft</td></tr>
<tr><td>Speed: 9.6 mph</td></tr>
<tr><td>Heading: 179.9</td></tr>
<tr><td>Time: 2025-09-29T18:49:47Z</td></tr>
</table>
]]></description>
            <LookAt>
              <longitude>-81.688010</longitude>
              <latitude>41.473613</latitude>
              <tilt>66</tilt>
            </LookAt>
            <TimeStamp>
              <when>2025-09-29T18:49:47Z</when>
            </TimeStamp>
            <styleUrl>#track</styleUrl>
            <Point>
              <coordinates>-81.688010,41.473613,177.00</coordinates>
            </Point>
          </Placemark>
          <Placemark>
            <name>Tow-291</name>
            <snippet/>
            <description><![CDATA[
<table>
<tr><td>Longitude: -81.688017</td></tr>
<tr><td>Latitude: 41.473177</td></tr>
<tr><td>Altitude: 582.677 ft</td></tr>
<tr><td>Speed: 9.9 mph</td></tr>
<tr><td>Heading: 180.7</td></tr>
<tr><td>Time: 2025-09-29T18:49:58Z</td></tr>
</table>
]]></description>
            <LookAt>
              <longitude>-81.688017</longitude>
              <latitude>41.473177</latitude>
              <tilt>66</tilt>
            </LookAt>
            <TimeStamp>
              <when>2025-09-29T18:49:58Z</when>
            </TimeStamp>
            <styleUrl>#track</styleUrl>
            <Point>
              <coordinates>-81.688017,41.473177,177.60</coordinates>
            </Point>
          </Placemark>
          <Placemark>
            <name>Tow-292</name>
            <snippet/>
            <description><![CDATA[
<table>
<tr><td>Longitude: -81.688105</td></tr>
<tr><td>Latitude: 41.472937</td></tr>
<tr><td>Altitude: 582.021 ft</td></tr>
<tr><td>Speed: 10.3 mph</td></tr>
<tr><td>Heading: 195.4</td></tr>
<tr><td>Time: 2025-09-29T18:50:04Z</td></tr>
</table>
]]></description>
            <LookAt>
              <longitude>-81.688105</longitude>
              <latitude>41.472937</latitude>
              <tilt>66</tilt>
            </LookAt>
            <TimeStamp>
              <when>2025-09-29T18:50:04Z</when>
            </TimeStamp>
            <styleUrl>#track</styleUrl>
            <Point>
              <coordinates>-81.688105,41.472937,177.40</coordinates>
            </Point>
          </Placemark>
          <Placemark>
            <name>Tow-293</name>
            <snippet/>
            <description><![CDATA[
<table>
<tr><td>Longitude: -81.688194</td></tr>
<tr><td>Latitude: 41.472680</td></tr>
<tr><td>Altitude: 586.614 ft</td></tr>
<tr><td>Speed: 9.5 mph</td></tr>
<tr><td>Heading: 194.5</td></tr>
<tr><td>Time: 2025-09-29T18:50:11Z</td></tr>
</table>
]]></description>
            <LookAt>
              <longitude>-81.688194</longitude>
              <latitude>41.472680</latitude>
              <tilt>66</tilt>
            </LookAt>
            <TimeStamp>
              <when>2025-09-29T18:50:11Z</when>
            </TimeStamp>
            <styleUrl>#track</styleUrl>
            <Point>
              <coordinates>-81.688194,41.472680,178.80</coordinates>
            </Point>
          </Placemark>
          <Placemark>
            <name>Tow-294</name>
            <snippet/>
            <description><![CDATA[
<table>
<tr><td>Longitude: -81.688240</td></tr>
<tr><td>Latitude: 41.472441</td></tr>
<tr><td>Altitude: 589.895 ft</td></tr>
<tr><td>Speed: 7.5 mph</td></tr>
<tr><td>Heading: 188.3</td></tr>
<tr><td>Time: 2025-09-29T18:50:19Z</td></tr>
</table>
]]></description>
            <LookAt>
              <longitude>-81.688240</longitude>
              <latitude>41.472441</latitude>
              <tilt>66</tilt>
            </LookAt>
            <TimeStamp>
              <when>2025-09-29T18:50:19Z</when>
            </TimeStamp>
            <styleUrl>#track</styleUrl>
            <Point>
              <coordinates>-81.688240,41.472441,179.80</coordinates>
            </Point>
          </Placemark>
          <Placemark>
            <name>Tow-295</name>
            <snippet/>
            <description><![CDATA[
<table>
<tr><td>Longitude: -81.688237</td></tr>
<tr><td>Latitude: 41.472189</td></tr>
<tr><td>Altitude: 591.207 ft</td></tr>
<tr><td>Speed: 7.0 mph</td></tr>
<tr><td>Heading: 179.4</td></tr>
<tr><td>Time: 2025-09-29T18:50:28Z</td></tr>
</table>
]]></description>
            <LookAt>
              <longitude>-81.688237</longitude>
              <latitude>41.472189</latitude>
              <tilt>66</tilt>
            </LookAt>
            <TimeStamp>
              <when>2025-09-29T18:50:28Z</when>
            </TimeStamp>
            <styleUrl>#track</styleUrl>
            <Point>
              <coordinates>-81.688237,41.472189,180.20</coordinates>
            </Point>
          </Placemark>
          <Placemark>
            <name>Tow-296</name>
            <snippet/>
            <description><![CDATA[
<table>
<tr><td>Longitude: -81.688166</td></tr>
<tr><td>Latitude: 41.471936</td></tr>
<tr><td>Altitude: 591.207 ft</td></tr>
<tr><td>Speed: 7.2 mph</td></tr>
<tr><td>Heading: 168.2</td></tr>
<tr><td>Time: 2025-09-29T18:50:37Z</td></tr>
</table>
]]></description>
            <LookAt>
              <longitude>-81.688166</longitude>
              <latitude>41.471936</latitude>
              <tilt>66</tilt>
            </LookAt>
            <TimeStamp>
              <when>2025-09-29T18:50:37Z</when>
            </TimeStamp>
            <styleUrl>#track</styleUrl>
            <Point>
              <coordinates>-81.688166,41.471936,180.20</coordinates>
            </Point>
          </Placemark>
          <Placemark>
            <name>Tow-297</name>
            <snippet/>
            <description><![CDATA[
<table>
<tr><td>Longitude: -81.688111</td></tr>
<tr><td>Latitude: 41.471844</td></tr>
<tr><td>Altitude: 591.207 ft</td></tr>
<tr><td>Speed: 5.0 mph</td></tr>
<tr><td>Heading: 155.7</td></tr>
<tr><td>Time: 2025-09-29T18:50:42Z</td></tr>
</table>
]]></description>
            <LookAt>
              <longitude>-81.688111</longitude>
              <latitude>41.471844</latitude>
              <tilt>66</tilt>
            </LookAt>
            <TimeStamp>
              <when>2025-09-29T18:50:42Z</when>
            </TimeStamp>
            <styleUrl>#track</styleUrl>
            <Point>
              <coordinates>-81.688111,41.471844,180.20</coordinates>
            </Point>
          </Placemark>
          <Placemark>
            <name>Tow-298</name>
            <snippet/>
            <description><![CDATA[
<table>
<tr><td>Longitude: -81.688053</td></tr>
<tr><td>Latitude: 41.471784</td></tr>
<tr><td>Altitude: 591.207 ft</td></tr>
<tr><td>Speed: 0.5 mph</td></tr>
<tr><td>Heading: 144.4</td></tr>
<tr><td>Time: 2025-09-29T18:51:20Z</td></tr>
</table>
]]></description>
            <LookAt>
              <longitude>-81.688053</longitude>
              <latitude>41.471784</latitude>
              <tilt>66</tilt>
            </LookAt>
            <TimeStamp>
              <when>2025-09-29T18:51:20Z</when>
            </TimeStamp>
            <styleUrl>#track</styleUrl>
            <Point>
              <coordinates>-81.688053,41.471784,180.20</coordinates>
            </Point>
          </Placemark>
          <Placemark>
            <name>Tow-299</name>
            <snippet/>
            <description><![CDATA[
<table>
<tr><td>Longitude: -81.687934</td></tr>
<tr><td>Latitude: 41.471637</td></tr>
<tr><td>Altitude: 588.583 ft</td></tr>
<tr><td>Speed: 8.6 mph</td></tr>
<tr><td>Heading: 148.8</td></tr>
<tr><td>Time: 2025-09-29T18:51:25Z</td></tr>
</table>
]]></description>
            <LookAt>
              <longitude>-81.687934</longitude>
              <latitude>41.471637</latitude>
              <tilt>66</tilt>
            </LookAt>
            <TimeStamp>
              <when>2025-09-29T18:51:25Z</when>
            </TimeStamp>
            <styleUrl>#track</styleUrl>
            <Point>
              <coordinates>-81.687934,41.471637,179.40</coordinates>
            </Point>
          </Placemark>
          <Placemark>
            <name>Tow-300</name>
            <snippet/>
            <description><![CDATA[
<table>
<tr><td>Longitude: -81.687662</td></tr>
<tr><td>Latitude: 41.471428</td></tr>
<tr><td>Altitude: 583.990 ft</td></tr>
<tr><td>Speed: 12.1 mph</td></tr>
<tr><td>Heading: 135.6</td></tr>
<tr><td>Time: 2025-09-29T18:51:31Z</td></tr>
</table>
]]></description>
            <LookAt>
              <longitude>-81.687662</longitude>
              <latitude>41.471428</latitude>
              <tilt>66</tilt>
            </LookAt>
            <TimeStamp>
              <when>2025-09-29T18:51:31Z</when>
            </TimeStamp>
            <styleUrl>#track</styleUrl>
            <Point>
              <coordinates>-81.687662,41.471428,178.00</coordinates>
            </Point>
          </Placemark>
          <Placemark>
            <name>Tow-301</name>
            <snippet/>
            <description><![CDATA[
<table>
<tr><td>Longitude: -81.687256</td></tr>
<tr><td>Latitude: 41.471245</td></tr>
<tr><td>Altitude: 578.740 ft</td></tr>
<tr><td>Speed: 14.7 mph</td></tr>
<tr><td>Heading: 121.1</td></tr>
<tr><td>Time: 2025-09-29T18:51:37Z</td></tr>
</table>
]]></description>
            <LookAt>
              <longitude>-81.687256</longitude>
              <latitude>41.471245</latitude>
              <tilt>66</tilt>
            </LookAt>
            <TimeStamp>
              <when>2025-09-29T18:51:37Z</when>
            </TimeStamp>
            <styleUrl>#track</styleUrl>
            <Point>
              <coordinates>-81.687256,41.471245,176.40</coordinates>
            </Point>
          </Placemark>
          <Placemark>
            <name>Tow-302</name>
            <snippet/>
            <description><![CDATA[
<table>
<tr><td>Longitude: -81.687064</td></tr>
<tr><td>Latitude: 41.471174</td></tr>
<tr><td>Altitude: 580.709 ft</td></tr>
<tr><td>Speed: 13.3 mph</td></tr>
<tr><td>Heading: 116.3</td></tr>
<tr><td>Time: 2025-09-29T18:51:40Z</td></tr>
</table>
]]></description>
            <LookAt>
              <longitude>-81.687064</longitude>
              <latitude>41.471174</latitude>
              <tilt>66</tilt>
            </LookAt>
            <TimeStamp>
              <when>2025-09-29T18:51:40Z</when>
            </TimeStamp>
            <styleUrl>#track</styleUrl>
            <Point>
              <coordinates>-81.687064,41.471174,177.00</coordinates>
            </Point>
          </Placemark>
          <Placemark>
            <name>Tow-303</name>
            <snippet/>
            <description><![CDATA[
<table>
<tr><td>Longitude: -81.686967</td></tr>
<tr><td>Latitude: 41.471123</td></tr>
<tr><td>Altitude: 582.677 ft</td></tr>
<tr><td>Speed: 11.0 mph</td></tr>
<tr><td>Heading: 124.9</td></tr>
<tr><td>Time: 2025-09-29T18:51:42Z</td></tr>
</table>
]]></description>
            <LookAt>
              <longitude>-81.686967</longitude>
              <latitude>41.471123</latitude>
              <tilt>66</tilt>
            </LookAt>
            <TimeStamp>
              <when>2025-09-29T18:51:42Z</when>
            </TimeStamp>
            <styleUrl>#track</styleUrl>
            <Point>
              <coordinates>-81.686967,41.471123,177.60</coordinates>
            </Point>
          </Placemark>
          <Placemark>
            <name>Tow-304</name>
            <snippet/>
            <description><![CDATA[
<table>
<tr><td>Longitude: -81.686798</td></tr>
<tr><td>Latitude: 41.470981</td></tr>
<tr><td>Altitude: 589.239 ft</td></tr>
<tr><td>Speed: 7.9 mph</td></tr>
<tr><td>Heading: 138.3</td></tr>
<tr><td>Time: 2025-09-29T18:51:48Z</td></tr>
</table>
]]></description>
            <LookAt>
              <longitude>-81.686798</longitude>
              <latitude>41.470981</latitude>
              <tilt>66</tilt>
            </LookAt>
            <TimeStamp>
              <when>2025-09-29T18:51:48Z</when>
            </TimeStamp>
            <styleUrl>#track</styleUrl>
            <Point>
              <coordinates>-81.686798,41.470981,179.60</coordinates>
            </Point>
          </Placemark>
          <Placemark>
            <name>Tow-305</name>
            <snippet/>
            <description><![CDATA[
<table>
<tr><td>Longitude: -81.686696</td></tr>
<tr><td>Latitude: 41.470808</td></tr>
<tr><td>Altitude: 593.832 ft</td></tr>
<tr><td>Speed: 5.9 mph</td></tr>
<tr><td>Heading: 156.0</td></tr>
<tr><td>Time: 2025-09-29T18:51:56Z</td></tr>
</table>
]]></description>
            <LookAt>
              <longitude>-81.686696</longitude>
              <latitude>41.470808</latitude>
              <tilt>66</tilt>
            </LookAt>
            <TimeStamp>
              <when>2025-09-29T18:51:56Z</when>
            </TimeStamp>
            <styleUrl>#track</styleUrl>
            <Point>
              <coordinates>-81.686696,41.470808,181.00</coordinates>
            </Point>
          </Placemark>
          <Placemark>
            <name>Tow-306</name>
            <snippet/>
            <description><![CDATA[
<table>
<tr><td>Longitude: -81.686633</td></tr>
<tr><td>Latitude: 41.470705</td></tr>
<tr><td>Altitude: 595.144 ft</td></tr>
<tr><td>Speed: 4.0 mph</td></tr>
<tr><td>Heading: 155.8</td></tr>
<tr><td>Time: 2025-09-29T18:52:03Z</td></tr>
</table>
]]></description>
            <LookAt>
              <longitude>-81.686633</longitude>
              <latitude>41.470705</latitude>
              <tilt>66</tilt>
            </LookAt>
            <TimeStamp>
              <when>2025-09-29T18:52:03Z</when>
            </TimeStamp>
            <styleUrl>#track</styleUrl>
            <Point>
              <coordinates>-81.686633,41.470705,181.40</coordinates>
            </Point>
          </Placemark>
          <Placemark>
            <name>Tow-307</name>
            <snippet/>
            <description><![CDATA[
<table>
<tr><td>Longitude: -81.686630</td></tr>
<tr><td>Latitude: 41.470671</td></tr>
<tr><td>Altitude: 593.832 ft</td></tr>
<tr><td>Speed: 0.2 mph</td></tr>
<tr><td>Heading: 175.5</td></tr>
<tr><td>Time: 2025-09-29T18:52:40Z</td></tr>
</table>
]]></description>
            <LookAt>
              <longitude>-81.686630</longitude>
              <latitude>41.470671</latitude>
              <tilt>66</tilt>
            </LookAt>
            <TimeStamp>
              <when>2025-09-29T18:52:40Z</when>
            </TimeStamp>
            <styleUrl>#track</styleUrl>
            <Point>
              <coordinates>-81.686630,41.470671,181.00</coordinates>
            </Point>
          </Placemark>
          <Placemark>
            <name>Tow-308</name>
            <snippet/>
            <description><![CDATA[
<table>
<tr><td>Longitude: -81.686646</td></tr>
<tr><td>Latitude: 41.470634</td></tr>
<tr><td>Altitude: 593.832 ft</td></tr>
<tr><td>Speed: 4.8 mph</td></tr>
<tr><td>Heading: 198.3</td></tr>
<tr><td>Time: 2025-09-29T18:52:42Z</td></tr>
</table>
]]></description>
            <LookAt>
              <longitude>-81.686646</longitude>
              <latitude>41.470634</latitude>
              <tilt>66</tilt>
            </LookAt>
            <TimeStamp>
              <when>2025-09-29T18:52:42Z</when>
            </TimeStamp>
            <styleUrl>#track</styleUrl>
            <Point>
              <coordinates>-81.686646,41.470634,181.00</coordinates>
            </Point>
          </Placemark>
          <Placemark>
            <name>Tow-309</name>
            <snippet/>
            <description><![CDATA[
<table>
<tr><td>Longitude: -81.686729</td></tr>
<tr><td>Latitude: 41.470463</td></tr>
<tr><td>Altitude: 595.144 ft</td></tr>
<tr><td>Speed: 6.5 mph</td></tr>
<tr><td>Heading: 199.9</td></tr>
<tr><td>Time: 2025-09-29T18:52:49Z</td></tr>
</table>
]]></description>
            <LookAt>
              <longitude>-81.686729</longitude>
              <latitude>41.470463</latitude>
              <tilt>66</tilt>
            </LookAt>
            <TimeStamp>
              <when>2025-09-29T18:52:49Z</when>
            </TimeStamp>
            <styleUrl>#track</styleUrl>
            <Point>
              <coordinates>-81.686729,41.470463,181.40</coordinates>
            </Point>
          </Placemark>
          <Placemark>
            <name>Tow-310</name>
            <snippet/>
            <description><![CDATA[
<table>
<tr><td>Longitude: -81.686886</td></tr>
<tr><td>Latitude: 41.470317</td></tr>
<tr><td>Altitude: 595.800 ft</td></tr>
<tr><td>Speed: 7.8 mph</td></tr>
<tr><td>Heading: 218.8</td></tr>
<tr><td>Time: 2025-09-29T18:52:55Z</td></tr>
</table>
]]></description>
            <LookAt>
              <longitude>-81.686886</longitude>
              <latitude>41.470317</latitude>
              <tilt>66</tilt>
            </LookAt>
            <TimeStamp>
              <when>2025-09-29T18:52:55Z</when>
            </TimeStamp>
            <styleUrl>#track</styleUrl>
            <Point>
              <coordinates>-81.686886,41.470317,181.60</coordinates>
            </Point>
          </Placemark>
          <Placemark>
            <name>Tow-311</name>
            <snippet/>
            <description><![CDATA[
<table>
<tr><td>Longitude: -81.687055</td></tr>
<tr><td>Latitude: 41.470140</td></tr>
<tr><td>Altitude: 595.144 ft</td></tr>
<tr><td>Speed: 7.7 mph</td></tr>
<tr><td>Heading: 215.6</td></tr>
<tr><td>Time: 2025-09-29T18:53:02Z</td></tr>
</table>
]]></description>
            <LookAt>
              <longitude>-81.687055</longitude>
              <latitude>41.470140</latitude>
              <tilt>66</tilt>
            </LookAt>
            <TimeStamp>
              <when>2025-09-29T18:53:02Z</when>
            </TimeStamp>
            <styleUrl>#track</styleUrl>
            <Point>
              <coordinates>-81.687055,41.470140,181.40</coordinates>
            </Point>
          </Placemark>
          <Placemark>
            <name>Tow-312</name>
            <snippet/>
            <description><![CDATA[
<table>
<tr><td>Longitude: -81.687050</td></tr>
<tr><td>Latitude: 41.469940</td></tr>
<tr><td>Altitude: 598.425 ft</td></tr>
<tr><td>Speed: 8.3 mph</td></tr>
<tr><td>Heading: 179.0</td></tr>
<tr><td>Time: 2025-09-29T18:53:08Z</td></tr>
</table>
]]></description>
            <LookAt>
              <longitude>-81.687050</longitude>
              <latitude>41.469940</latitude>
              <tilt>66</tilt>
            </LookAt>
            <TimeStamp>
              <when>2025-09-29T18:53:08Z</when>
            </TimeStamp>
            <styleUrl>#track</styleUrl>
            <Point>
              <coordinates>-81.687050,41.469940,182.40</coordinates>
            </Point>
          </Placemark>
          <Placemark>
            <name>Tow-313</name>
            <snippet/>
            <description><![CDATA[
<table>
<tr><td>Longitude: -81.686953</td></tr>
<tr><td>Latitude: 41.469714</td></tr>
<tr><td>Altitude: 606.955 ft</td></tr>
<tr><td>Speed: 8.4 mph</td></tr>
<tr><td>Heading: 162.1</td></tr>
<tr><td>Time: 2025-09-29T18:53:15Z</td></tr>
</table>
]]></description>
            <LookAt>
              <longitude>-81.686953</longitude>
              <latitude>41.469714</latitude>
              <tilt>66</tilt>
            </LookAt>
            <TimeStamp>
              <when>2025-09-29T18:53:15Z</when>
            </TimeStamp>
            <styleUrl>#track</styleUrl>
            <Point>
              <coordinates>-81.686953,41.469714,185.00</coordinates>
            </Point>
          </Placemark>
          <Placemark>
            <name>Tow-314</name>
            <snippet/>
            <description><![CDATA[
<table>
<tr><td>Longitude: -81.686859</td></tr>
<tr><td>Latitude: 41.469565</td></tr>
<tr><td>Altitude: 610.236 ft</td></tr>
<tr><td>Speed: 6.8 mph</td></tr>
<tr><td>Heading: 154.6</td></tr>
<tr><td>Time: 2025-09-29T18:53:21Z</td></tr>
</table>
]]></description>
            <LookAt>
              <longitude>-81.686859</longitude>
              <latitude>41.469565</latitude>
              <tilt>66</tilt>
            </LookAt>
            <TimeStamp>
              <when>2025-09-29T18:53:21Z</when>
            </TimeStamp>
            <styleUrl>#track</styleUrl>
            <Point>
              <coordinates>-81.686859,41.469565,186.00</coordinates>
            </Point>
          </Placemark>
          <Placemark>
            <name>Tow-315</name>
            <snippet/>
            <description><![CDATA[
<table>
<tr><td>Longitude: -81.686745</td></tr>
<tr><td>Latitude: 41.469426</td></tr>
<tr><td>Altitude: 612.861 ft</td></tr>
<tr><td>Speed: 5.8 mph</td></tr>
<tr><td>Heading: 148.3</td></tr>
<tr><td>Time: 2025-09-29T18:53:28Z</td></tr>
</table>
]]></description>
            <LookAt>
              <longitude>-81.686745</longitude>
              <latitude>41.469426</latitude>
              <tilt>66</tilt>
            </LookAt>
            <TimeStamp>
              <when>2025-09-29T18:53:28Z</when>
            </TimeStamp>
            <styleUrl>#track</styleUrl>
            <Point>
              <coordinates>-81.686745,41.469426,186.80</coordinates>
            </Point>
          </Placemark>
          <Placemark>
            <name>Tow-316</name>
            <snippet/>
            <description><![CDATA[
<table>
<tr><td>Longitude: -81.686634</td></tr>
<tr><td>Latitude: 41.469276</td></tr>
<tr><td>Altitude: 614.173 ft</td></tr>
<tr><td>Speed: 5.3 mph</td></tr>
<tr><td>Heading: 151.2</td></tr>
<tr><td>Time: 2025-09-29T18:53:36Z</td></tr>
</table>
]]></description>
            <LookAt>
              <longitude>-81.686634</longitude>
              <latitude>41.469276</latitude>
              <tilt>66</tilt>
            </LookAt>
            <TimeStamp>
              <when>2025-09-29T18:53:36Z</when>
            </TimeStamp>
            <styleUrl>#track</styleUrl>
            <Point>
              <coordinates>-81.686634,41.469276,187.20</coordinates>
            </Point>
          </Placemark>
          <Placemark>
            <name>Tow-317</name>
            <snippet/>
            <description><![CDATA[
<table>
<tr><td>Longitude: -81.686542</td></tr>
<tr><td>Latitude: 41.469146</td></tr>
<tr><td>Altitude: 618.766 ft</td></tr>
<tr><td>Speed: 4.6 mph</td></tr>
<tr><td>Heading: 152.0</td></tr>
<tr><td>Time: 2025-09-29T18:53:44Z</td></tr>
</table>
]]></description>
            <LookAt>
              <longitude>-81.686542</longitude>
              <latitude>41.469146</latitude>
              <tilt>66</tilt>
            </LookAt>
            <TimeStamp>
              <when>2025-09-29T18:53:44Z</when>
            </TimeStamp>
            <styleUrl>#track</styleUrl>
            <Point>
              <coordinates>-81.686542,41.469146,188.60</coordinates>
            </Point>
          </Placemark>
          <Placemark>
            <name>Tow-318</name>
            <snippet/>
            <description><![CDATA[
<table>
<tr><td>Longitude: -81.686533</td></tr>
<tr><td>Latitude: 41.469125</td></tr>
<tr><td>Altitude: 619.423 ft</td></tr>
<tr><td>Speed: 1.1 mph</td></tr>
<tr><td>Heading: 162.0</td></tr>
<tr><td>Time: 2025-09-29T18:53:49Z</td></tr>
</table>
]]></description>
            <LookAt>
              <longitude>-81.686533</longitude>
              <latitude>41.469125</latitude>
              <tilt>66</tilt>
            </LookAt>
            <TimeStamp>
              <when>2025-09-29T18:53:49Z</when>
            </TimeStamp>
            <styleUrl>#track</styleUrl>
            <Point>
              <coordinates>-81.686533,41.469125,188.80</coordinates>
            </Point>
          </Placemark>
          <Placemark>
            <name>Tow-319</name>
            <snippet/>
            <description><![CDATA[
<table>
<tr><td>Longitude: -81.686490</td></tr>
<tr><td>Latitude: 41.469053</td></tr>
<tr><td>Altitude: 620.735 ft</td></tr>
<tr><td>Speed: 0.6 mph</td></tr>
<tr><td>Heading: 155.8</td></tr>
<tr><td>Time: 2025-09-29T18:54:19Z</td></tr>
</table>
]]></description>
            <LookAt>
              <longitude>-81.686490</longitude>
              <latitude>41.469053</latitude>
              <tilt>66</tilt>
            </LookAt>
            <TimeStamp>
              <when>2025-09-29T18:54:19Z</when>
            </TimeStamp>
            <styleUrl>#track</styleUrl>
            <Point>
              <coordinates>-81.686490,41.469053,189.20</coordinates>
            </Point>
          </Placemark>
          <Placemark>
            <name>Tow-320</name>
            <snippet/>
            <description><![CDATA[
<table>
<tr><td>Longitude: -81.686416</td></tr>
<tr><td>Latitude: 41.468899</td></tr>
<tr><td>Altitude: 618.766 ft</td></tr>
<tr><td>Speed: 6.8 mph</td></tr>
<tr><td>Heading: 160.3</td></tr>
<tr><td>Time: 2025-09-29T18:54:25Z</td></tr>
</table>
]]></description>
            <LookAt>
              <longitude>-81.686416</longitude>
              <latitude>41.468899</latitude>
              <tilt>66</tilt>
            </LookAt>
            <TimeStamp>
              <when>2025-09-29T18:54:25Z</when>
            </TimeStamp>
            <styleUrl>#track</styleUrl>
            <Point>
              <coordinates>-81.686416,41.468899,188.60</coordinates>
            </Point>
          </Placemark>
          <Placemark>
            <name>Tow-321</name>
            <snippet/>
            <description><![CDATA[
<table>
<tr><td>Longitude: -81.686304</td></tr>
<tr><td>Latitude: 41.468603</td></tr>
<tr><td>Altitude: 617.454 ft</td></tr>
<tr><td>Speed: 9.6 mph</td></tr>
<tr><td>Heading: 164.2</td></tr>
<tr><td>Time: 2025-09-29T18:54:33Z</td></tr>
</table>
]]></description>
            <LookAt>
              <longitude>-81.686304</longitude>
              <latitude>41.468603</latitude>
              <tilt>66</tilt>
            </LookAt>
            <TimeStamp>
              <when>2025-09-29T18:54:33Z</when>
            </TimeStamp>
            <styleUrl>#track</styleUrl>
            <Point>
              <coordinates>-81.686304,41.468603,188.20</coordinates>
            </Point>
          </Placemark>
          <Placemark>
            <name>Tow-322</name>
            <snippet/>
            <description><![CDATA[
<table>
<tr><td>Longitude: -81.686237</td></tr>
<tr><td>Latitude: 41.468255</td></tr>
<tr><td>Altitude: 616.142 ft</td></tr>
<tr><td>Speed: 10.9 mph</td></tr>
<tr><td>Heading: 171.8</td></tr>
<tr><td>Time: 2025-09-29T18:54:41Z</td></tr>
</table>
]]></description>
            <LookAt>
              <longitude>-81.686237</longitude>
              <latitude>41.468255</latitude>
              <tilt>66</tilt>
            </LookAt>
            <TimeStamp>
              <when>2025-09-29T18:54:41Z</when>
            </TimeStamp>
            <styleUrl>#track</styleUrl>
            <Point>
              <coordinates>-81.686237,41.468255,187.80</coordinates>
            </Point>
          </Placemark>
          <Placemark>
            <name>Tow-323</name>
            <snippet/>
            <description><![CDATA[
<table>
<tr><td>Longitude: -81.686244</td></tr>
<tr><td>Latitude: 41.468058</td></tr>
<tr><td>Altitude: 616.798 ft</td></tr>
<tr><td>Speed: 8.2 mph</td></tr>
<tr><td>Heading: 181.6</td></tr>
<tr><td>Time: 2025-09-29T18:54:47Z</td></tr>
</table>
]]></description>
            <LookAt>
              <longitude>-81.686244</longitude>
              <latitude>41.468058</latitude>
              <tilt>66</tilt>
            </LookAt>
            <TimeStamp>
              <when>2025-09-29T18:54:47Z</when>
            </TimeStamp>
            <styleUrl>#track</styleUrl>
            <Point>
              <coordinates>-81.686244,41.468058,188.00</coordinates>
            </Point>
          </Placemark>
          <Placemark>
            <name>Tow-324</name>
            <snippet/>
            <description><![CDATA[
<table>
<tr><td>Longitude: -81.686268</td></tr>
<tr><td>Latitude: 41.467833</td></tr>
<tr><td>Altitude: 615.485 ft</td></tr>
<tr><td>Speed: 8.0 mph</td></tr>
<tr><td>Heading: 184.5</td></tr>
<tr><td>Time: 2025-09-29T18:54:54Z</td></tr>
</table>
]]></description>
            <LookAt>
              <longitude>-81.686268</longitude>
              <latitude>41.467833</latitude>
              <tilt>66</tilt>
            </LookAt>
            <TimeStamp>
              <when>2025-09-29T18:54:54Z</when>
            </TimeStamp>
            <styleUrl>#track</styleUrl>
            <Point>
              <coordinates>-81.686268,41.467833,187.60</coordinates>
            </Point>
          </Placemark>
          <Placemark>
            <name>Tow-325</name>
            <snippet/>
            <description><![CDATA[
<table>
<tr><td>Longitude: -81.686285</td></tr>
<tr><td>Latitude: 41.467685</td></tr>
<tr><td>Altitude: 611.549 ft</td></tr>
<tr><td>Speed: 9.3 mph</td></tr>
<tr><td>Heading: 184.9</td></tr>
<tr><td>Time: 2025-09-29T18:54:58Z</td></tr>
</table>
]]></description>
            <LookAt>
              <longitude>-81.686285</longitude>
              <latitude>41.467685</latitude>
              <tilt>66</tilt>
            </LookAt>
            <TimeStamp>
              <when>2025-09-29T18:54:58Z</when>
            </TimeStamp>
            <styleUrl>#track</styleUrl>
            <Point>
              <coordinates>-81.686285,41.467685,186.40</coordinates>
            </Point>
          </Placemark>
          <Placemark>
            <name>Tow-326</name>
            <snippet/>
            <description><![CDATA[
<table>
<tr><td>Longitude: -81.686324</td></tr>
<tr><td>Latitude: 41.467598</td></tr>
<tr><td>Altitude: 608.924 ft</td></tr>
<tr><td>Speed: 11.4 mph</td></tr>
<tr><td>Heading: 198.7</td></tr>
<tr><td>Time: 2025-09-29T18:55:00Z</td></tr>
</table>
]]></description>
            <LookAt>
              <longitude>-81.686324</longitude>
              <latitude>41.467598</latitude>
              <tilt>66</tilt>
            </LookAt>
            <TimeStamp>
              <when>2025-09-29T18:55:00Z</when>
            </TimeStamp>
            <styleUrl>#track</styleUrl>
            <Point>
              <coordinates>-81.686324,41.467598,185.60</coordinates>
            </Point>
          </Placemark>
          <Placemark>
            <name>Tow-327</name>
            <snippet/>
            <description><![CDATA[
<table>
<tr><td>Longitude: -81.686389</td></tr>
<tr><td>Latitude: 41.467456</td></tr>
<tr><td>Altitude: 605.643 ft</td></tr>
<tr><td>Speed: 12.5 mph</td></tr>
<tr><td>Heading: 198.9</td></tr>
<tr><td>Time: 2025-09-29T18:55:03Z</td></tr>
</table>
]]></description>
            <LookAt>
              <longitude>-81.686389</longitude>
              <latitude>41.467456</latitude>
              <tilt>66</tilt>
            </LookAt>
            <TimeStamp>
              <when>2025-09-29T18:55:03Z</when>
            </TimeStamp>
            <styleUrl>#track</styleUrl>
            <Point>
              <coordinates>-81.686389,41.467456,184.60</coordinates>
            </Point>
          </Placemark>
          <Placemark>
            <name>Tow-328</name>
            <snippet/>
            <description><![CDATA[
<table>
<tr><td>Longitude: -81.686400</td></tr>
<tr><td>Latitude: 41.467352</td></tr>
<tr><td>Altitude: 603.018 ft</td></tr>
<tr><td>Speed: 13.0 mph</td></tr>
<tr><td>Heading: 184.6</td></tr>
<tr><td>Time: 2025-09-29T18:55:05Z</td></tr>
</table>
]]></description>
            <LookAt>
              <longitude>-81.686400</longitude>
              <latitude>41.467352</latitude>
              <tilt>66</tilt>
            </LookAt>
            <TimeStamp>
              <when>2025-09-29T18:55:05Z</when>
            </TimeStamp>
            <styleUrl>#track</styleUrl>
            <Point>
              <coordinates>-81.686400,41.467352,183.80</coordinates>
            </Point>
          </Placemark>
          <Placemark>
            <name>Tow-329</name>
            <snippet/>
            <description><![CDATA[
<table>
<tr><td>Longitude: -81.686407</td></tr>
<tr><td>Latitude: 41.467073</td></tr>
<tr><td>Altitude: 601.050 ft</td></tr>
<tr><td>Speed: 11.6 mph</td></tr>
<tr><td>Heading: 181.2</td></tr>
<tr><td>Time: 2025-09-29T18:55:11Z</td></tr>
</table>
]]></description>
            <LookAt>
              <longitude>-81.686407</longitude>
              <latitude>41.467073</latitude>
              <tilt>66</tilt>
            </LookAt>
            <TimeStamp>
              <when>2025-09-29T18:55:11Z</when>
            </TimeStamp>
            <styleUrl>#track</styleUrl>
            <Point>
              <coordinates>-81.686407,41.467073,183.20</coordinates>
            </Point>
          </Placemark>
          <Placemark>
            <name>Tow-330</name>
            <snippet/>
            <description><![CDATA[
<table>
<tr><td>Longitude: -81.686434</td></tr>
<tr><td>Latitude: 41.467019</td></tr>
<tr><td>Altitude: 600.394 ft</td></tr>
<tr><td>Speed: 4.8 mph</td></tr>
<tr><td>Heading: 200.2</td></tr>
<tr><td>Time: 2025-09-29T18:55:14Z</td></tr>
</table>
]]></description>
            <LookAt>
              <longitude>-81.686434</longitude>
              <latitude>41.467019</latitude>
              <tilt>66</tilt>
            </LookAt>
            <TimeStamp>
              <when>2025-09-29T18:55:14Z</when>
            </TimeStamp>
            <styleUrl>#track</styleUrl>
            <Point>
              <coordinates>-81.686434,41.467019,183.00</coordinates>
            </Point>
          </Placemark>
          <Placemark>
            <name>Tow-331</name>
            <snippet/>
            <description><![CDATA[
<table>
<tr><td>Longitude: -81.686453</td></tr>
<tr><td>Latitude: 41.467012</td></tr>
<tr><td>Altitude: 601.050 ft</td></tr>
<tr><td>Speed: 0.2 mph</td></tr>
<tr><td>Heading: 242.0</td></tr>
<tr><td>Time: 2025-09-29T18:55:39Z</td></tr>
</table>
]]></description>
            <LookAt>
              <longitude>-81.686453</longitude>
              <latitude>41.467012</latitude>
              <tilt>66</tilt>
            </LookAt>
            <TimeStamp>
              <when>2025-09-29T18:55:39Z</when>
            </TimeStamp>
            <styleUrl>#track</styleUrl>
            <Point>
              <coordinates>-81.686453,41.467012,183.20</coordinates>
            </Point>
          </Placemark>
          <Placemark>
            <name>Tow-332</name>
            <snippet/>
            <description><![CDATA[
<table>
<tr><td>Longitude: -81.686497</td></tr>
<tr><td>Latitude: 41.466985</td></tr>
<tr><td>Altitude: 601.050 ft</td></tr>
<tr><td>Speed: 5.3 mph</td></tr>
<tr><td>Heading: 230.6</td></tr>
<tr><td>Time: 2025-09-29T18:55:41Z</td></tr>
</table>
]]></description>
            <LookAt>
              <longitude>-81.686497</longitude>
              <latitude>41.466985</latitude>
              <tilt>66</tilt>
            </LookAt>
            <TimeStamp>
              <when>2025-09-29T18:55:41Z</when>
            </TimeStamp>
            <styleUrl>#track</styleUrl>
            <Point>
              <coordinates>-81.686497,41.466985,183.20</coordinates>
            </Point>
          </Placemark>
          <Placemark>
            <name>Tow-333</name>
            <snippet/>
            <description><![CDATA[
<table>
<tr><td>Longitude: -81.686757</td></tr>
<tr><td>Latitude: 41.466884</td></tr>
<tr><td>Altitude: 598.425 ft</td></tr>
<tr><td>Speed: 9.1 mph</td></tr>
<tr><td>Heading: 242.7</td></tr>
<tr><td>Time: 2025-09-29T18:55:47Z</td></tr>
</table>
]]></description>
            <LookAt>
              <longitude>-81.686757</longitude>
              <latitude>41.466884</latitude>
              <tilt>66</tilt>
            </LookAt>
            <TimeStamp>
              <when>2025-09-29T18:55:47Z</when>
            </TimeStamp>
            <styleUrl>#track</styleUrl>
            <Point>
              <coordinates>-81.686757,41.466884,182.40</coordinates>
            </Point>
          </Placemark>
          <Placemark>
            <name>Tow-334</name>
            <snippet/>
            <description><![CDATA[
<table>
<tr><td>Longitude: -81.686812</td></tr>
<tr><td>Latitude: 41.466861</td></tr>
<tr><td>Altitude: 597.769 ft</td></tr>
<tr><td>Speed: 11.7 mph</td></tr>
<tr><td>Heading: 240.0</td></tr>
<tr><td>Time: 2025-09-29T18:55:48Z</td></tr>
</table>
]]></description>
            <LookAt>
              <longitude>-81.686812</longitude>
              <latitude>41.466861</latitude>
              <tilt>66</tilt>
            </LookAt>
            <TimeStamp>
              <when>2025-09-29T18:55:48Z</when>
            </TimeStamp>
            <styleUrl>#track</styleUrl>
            <Point>
              <coordinates>-81.686812,41.466861,182.20</coordinates>
            </Point>
          </Placemark>
          <Placemark>
            <name>Tow-335</name>
            <snippet/>
            <description><![CDATA[
<table>
<tr><td>Longitude: -81.686903</td></tr>
<tr><td>Latitude: 41.466786</td></tr>
<tr><td>Altitude: 597.769 ft</td></tr>
<tr><td>Speed: 12.6 mph</td></tr>
<tr><td>Heading: 222.7</td></tr>
<tr><td>Time: 2025-09-29T18:55:50Z</td></tr>
</table>
]]></description>
            <LookAt>
              <longitude>-81.686903</longitude>
              <latitude>41.466786</latitude>
              <tilt>66</tilt>
            </LookAt>
            <TimeStamp>
              <when>2025-09-29T18:55:50Z</when>
            </TimeStamp>
            <styleUrl>#track</styleUrl>
            <Point>
              <coordinates>-81.686903,41.466786,182.20</coordinates>
            </Point>
          </Placemark>
          <Placemark>
            <name>Tow-336</name>
            <snippet/>
            <description><![CDATA[
<table>
<tr><td>Longitude: -81.686925</td></tr>
<tr><td>Latitude: 41.466738</td></tr>
<tr><td>Altitude: 598.425 ft</td></tr>
<tr><td>Speed: 12.7 mph</td></tr>
<tr><td>Heading: 198.9</td></tr>
<tr><td>Time: 2025-09-29T18:55:51Z</td></tr>
</table>
]]></description>
            <LookAt>
              <longitude>-81.686925</longitude>
              <latitude>41.466738</latitude>
              <tilt>66</tilt>
            </LookAt>
            <TimeStamp>
              <when>2025-09-29T18:55:51Z</when>
            </TimeStamp>
            <styleUrl>#track</styleUrl>
            <Point>
              <coordinates>-81.686925,41.466738,182.40</coordinates>
            </Point>
          </Placemark>
          <Placemark>
            <name>Tow-337</name>
            <snippet/>
            <description><![CDATA[
<table>
<tr><td>Longitude: -81.687028</td></tr>
<tr><td>Latitude: 41.466409</td></tr>
<tr><td>Altitude: 597.113 ft</td></tr>
<tr><td>Speed: 12.0 mph</td></tr>
<tr><td>Heading: 193.2</td></tr>
<tr><td>Time: 2025-09-29T18:55:58Z</td></tr>
</table>
]]></description>
            <LookAt>
              <longitude>-81.687028</longitude>
              <latitude>41.466409</latitude>
              <tilt>66</tilt>
            </LookAt>
            <TimeStamp>
              <when>2025-09-29T18:55:58Z</when>
            </TimeStamp>
            <styleUrl>#track</styleUrl>
            <Point>
              <coordinates>-81.687028,41.466409,182.00</coordinates>
            </Point>
          </Placemark>
          <Placemark>
            <name>Tow-338</name>
            <snippet/>
            <description><![CDATA[
<table>
<tr><td>Longitude: -81.687055</td></tr>
<tr><td>Latitude: 41.466306</td></tr>
<tr><td>Altitude: 596.457 ft</td></tr>
<tr><td>Speed: 13.1 mph</td></tr>
<tr><td>Heading: 190.8</td></tr>
<tr><td>Time: 2025-09-29T18:56:00Z</td></tr>
</table>
]]></description>
            <LookAt>
              <longitude>-81.687055</longitude>
              <latitude>41.466306</latitude>
              <tilt>66</tilt>
            </LookAt>
            <TimeStamp>
              <when>2025-09-29T18:56:00Z</when>
            </TimeStamp>
            <styleUrl>#track</styleUrl>
            <Point>
              <coordinates>-81.687055,41.466306,181.80</coordinates>
            </Point>
          </Placemark>
          <Placemark>
            <name>Tow-339</name>
            <snippet/>
            <description><![CDATA[
<table>
<tr><td>Longitude: -81.686989</td></tr>
<tr><td>Latitude: 41.466231</td></tr>
<tr><td>Altitude: 595.144 ft</td></tr>
<tr><td>Speed: 11.2 mph</td></tr>
<tr><td>Heading: 146.7</td></tr>
<tr><td>Time: 2025-09-29T18:56:02Z</td></tr>
</table>
]]></description>
            <LookAt>
              <longitude>-81.686989</longitude>
              <latitude>41.466231</latitude>
              <tilt>66</tilt>
            </LookAt>
            <TimeStamp>
              <when>2025-09-29T18:56:02Z</when>
            </TimeStamp>
            <styleUrl>#track</styleUrl>
            <Point>
              <coordinates>-81.686989,41.466231,181.40</coordinates>
            </Point>
          </Placemark>
          <Placemark>
            <name>Tow-340</name>
            <snippet/>
            <description><![CDATA[
<table>
<tr><td>Longitude: -81.686962</td></tr>
<tr><td>Latitude: 41.466173</td></tr>
<tr><td>Altitude: 594.488 ft</td></tr>
<tr><td>Speed: 15.3 mph</td></tr>
<tr><td>Heading: 160.8</td></tr>
<tr><td>Time: 2025-09-29T18:56:03Z</td></tr>
</table>
]]></description>
            <LookAt>
              <longitude>-81.686962</longitude>
              <latitude>41.466173</latitude>
              <tilt>66</tilt>
            </LookAt>
            <TimeStamp>
              <when>2025-09-29T18:56:03Z</when>
            </TimeStamp>
            <styleUrl>#track</styleUrl>
            <Point>
              <coordinates>-81.686962,41.466173,181.20</coordinates>
            </Point>
          </Placemark>
          <Placemark>
            <name>Tow-341</name>
            <snippet/>
            <description><![CDATA[
<table>
<tr><td>Longitude: -81.686937</td></tr>
<tr><td>Latitude: 41.466122</td></tr>
<tr><td>Altitude: 593.832 ft</td></tr>
<tr><td>Speed: 13.4 mph</td></tr>
<tr><td>Heading: 159.5</td></tr>
<tr><td>Time: 2025-09-29T18:56:04Z</td></tr>
</table>
]]></description>
            <LookAt>
              <longitude>-81.686937</longitude>
              <latitude>41.466122</latitude>
              <tilt>66</tilt>
            </LookAt>
            <TimeStamp>
              <when>2025-09-29T18:56:04Z</when>
            </TimeStamp>
            <styleUrl>#track</styleUrl>
            <Point>
              <coordinates>-81.686937,41.466122,181.00</coordinates>
            </Point>
          </Placemark>
          <Placemark>
            <name>Tow-342</name>
            <snippet/>
            <description><![CDATA[
<table>
<tr><td>Longitude: -81.686877</td></tr>
<tr><td>Latitude: 41.466059</td></tr>
<tr><td>Altitude: 592.520 ft</td></tr>
<tr><td>Speed: 9.7 mph</td></tr>
<tr><td>Heading: 144.7</td></tr>
<tr><td>Time: 2025-09-29T18:56:06Z</td></tr>
</table>
]]></description>
            <LookAt>
              <longitude>-81.686877</longitude>
              <latitude>41.466059</latitude>
              <tilt>66</tilt>
            </LookAt>
            <TimeStamp>
              <when>2025-09-29T18:56:06Z</when>
            </TimeStamp>
            <styleUrl>#track</styleUrl>
            <Point>
              <coordinates>-81.686877,41.466059,180.60</coordinates>
            </Point>
          </Placemark>
          <Placemark>
            <name>Tow-343</name>
            <snippet/>
            <description><![CDATA[
<table>
<tr><td>Longitude: -81.686834</td></tr>
<tr><td>Latitude: 41.466044</td></tr>
<tr><td>Altitude: 589.239 ft</td></tr>
<tr><td>Speed: 2.9 mph</td></tr>
<tr><td>Heading: 115.4</td></tr>
<tr><td>Time: 2025-09-29T18:56:09Z</td></tr>
</table>
]]></description>
            <LookAt>
              <longitude>-81.686834</longitude>
              <latitude>41.466044</latitude>
              <tilt>66</tilt>
            </LookAt>
            <TimeStamp>
              <when>2025-09-29T18:56:09Z</when>
            </TimeStamp>
            <styleUrl>#track</styleUrl>
            <Point>
              <coordinates>-81.686834,41.466044,179.60</coordinates>
            </Point>
          </Placemark>
          <Placemark>
            <name>Tow-344</name>
            <snippet/>
            <description><![CDATA[
<table>
<tr><td>Longitude: -81.686791</td></tr>
<tr><td>Latitude: 41.466021</td></tr>
<tr><td>Altitude: 590.551 ft</td></tr>
<tr><td>Speed: 0.4 mph</td></tr>
<tr><td>Heading: 125.0</td></tr>
<tr><td>Time: 2025-09-29T18:56:36Z</td></tr>
</table>
]]></description>
            <LookAt>
              <longitude>-81.686791</longitude>
              <latitude>41.466021</latitude>
              <tilt>66</tilt>
            </LookAt>
            <TimeStamp>
              <when>2025-09-29T18:56:36Z</when>
            </TimeStamp>
            <styleUrl>#track</styleUrl>
            <Point>
              <coordinates>-81.686791,41.466021,180.00</coordinates>
            </Point>
          </Placemark>
          <Placemark>
            <name>Tow-345</name>
            <snippet/>
            <description><![CDATA[
<table>
<tr><td>Longitude: -81.686752</td></tr>
<tr><td>Latitude: 41.465988</td></tr>
<tr><td>Altitude: 590.551 ft</td></tr>
<tr><td>Speed: 5.5 mph</td></tr>
<tr><td>Heading: 139.1</td></tr>
<tr><td>Time: 2025-09-29T18:56:38Z</td></tr>
</table>
]]></description>
            <LookAt>
              <longitude>-81.686752</longitude>
              <latitude>41.465988</latitude>
              <tilt>66</tilt>
            </LookAt>
            <TimeStamp>
              <when>2025-09-29T18:56:38Z</when>
            </TimeStamp>
            <styleUrl>#track</styleUrl>
            <Point>
              <coordinates>-81.686752,41.465988,180.00</coordinates>
            </Point>
          </Placemark>
          <Placemark>
            <name>Tow-346</name>
            <snippet/>
            <description><![CDATA[
<table>
<tr><td>Longitude: -81.686583</td></tr>
<tr><td>Latitude: 41.465860</td></tr>
<tr><td>Altitude: 589.895 ft</td></tr>
<tr><td>Speed: 7.5 mph</td></tr>
<tr><td>Heading: 135.1</td></tr>
<tr><td>Time: 2025-09-29T18:56:44Z</td></tr>
</table>
]]></description>
            <LookAt>
              <longitude>-81.686583</longitude>
              <latitude>41.465860</latitude>
              <tilt>66</tilt>
            </LookAt>
            <TimeStamp>
              <when>2025-09-29T18:56:44Z</when>
            </TimeStamp>
            <styleUrl>#track</styleUrl>
            <Point>
              <coordinates>-81.686583,41.465860,179.80</coordinates>
            </Point>
          </Placemark>
          <Placemark>
            <name>Tow-347</name>
            <snippet/>
            <description><![CDATA[
<table>
<tr><td>Longitude: -81.686261</td></tr>
<tr><td>Latitude: 41.465692</td></tr>
<tr><td>Altitude: 590.551 ft</td></tr>
<tr><td>Speed: 9.2 mph</td></tr>
<tr><td>Heading: 124.9</td></tr>
<tr><td>Time: 2025-09-29T18:56:52Z</td></tr>
</table>
]]></description>
            <LookAt>
              <longitude>-81.686261</longitude>
              <latitude>41.465692</latitude>
              <tilt>66</tilt>
            </LookAt>
            <TimeStamp>
              <when>2025-09-29T18:56:52Z</when>
            </TimeStamp>
            <styleUrl>#track</styleUrl>
            <Point>
              <coordinates>-81.686261,41.465692,180.00</coordinates>
            </Point>
          </Placemark>
          <Placemark>
            <name>Tow-348</name>
            <snippet/>
            <description><![CDATA[
<table>
<tr><td>Longitude: -81.686086</td></tr>
<tr><td>Latitude: 41.465548</td></tr>
<tr><td>Altitude: 597.113 ft</td></tr>
<tr><td>Speed: 8.1 mph</td></tr>
<tr><td>Heading: 137.6</td></tr>
<tr><td>Time: 2025-09-29T18:56:58Z</td></tr>
</table>
]]></description>
            <LookAt>
              <longitude>-81.686086</longitude>
              <latitude>41.465548</latitude>
              <tilt>66</tilt>
            </LookAt>
            <TimeStamp>
              <when>2025-09-29T18:56:58Z</when>
            </TimeStamp>
            <styleUrl>#track</styleUrl>
            <Point>
              <coordinates>-81.686086,41.465548,182.00</coordinates>
            </Point>
          </Placemark>
          <Placemark>
            <name>Tow-349</name>
            <snippet/>
            <description><![CDATA[
<table>
<tr><td>Longitude: -81.685814</td></tr>
<tr><td>Latitude: 41.465396</td></tr>
<tr><td>Altitude: 595.144 ft</td></tr>
<tr><td>Speed: 7.0 mph</td></tr>
<tr><td>Heading: 126.6</td></tr>
<tr><td>Time: 2025-09-29T18:57:07Z</td></tr>
</table>
]]></description>
            <LookAt>
              <longitude>-81.685814</longitude>
              <latitude>41.465396</latitude>
              <tilt>66</tilt>
            </LookAt>
            <TimeStamp>
              <when>2025-09-29T18:57:07Z</when>
            </TimeStamp>
            <styleUrl>#track</styleUrl>
            <Point>
              <coordinates>-81.685814,41.465396,181.40</coordinates>
            </Point>
          </Placemark>
          <Placemark>
            <name>Tow-350</name>
            <snippet/>
            <description><![CDATA[
<table>
<tr><td>Longitude: -81.685660</td></tr>
<tr><td>Latitude: 41.465263</td></tr>
<tr><td>Altitude: 593.832 ft</td></tr>
<tr><td>Speed: 7.3 mph</td></tr>
<tr><td>Heading: 139.1</td></tr>
<tr><td>Time: 2025-09-29T18:57:13Z</td></tr>
</table>
]]></description>
            <LookAt>
              <longitude>-81.685660</longitude>
              <latitude>41.465263</latitude>
              <tilt>66</tilt>
            </LookAt>
            <TimeStamp>
              <when>2025-09-29T18:57:13Z</when>
            </TimeStamp>
            <styleUrl>#track</styleUrl>
            <Point>
              <coordinates>-81.685660,41.465263,181.00</coordinates>
            </Point>
          </Placemark>
          <Placemark>
            <name>Tow-351</name>
            <snippet/>
            <description><![CDATA[
<table>
<tr><td>Longitude: -81.685711</td></tr>
<tr><td>Latitude: 41.465177</td></tr>
<tr><td>Altitude: 587.927 ft</td></tr>
<tr><td>Speed: 0.7 mph</td></tr>
<tr><td>Heading: 203.6</td></tr>
<tr><td>Time: 2025-09-29T18:57:45Z</td></tr>
</table>
]]></description>
            <LookAt>
              <longitude>-81.685711</longitude>
              <latitude>41.465177</latitude>
              <tilt>66</tilt>
            </LookAt>
            <TimeStamp>
              <when>2025-09-29T18:57:45Z</when>
            </TimeStamp>
            <styleUrl>#track</styleUrl>
            <Point>
              <coordinates>-81.685711,41.465177,179.20</coordinates>
            </Point>
          </Placemark>
          <Placemark>
            <name>Tow-352</name>
            <snippet/>
            <description><![CDATA[
<table>
<tr><td>Longitude: -81.685836</td></tr>
<tr><td>Latitude: 41.465017</td></tr>
<tr><td>Altitude: 587.270 ft</td></tr>
<tr><td>Speed: 7.7 mph</td></tr>
<tr><td>Heading: 210.5</td></tr>
<tr><td>Time: 2025-09-29T18:57:51Z</td></tr>
</table>
]]></description>
            <LookAt>
              <longitude>-81.685836</longitude>
              <latitude>41.465017</latitude>
              <tilt>66</tilt>
            </LookAt>
            <TimeStamp>
              <when>2025-09-29T18:57:51Z</when>
            </TimeStamp>
            <styleUrl>#track</styleUrl>
            <Point>
              <coordinates>-81.685836,41.465017,179.00</coordinates>
            </Point>
          </Placemark>
          <Placemark>
            <name>Tow-353</name>
            <snippet/>
            <description><![CDATA[
<table>
<tr><td>Longitude: -81.686038</td></tr>
<tr><td>Latitude: 41.464769</td></tr>
<tr><td>Altitude: 585.302 ft</td></tr>
<tr><td>Speed: 9.0 mph</td></tr>
<tr><td>Heading: 211.3</td></tr>
<tr><td>Time: 2025-09-29T18:57:59Z</td></tr>
</table>
]]></description>
            <LookAt>
              <longitude>-81.686038</longitude>
              <latitude>41.464769</latitude>
              <tilt>66</tilt>
            </LookAt>
            <TimeStamp>
              <when>2025-09-29T18:57:59Z</when>
            </TimeStamp>
            <styleUrl>#track</styleUrl>
            <Point>
              <coordinates>-81.686038,41.464769,178.40</coordinates>
            </Point>
          </Placemark>
          <Placemark>
            <name>Tow-354</name>
            <snippet/>
            <description><![CDATA[
<table>
<tr><td>Longitude: -81.686252</td></tr>
<tr><td>Latitude: 41.464490</td></tr>
<tr><td>Altitude: 583.333 ft</td></tr>
<tr><td>Speed: 8.9 mph</td></tr>
<tr><td>Heading: 209.9</td></tr>
<tr><td>Time: 2025-09-29T18:58:08Z</td></tr>
</table>
]]></description>
            <LookAt>
              <longitude>-81.686252</longitude>
              <latitude>41.464490</latitude>
              <tilt>66</tilt>
            </LookAt>
            <TimeStamp>
              <when>2025-09-29T18:58:08Z</when>
            </TimeStamp>
            <styleUrl>#track</styleUrl>
            <Point>
              <coordinates>-81.686252,41.464490,177.80</coordinates>
            </Point>
          </Placemark>
          <Placemark>
            <name>Tow-355</name>
            <snippet/>
            <description><![CDATA[
<table>
<tr><td>Longitude: -81.686440</td></tr>
<tr><td>Latitude: 41.464233</td></tr>
<tr><td>Altitude: 578.740 ft</td></tr>
<tr><td>Speed: 8.1 mph</td></tr>
<tr><td>Heading: 208.8</td></tr>
<tr><td>Time: 2025-09-29T18:58:17Z</td></tr>
</table>
]]></description>
            <LookAt>
              <longitude>-81.686440</longitude>
              <latitude>41.464233</latitude>
              <tilt>66</tilt>
            </LookAt>
            <TimeStamp>
              <when>2025-09-29T18:58:17Z</when>
            </TimeStamp>
            <styleUrl>#track</styleUrl>
            <Point>
              <coordinates>-81.686440,41.464233,176.40</coordinates>
            </Point>
          </Placemark>
          <Placemark>
            <name>Tow-356</name>
            <snippet/>
            <description><![CDATA[
<table>
<tr><td>Longitude: -81.686608</td></tr>
<tr><td>Latitude: 41.464001</td></tr>
<tr><td>Altitude: 578.740 ft</td></tr>
<tr><td>Speed: 8.2 mph</td></tr>
<tr><td>Heading: 208.5</td></tr>
<tr><td>Time: 2025-09-29T18:58:25Z</td></tr>
</table>
]]></description>
            <LookAt>
              <longitude>-81.686608</longitude>
              <latitude>41.464001</latitude>
              <tilt>66</tilt>
            </LookAt>
            <TimeStamp>
              <when>2025-09-29T18:58:25Z</when>
            </TimeStamp>
            <styleUrl>#track</styleUrl>
            <Point>
              <coordinates>-81.686608,41.464001,176.40</coordinates>
            </Point>
          </Placemark>
          <Placemark>
            <name>Tow-357</name>
            <snippet/>
            <description><![CDATA[
<table>
<tr><td>Longitude: -81.686703</td></tr>
<tr><td>Latitude: 41.463746</td></tr>
<tr><td>Altitude: 579.396 ft</td></tr>
<tr><td>Speed: 8.3 mph</td></tr>
<tr><td>Heading: 195.7</td></tr>
<tr><td>Time: 2025-09-29T18:58:33Z</td></tr>
</table>
]]></description>
            <LookAt>
              <longitude>-81.686703</longitude>
              <latitude>41.463746</latitude>
              <tilt>66</tilt>
            </LookAt>
            <TimeStamp>
              <when>2025-09-29T18:58:33Z</when>
            </TimeStamp>
            <styleUrl>#track</styleUrl>
            <Point>
              <coordinates>-81.686703,41.463746,176.60</coordinates>
            </Point>
          </Placemark>
          <Placemark>
            <name>Tow-358</name>
            <snippet/>
            <description><![CDATA[
<table>
<tr><td>Longitude: -81.686825</td></tr>
<tr><td>Latitude: 41.463441</td></tr>
<tr><td>Altitude: 576.115 ft</td></tr>
<tr><td>Speed: 8.8 mph</td></tr>
<tr><td>Heading: 196.6</td></tr>
<tr><td>Time: 2025-09-29T18:58:42Z</td></tr>
</table>
]]></description>
            <LookAt>
              <longitude>-81.686825</longitude>
              <latitude>41.463441</latitude>
              <tilt>66</tilt>
            </LookAt>
            <TimeStamp>
              <when>2025-09-29T18:58:42Z</when>
            </TimeStamp>
            <styleUrl>#track</styleUrl>
            <Point>
              <coordinates>-81.686825,41.463441,175.60</coordinates>
            </Point>
          </Placemark>
          <Placemark>
            <name>Tow-359</name>
            <snippet/>
            <description><![CDATA[
<table>
<tr><td>Longitude: -81.686929</td></tr>
<tr><td>Latitude: 41.463193</td></tr>
<tr><td>Altitude: 576.772 ft</td></tr>
<tr><td>Speed: 8.1 mph</td></tr>
<tr><td>Heading: 197.4</td></tr>
<tr><td>Time: 2025-09-29T18:58:50Z</td></tr>
</table>
]]></description>
            <LookAt>
              <longitude>-81.686929</longitude>
              <latitude>41.463193</latitude>
              <tilt>66</tilt>
            </LookAt>
            <TimeStamp>
              <when>2025-09-29T18:58:50Z</when>
            </TimeStamp>
            <styleUrl>#track</styleUrl>
            <Point>
              <coordinates>-81.686929,41.463193,175.80</coordinates>
            </Point>
          </Placemark>
          <Placemark>
            <name>Tow-360</name>
            <snippet/>
            <description><![CDATA[
<table>
<tr><td>Longitude: -81.687022</td></tr>
<tr><td>Latitude: 41.462962</td></tr>
<tr><td>Altitude: 579.396 ft</td></tr>
<tr><td>Speed: 8.6 mph</td></tr>
<tr><td>Heading: 196.8</td></tr>
<tr><td>Time: 2025-09-29T18:58:57Z</td></tr>
</table>
]]></description>
            <LookAt>
              <longitude>-81.687022</longitude>
              <latitude>41.462962</latitude>
              <tilt>66</tilt>
            </LookAt>
            <TimeStamp>
              <when>2025-09-29T18:58:57Z</when>
            </TimeStamp>
            <styleUrl>#track</styleUrl>
            <Point>
              <coordinates>-81.687022,41.462962,176.60</coordinates>
            </Point>
          </Placemark>
          <Placemark>
            <name>Tow-361</name>
            <snippet/>
            <description><![CDATA[
<table>
<tr><td>Longitude: -81.687109</td></tr>
<tr><td>Latitude: 41.462708</td></tr>
<tr><td>Altitude: 580.052 ft</td></tr>
<tr><td>Speed: 8.2 mph</td></tr>
<tr><td>Heading: 194.4</td></tr>
<tr><td>Time: 2025-09-29T18:59:05Z</td></tr>
</table>
]]></description>
            <LookAt>
              <longitude>-81.687109</longitude>
              <latitude>41.462708</latitude>
              <tilt>66</tilt>
            </LookAt>
            <TimeStamp>
              <when>2025-09-29T18:59:05Z</when>
            </TimeStamp>
            <styleUrl>#track</styleUrl>
            <Point>
              <coordinates>-81.687109,41.462708,176.80</coordinates>
            </Point>
          </Placemark>
          <Placemark>
            <name>Tow-362</name>
            <snippet/>
            <description><![CDATA[
<table>
<tr><td>Longitude: -81.687140</td></tr>
<tr><td>Latitude: 41.462641</td></tr>
<tr><td>Altitude: 580.709 ft</td></tr>
<tr><td>Speed: 3.5 mph</td></tr>
<tr><td>Heading: 198.9</td></tr>
<tr><td>Time: 2025-09-29T18:59:10Z</td></tr>
</table>
]]></description>
            <LookAt>
              <longitude>-81.687140</longitude>
              <latitude>41.462641</latitude>
              <tilt>66</tilt>
            </LookAt>
            <TimeStamp>
              <when>2025-09-29T18:59:10Z</when>
            </TimeStamp>
            <styleUrl>#track</styleUrl>
            <Point>
              <coordinates>-81.687140,41.462641,177.00</coordinates>
            </Point>
          </Placemark>
          <Placemark>
            <name>Tow-363</name>
            <snippet/>
            <description><![CDATA[
<table>
<tr><td>Longitude: -81.687175</td></tr>
<tr><td>Latitude: 41.462545</td></tr>
<tr><td>Altitude: 582.677 ft</td></tr>
<tr><td>Speed: 0.5 mph</td></tr>
<tr><td>Heading: 195.3</td></tr>
<tr><td>Time: 2025-09-29T19:00:01Z</td></tr>
</table>
]]></description>
            <LookAt>
              <longitude>-81.687175</longitude>
              <latitude>41.462545</latitude>
              <tilt>66</tilt>
            </LookAt>
            <TimeStamp>
              <when>2025-09-29T19:00:01Z</when>
            </TimeStamp>
            <styleUrl>#track</styleUrl>
            <Point>
              <coordinates>-81.687175,41.462545,177.60</coordinates>
            </Point>
          </Placemark>
          <Placemark>
            <name>Tow-364</name>
            <snippet/>
            <description><![CDATA[
<table>
<tr><td>Longitude: -81.687243</td></tr>
<tr><td>Latitude: 41.462318</td></tr>
<tr><td>Altitude: 582.021 ft</td></tr>
<tr><td>Speed: 7.2 mph</td></tr>
<tr><td>Heading: 192.7</td></tr>
<tr><td>Time: 2025-09-29T19:00:09Z</td></tr>
</table>
]]></description>
            <LookAt>
              <longitude>-81.687243</longitude>
              <latitude>41.462318</latitude>
              <tilt>66</tilt>
            </LookAt>
            <TimeStamp>
              <when>2025-09-29T19:00:09Z</when>
            </TimeStamp>
            <styleUrl>#track</styleUrl>
            <Point>
              <coordinates>-81.687243,41.462318,177.40</coordinates>
            </Point>
          </Placemark>
          <Placemark>
            <name>Tow-365</name>
            <snippet/>
            <description><![CDATA[
<table>
<tr><td>Longitude: -81.687324</td></tr>
<tr><td>Latitude: 41.461968</td></tr>
<tr><td>Altitude: 584.646 ft</td></tr>
<tr><td>Speed: 8.8 mph</td></tr>
<tr><td>Heading: 189.8</td></tr>
<tr><td>Time: 2025-09-29T19:00:19Z</td></tr>
</table>
]]></description>
            <LookAt>
              <longitude>-81.687324</longitude>
              <latitude>41.461968</latitude>
              <tilt>66</tilt>
            </LookAt>
            <TimeStamp>
              <when>2025-09-29T19:00:19Z</when>
            </TimeStamp>
            <styleUrl>#track</styleUrl>
            <Point>
              <coordinates>-81.687324,41.461968,178.20</coordinates>
            </Point>
          </Placemark>
          <Placemark>
            <name>Tow-366</name>
            <snippet/>
            <description><![CDATA[
<table>
<tr><td>Longitude: -81.687415</td></tr>
<tr><td>Latitude: 41.461532</td></tr>
<tr><td>Altitude: 578.740 ft</td></tr>
<tr><td>Speed: 9.2 mph</td></tr>
<tr><td>Heading: 188.9</td></tr>
<tr><td>Time: 2025-09-29T19:00:31Z</td></tr>
</table>
]]></description>
            <LookAt>
              <longitude>-81.687415</longitude>
              <latitude>41.461532</latitude>
              <tilt>66</tilt>
            </LookAt>
            <TimeStamp>
              <when>2025-09-29T19:00:31Z</when>
            </TimeStamp>
            <styleUrl>#track</styleUrl>
            <Point>
              <coordinates>-81.687415,41.461532,176.40</coordinates>
            </Point>
          </Placemark>
          <Placemark>
            <name>Tow-367</name>
            <snippet/>
            <description><![CDATA[
<table>
<tr><td>Longitude: -81.687504</td></tr>
<tr><td>Latitude: 41.461118</td></tr>
<tr><td>Altitude: 585.958 ft</td></tr>
<tr><td>Speed: 9.5 mph</td></tr>
<tr><td>Heading: 189.2</td></tr>
<tr><td>Time: 2025-09-29T19:00:42Z</td></tr>
</table>
]]></description>
            <LookAt>
              <longitude>-81.687504</longitude>
              <latitude>41.461118</latitude>
              <tilt>66</tilt>
            </LookAt>
            <TimeStamp>
              <when>2025-09-29T19:00:42Z</when>
            </TimeStamp>
            <styleUrl>#track</styleUrl>
            <Point>
              <coordinates>-81.687504,41.461118,178.60</coordinates>
            </Point>
          </Placemark>
          <Placemark>
            <name>Tow-368</name>
            <snippet/>
            <description><![CDATA[
<table>
<tr><td>Longitude: -81.687556</td></tr>
<tr><td>Latitude: 41.460844</td></tr>
<tr><td>Altitude: 589.895 ft</td></tr>
<tr><td>Speed: 8.6 mph</td></tr>
<tr><td>Heading: 188.1</td></tr>
<tr><td>Time: 2025-09-29T19:00:50Z</td></tr>
</table>
]]></description>
            <LookAt>
              <longitude>-81.687556</longitude>
              <latitude>41.460844</latitude>
              <tilt>66</tilt>
            </LookAt>
            <TimeStamp>
              <when>2025-09-29T19:00:50Z</when>
            </TimeStamp>
            <styleUrl>#track</styleUrl>
            <Point>
              <coordinates>-81.687556,41.460844,179.80</coordinates>
            </Point>
          </Placemark>
          <Placemark>
            <name>Tow-369</name>
            <snippet/>
            <description><![CDATA[
<table>
<tr><td>Longitude: -81.687593</td></tr>
<tr><td>Latitude: 41.460626</td></tr>
<tr><td>Altitude: 591.864 ft</td></tr>
<tr><td>Speed: 6.9 mph</td></tr>
<tr><td>Heading: 187.1</td></tr>
<tr><td>Time: 2025-09-29T19:00:58Z</td></tr>
</table>
]]></description>
            <LookAt>
              <longitude>-81.687593</longitude>
              <latitude>41.460626</latitude>
              <tilt>66</tilt>
            </LookAt>
            <TimeStamp>
              <when>2025-09-29T19:00:58Z</when>
            </TimeStamp>
            <styleUrl>#track</styleUrl>
            <Point>
              <coordinates>-81.687593,41.460626,180.40</coordinates>
            </Point>
          </Placemark>
          <Placemark>
            <name>Tow-370</name>
            <snippet/>
            <description><![CDATA[
<table>
<tr><td>Longitude: -81.687660</td></tr>
<tr><td>Latitude: 41.460336</td></tr>
<tr><td>Altitude: 589.895 ft</td></tr>
<tr><td>Speed: 9.2 mph</td></tr>
<tr><td>Heading: 189.8</td></tr>
<tr><td>Time: 2025-09-29T19:01:06Z</td></tr>
</table>
]]></description>
            <LookAt>
              <longitude>-81.687660</longitude>
              <latitude>41.460336</latitude>
              <tilt>66</tilt>
            </LookAt>
            <TimeStamp>
              <when>2025-09-29T19:01:06Z</when>
            </TimeStamp>
            <styleUrl>#track</styleUrl>
            <Point>
              <coordinates>-81.687660,41.460336,179.80</coordinates>
            </Point>
          </Placemark>
          <Placemark>
            <name>Tow-371</name>
            <snippet/>
            <description><![CDATA[
<table>
<tr><td>Longitude: -81.687739</td></tr>
<tr><td>Latitude: 41.459985</td></tr>
<tr><td>Altitude: 587.270 ft</td></tr>
<tr><td>Speed: 9.8 mph</td></tr>
<tr><td>Heading: 189.6</td></tr>
<tr><td>Time: 2025-09-29T19:01:15Z</td></tr>
</table>
]]></description>
            <LookAt>
              <longitude>-81.687739</longitude>
              <latitude>41.459985</latitude>
              <tilt>66</tilt>
            </LookAt>
            <TimeStamp>
              <when>2025-09-29T19:01:15Z</when>
            </TimeStamp>
            <styleUrl>#track</styleUrl>
            <Point>
              <coordinates>-81.687739,41.459985,179.00</coordinates>
            </Point>
          </Placemark>
          <Placemark>
            <name>Tow-372</name>
            <snippet/>
            <description><![CDATA[
<table>
<tr><td>Longitude: -81.687806</td></tr>
<tr><td>Latitude: 41.459706</td></tr>
<tr><td>Altitude: 602.362 ft</td></tr>
<tr><td>Speed: 8.8 mph</td></tr>
<tr><td>Heading: 190.3</td></tr>
<tr><td>Time: 2025-09-29T19:01:23Z</td></tr>
</table>
]]></description>
            <LookAt>
              <longitude>-81.687806</longitude>
              <latitude>41.459706</latitude>
              <tilt>66</tilt>
            </LookAt>
            <TimeStamp>
              <when>2025-09-29T19:01:23Z</when>
            </TimeStamp>
            <styleUrl>#track</styleUrl>
            <Point>
              <coordinates>-81.687806,41.459706,183.60</coordinates>
            </Point>
          </Placemark>
          <Placemark>
            <name>Tow-373</name>
            <snippet/>
            <description><![CDATA[
<table>
<tr><td>Longitude: -81.687860</td></tr>
<tr><td>Latitude: 41.459423</td></tr>
<tr><td>Altitude: 604.987 ft</td></tr>
<tr><td>Speed: 7.9 mph</td></tr>
<tr><td>Heading: 188.1</td></tr>
<tr><td>Time: 2025-09-29T19:01:32Z</td></tr>
</table>
]]></description>
            <LookAt>
              <longitude>-81.687860</longitude>
              <latitude>41.459423</latitude>
              <tilt>66</tilt>
            </LookAt>
            <TimeStamp>
              <when>2025-09-29T19:01:32Z</when>
            </TimeStamp>
            <styleUrl>#track</styleUrl>
            <Point>
              <coordinates>-81.687860,41.459423,184.40</coordinates>
            </Point>
          </Placemark>
          <Placemark>
            <name>Tow-374</name>
            <snippet/>
            <description><![CDATA[
<table>
<tr><td>Longitude: -81.687934</td></tr>
<tr><td>Latitude: 41.459159</td></tr>
<tr><td>Altitude: 602.362 ft</td></tr>
<tr><td>Speed: 9.6 mph</td></tr>
<tr><td>Heading: 191.9</td></tr>
<tr><td>Time: 2025-09-29T19:01:39Z</td></tr>
</table>
]]></description>
            <LookAt>
              <longitude>-81.687934</longitude>
              <latitude>41.459159</latitude>
              <tilt>66</tilt>
            </LookAt>
            <TimeStamp>
              <when>2025-09-29T19:01:39Z</when>
            </TimeStamp>
            <styleUrl>#track</styleUrl>
            <Point>
              <coordinates>-81.687934,41.459159,183.60</coordinates>
            </Point>
          </Placemark>
          <Placemark>
            <name>Tow-375</name>
            <snippet/>
            <description><![CDATA[
<table>
<tr><td>Longitude: -81.688007</td></tr>
<tr><td>Latitude: 41.458818</td></tr>
<tr><td>Altitude: 599.737 ft</td></tr>
<tr><td>Speed: 9.6 mph</td></tr>
<tr><td>Heading: 189.0</td></tr>
<tr><td>Time: 2025-09-29T19:01:48Z</td></tr>
</table>
]]></description>
            <LookAt>
              <longitude>-81.688007</longitude>
              <latitude>41.458818</latitude>
              <tilt>66</tilt>
            </LookAt>
            <TimeStamp>
              <when>2025-09-29T19:01:48Z</when>
            </TimeStamp>
            <styleUrl>#track</styleUrl>
            <Point>
              <coordinates>-81.688007,41.458818,182.80</coordinates>
            </Point>
          </Placemark>
          <Placemark>
            <name>Tow-376</name>
            <snippet/>
            <description><![CDATA[
<table>
<tr><td>Longitude: -81.688091</td></tr>
<tr><td>Latitude: 41.458444</td></tr>
<tr><td>Altitude: 597.113 ft</td></tr>
<tr><td>Speed: 9.4 mph</td></tr>
<tr><td>Heading: 189.6</td></tr>
<tr><td>Time: 2025-09-29T19:01:58Z</td></tr>
</table>
]]></description>
            <LookAt>
              <longitude>-81.688091</longitude>
              <latitude>41.458444</latitude>
              <tilt>66</tilt>
            </LookAt>
            <TimeStamp>
              <when>2025-09-29T19:01:58Z</when>
            </TimeStamp>
            <styleUrl>#track</styleUrl>
            <Point>
              <coordinates>-81.688091,41.458444,182.00</coordinates>
            </Point>
          </Placemark>
          <Placemark>
            <name>Tow-377</name>
            <snippet/>
            <description><![CDATA[
<table>
<tr><td>Longitude: -81.688139</td></tr>
<tr><td>Latitude: 41.458138</td></tr>
<tr><td>Altitude: 594.488 ft</td></tr>
<tr><td>Speed: 8.5 mph</td></tr>
<tr><td>Heading: 186.7</td></tr>
<tr><td>Time: 2025-09-29T19:02:07Z</td></tr>
</table>
]]></description>
            <LookAt>
              <longitude>-81.688139</longitude>
              <latitude>41.458138</latitude>
              <tilt>66</tilt>
            </LookAt>
            <TimeStamp>
              <when>2025-09-29T19:02:07Z</when>
            </TimeStamp>
            <styleUrl>#track</styleUrl>
            <Point>
              <coordinates>-81.688139,41.458138,181.20</coordinates>
            </Point>
          </Placemark>
          <Placemark>
            <name>Tow-378</name>
            <snippet/>
            <description><![CDATA[
<table>
<tr><td>Longitude: -81.688170</td></tr>
<tr><td>Latitude: 41.457850</td></tr>
<tr><td>Altitude: 592.520 ft</td></tr>
<tr><td>Speed: 8.0 mph</td></tr>
<tr><td>Heading: 184.5</td></tr>
<tr><td>Time: 2025-09-29T19:02:16Z</td></tr>
</table>
]]></description>
            <LookAt>
              <longitude>-81.688170</longitude>
              <latitude>41.457850</latitude>
              <tilt>66</tilt>
            </LookAt>
            <TimeStamp>
              <when>2025-09-29T19:02:16Z</when>
            </TimeStamp>
            <styleUrl>#track</styleUrl>
            <Point>
              <coordinates>-81.688170,41.457850,180.60</coordinates>
            </Point>
          </Placemark>
          <Placemark>
            <name>Tow-379</name>
            <snippet/>
            <description><![CDATA[
<table>
<tr><td>Longitude: -81.688174</td></tr>
<tr><td>Latitude: 41.457640</td></tr>
<tr><td>Altitude: 593.176 ft</td></tr>
<tr><td>Speed: 6.5 mph</td></tr>
<tr><td>Heading: 180.9</td></tr>
<tr><td>Time: 2025-09-29T19:02:24Z</td></tr>
</table>
]]></description>
            <LookAt>
              <longitude>-81.688174</longitude>
              <latitude>41.457640</latitude>
              <tilt>66</tilt>
            </LookAt>
            <TimeStamp>
              <when>2025-09-29T19:02:24Z</when>
            </TimeStamp>
            <styleUrl>#track</styleUrl>
            <Point>
              <coordinates>-81.688174,41.457640,180.80</coordinates>
            </Point>
          </Placemark>
        </Folder>
        <Placemark>
          <name>Path</name>
          <styleUrl>#lineStyle</styleUrl>
          <Style>
            <LineStyle>
              <color>ff000000</color>
            </LineStyle>
          </Style>
          <LineString>
            <tessellate>1</tessellate>
            <coordinates>
-81.701458,41.489764,172.00
-81.701459,41.489763,171.60
-81.701457,41.489763,171.20
-81.701459,41.489764,170.80
-81.701458,41.489765,170.80
-81.701459,41.489765,171.00
-81.701445,41.489759,171.00
-81.701432,41.489740,170.80
-81.701438,41.489721,170.80
-81.701460,41.489706,170.80
-81.701518,41.489705,170.40
-81.701621,41.489777,169.40
-81.701659,41.489873,169.40
-81.701677,41.489884,169.40
-81.701699,41.489885,169.40
-81.701716,41.489858,169.60
-81.701704,41.489843,170.20
-81.701697,41.489843,170.40
-81.701696,41.489834,170.40
-81.701701,41.489722,170.80
-81.701676,41.489531,171.00
-81.701653,41.489373,170.80
-81.701628,41.489254,171.00
-81.701618,41.489218,170.40
-81.701623,41.489221,170.40
-81.701574,41.489202,170.40
-81.701422,41.489126,169.80
-81.701223,41.489041,171.60
-81.700977,41.489035,173.00
-81.700753,41.489057,180.80
-81.700590,41.489048,183.60
-81.700565,41.489051,183.40
-81.700564,41.489048,183.40
-81.700562,41.489043,183.40
-81.700570,41.489021,183.40
-81.700590,41.488999,183.00
-81.700608,41.488904,181.80
-81.700591,41.488775,180.20
-81.700588,41.488667,177.80
-81.700605,41.488506,174.00
-81.700625,41.488352,170.40
-81.700603,41.488240,169.00
-81.700599,41.488177,169.00
-81.700584,41.488049,168.60
-81.700565,41.487934,168.80
-81.700574,41.487836,169.40
-81.700578,41.487804,170.60
-81.700581,41.487777,171.60
-81.700568,41.487773,171.60
-81.700545,41.487769,171.80
-81.700373,41.487735,174.00
-81.700272,41.487778,175.80
-81.700131,41.487783,178.80
-81.699971,41.487793,182.60
-81.699798,41.487817,185.60
-81.699771,41.487809,185.20
-81.699769,41.487810,185.80
-81.699762,41.487807,185.60
-81.699734,41.487819,185.80
-81.699597,41.487863,185.80
-81.699314,41.487953,186.00
-81.699069,41.488059,186.80
-81.698814,41.488182,186.00
-81.698554,41.488268,183.40
-81.698335,41.488319,182.60
-81.698278,41.488333,183.60
-81.698165,41.488353,183.80
-81.697854,41.488394,183.40
-81.697498,41.488404,182.20
-81.697163,41.488401,183.00
-81.696754,41.488369,183.00
-81.696510,41.488335,184.00
-81.696381,41.488307,184.20
-81.696274,41.488284,184.80
-81.696068,41.488232,184.60
-81.695866,41.488142,186.60
-81.695761,41.488073,187.80
-81.695605,41.487992,188.00
-81.695427,41.487903,186.80
-81.695261,41.487818,188.40
-81.695111,41.487709,190.40
-81.695091,41.487691,191.20
-81.695107,41.487694,191.40
-81.695071,41.487665,191.60
-81.695010,41.487624,192.00
-81.694856,41.487523,191.00
-81.694635,41.487383,189.60
-81.694349,41.487189,188.00
-81.693921,41.486906,185.00
-81.693757,41.486772,183.60
-81.693674,41.486681,183.00
-81.693598,41.486618,182.40
-81.693565,41.486620,182.20
-81.693544,41.486622,182.20
-81.693421,41.486593,182.00
-81.693291,41.486499,183.20
-81.693165,41.486422,183.00
-81.692970,41.486341,183.40
-81.692794,41.486293,183.60
-81.692648,41.486255,183.80
-81.692500,41.486180,185.40
-81.692405,41.486102,183.60
-81.692318,41.486036,184.00
-81.692327,41.485981,184.60
-81.692337,41.485927,184.60
-81.692416,41.485726,184.80
-81.692509,41.485570,185.00
-81.692567,41.485448,186.40
-81.692607,41.485322,187.00
-81.692618,41.485216,187.20
-81.692579,41.485126,187.40
-81.692529,41.485024,188.60
-81.692460,41.484954,189.80
-81.692374,41.484893,191.20
-81.692273,41.484830,192.80
-81.692192,41.484801,193.60
-81.692107,41.484776,194.40
-81.692092,41.484770,194.40
-81.692053,41.484765,194.80
-81.691986,41.484767,195.40
-81.691957,41.484768,195.80
-81.691898,41.484770,196.40
-81.691777,41.484768,196.00
-81.691652,41.484746,195.80
-81.691602,41.484670,194.40
-81.691582,41.484664,194.20
-81.691533,41.484662,193.40
-81.691507,41.484662,193.00
-81.691221,41.484642,188.40
-81.691004,41.484572,195.00
-81.690881,41.484559,198.00
-81.690780,41.484560,200.00
-81.690764,41.484569,200.20
-81.690723,41.484591,200.00
-81.690569,41.484717,200.40
-81.690530,41.484845,201.00
-81.690514,41.484993,201.60
-81.690442,41.485051,202.00
-81.690432,41.485055,202.00
-81.690303,41.485067,203.00
-81.690135,41.485052,202.80
-81.689879,41.485032,203.20
-81.689502,41.484968,202.80
-81.689259,41.484891,202.00
-81.689029,41.484838,201.00
-81.688683,41.484789,202.00
-81.688364,41.484738,201.20
-81.688102,41.484709,199.60
-81.687871,41.484657,199.40
-81.687833,41.484636,200.00
-81.687713,41.484606,200.20
-81.687505,41.484530,200.20
-81.687459,41.484504,200.20
-81.687356,41.484476,199.80
-81.687299,41.484474,199.80
-81.687127,41.484499,199.60
-81.687002,41.484513,199.80
-81.686996,41.484517,199.40
-81.686985,41.484506,200.00
-81.686956,41.484517,199.80
-81.686883,41.484522,199.80
-81.686646,41.484531,199.60
-81.686271,41.484516,198.00
-81.685974,41.484511,198.20
-81.685611,41.484492,197.20
-81.685387,41.484473,196.60
-81.685121,41.484456,196.40
-81.684843,41.484462,195.40
-81.684507,41.484499,194.00
-81.684149,41.484572,192.00
-81.684008,41.484594,191.00
-81.683916,41.484588,192.40
-81.683680,41.484554,191.80
-81.683314,41.484505,191.20
-81.683152,41.484450,191.00
-81.683135,41.484448,191.40
-81.683106,41.484405,191.60
-81.682979,41.484285,192.00
-81.682806,41.484118,192.00
-81.682552,41.483862,192.20
-81.682395,41.483682,193.40
-81.682237,41.483532,194.20
-81.682050,41.483333,194.60
-81.681845,41.483128,195.00
-81.681589,41.482848,195.00
-81.681416,41.482626,194.80
-81.681378,41.482571,192.20
-81.681321,41.482505,192.00
-81.681127,41.482328,191.80
-81.680873,41.482106,190.40
-81.680691,41.481928,188.60
-81.680627,41.481855,188.20
-81.680594,41.481821,187.80
-81.680426,41.481661,185.80
-81.680171,41.481442,184.40
-81.679741,41.481095,182.60
-81.679692,41.481059,182.40
-81.679283,41.480786,181.80
-81.679049,41.480620,181.20
-81.679051,41.480619,181.00
-81.678991,41.480550,180.80
-81.678839,41.480380,180.40
-81.678681,41.480161,179.40
-81.678416,41.479822,177.20
-81.678107,41.479477,175.20
-81.677721,41.479034,174.00
-81.677346,41.478691,174.00
-81.677256,41.478581,174.00
-81.677214,41.478469,174.60
-81.677205,41.478302,175.00
-81.677249,41.478185,176.60
-81.677251,41.478177,178.20
-81.677294,41.478119,178.00
-81.677352,41.478016,178.40
-81.677427,41.477940,178.80
-81.677579,41.477811,179.60
-81.677676,41.477678,180.00
-81.677714,41.477550,182.00
-81.677699,41.477432,183.40
-81.677650,41.477326,183.80
-81.677558,41.477178,183.60
-81.677479,41.477043,183.60
-81.677392,41.476969,186.00
-81.677247,41.476880,190.00
-81.677237,41.476869,190.00
-81.677186,41.476786,190.20
-81.677246,41.476670,190.80
-81.677366,41.476530,192.60
-81.677520,41.476400,192.40
-81.677695,41.476288,192.60
-81.677938,41.476163,193.80
-81.678111,41.476034,193.20
-81.678203,41.475922,193.40
-81.678216,41.475890,193.40
-81.678221,41.475887,194.00
-81.678228,41.475834,193.80
-81.678171,41.475745,193.80
-81.678027,41.475678,194.00
-81.677982,41.475654,194.00
-81.678073,41.475696,193.60
-81.678181,41.475729,193.40
-81.678258,41.475717,193.40
-81.678276,41.475624,192.80
-81.678320,41.475423,191.40
-81.678381,41.475312,190.60
-81.678443,41.475249,189.80
-81.678542,41.475188,189.20
-81.678558,41.475183,189.80
-81.678630,41.475126,190.20
-81.678801,41.475044,189.80
-81.679140,41.474892,189.20
-81.679405,41.474775,188.80
-81.679557,41.474732,188.40
-81.680065,41.474642,186.20
-81.680576,41.474662,183.40
-81.680747,41.474693,183.40
-81.680971,41.474767,182.40
-81.681115,41.474855,180.80
-81.681132,41.474867,180.40
-81.681234,41.474899,178.60
-81.681446,41.475091,178.40
-81.681597,41.475352,177.80
-81.681680,41.475526,177.20
-81.681757,41.475604,176.80
-81.681867,41.475664,176.80
-81.681955,41.475691,175.80
-81.681964,41.475691,175.20
-81.682063,41.475697,176.80
-81.682263,41.475670,177.00
-81.682643,41.475593,176.60
-81.682953,41.475577,175.80
-81.683315,41.475554,174.80
-81.683705,41.475491,172.60
-81.684075,41.475416,174.80
-81.684507,41.475299,175.40
-81.684926,41.475162,175.00
-81.685355,41.475057,175.20
-81.685798,41.474996,176.20
-81.685902,41.474983,176.60
-81.685973,41.474977,176.40
-81.686189,41.474978,176.40
-81.686632,41.474927,176.40
-81.686959,41.474821,177.40
-81.687370,41.474616,177.20
-81.687712,41.474502,177.60
-81.687887,41.474368,178.00
-81.687985,41.474194,178.20
-81.687980,41.474187,178.20
-81.687984,41.474127,178.00
-81.688011,41.473921,177.20
-81.688010,41.473613,177.00
-81.688017,41.473177,177.60
-81.688105,41.472937,177.40
-81.688194,41.472680,178.80
-81.688240,41.472441,179.80
-81.688237,41.472189,180.20
-81.688166,41.471936,180.20
-81.688111,41.471844,180.20
-81.688053,41.471784,180.20
-81.687934,41.471637,179.40
-81.687662,41.471428,178.00
-81.687256,41.471245,176.40
-81.687064,41.471174,177.00
-81.686967,41.471123,177.60
-81.686798,41.470981,179.60
-81.686696,41.470808,181.00
-81.686633,41.470705,181.40
-81.686630,41.470671,181.00
-81.686646,41.470634,181.00
-81.686729,41.470463,181.40
-81.686886,41.470317,181.60
-81.687055,41.470140,181.40
-81.687050,41.469940,182.40
-81.686953,41.469714,185.00
-81.686859,41.469565,186.00
-81.686745,41.469426,186.80
-81.686634,41.469276,187.20
-81.686542,41.469146,188.60
-81.686533,41.469125,188.80
-81.686490,41.469053,189.20
-81.686416,41.468899,188.60
-81.686304,41.468603,188.20
-81.686237,41.468255,187.80
-81.686244,41.468058,188.00
-81.686268,41.467833,187.60
-81.686285,41.467685,186.40
-81.686324,41.467598,185.60
-81.686389,41.467456,184.60
-81.686400,41.467352,183.80
-81.686407,41.467073,183.20
-81.686434,41.467019,183.00
-81.686453,41.467012,183.20
-81.686497,41.466985,183.20
-81.686757,41.466884,182.40
-81.686812,41.466861,182.20
-81.686903,41.466786,182.20
-81.686925,41.466738,182.40
-81.687028,41.466409,182.00
-81.687055,41.466306,181.80
-81.686989,41.466231,181.40
-81.686962,41.466173,181.20
-81.686937,41.466122,181.00
-81.686877,41.466059,180.60
-81.686834,41.466044,179.60
-81.686791,41.466021,180.00
-81.686752,41.465988,180.00
-81.686583,41.465860,179.80
-81.686261,41.465692,180.00
-81.686086,41.465548,182.00
-81.685814,41.465396,181.40
-81.685660,41.465263,181.00
-81.685711,41.465177,179.20
-81.685836,41.465017,179.00
-81.686038,41.464769,178.40
-81.686252,41.464490,177.80
-81.686440,41.464233,176.40
-81.686608,41.464001,176.40
-81.686703,41.463746,176.60
-81.686825,41.463441,175.60
-81.686929,41.463193,175.80
-81.687022,41.462962,176.60
-81.687109,41.462708,176.80
-81.687140,41.462641,177.00
-81.687175,41.462545,177.60
-81.687243,41.462318,177.40
-81.687324,41.461968,178.20
-81.687415,41.461532,176.40
-81.687504,41.461118,178.60
-81.687556,41.460844,179.80
-81.687593,41.460626,180.40
-81.687660,41.460336,179.80
-81.687739,41.459985,179.00
-81.687806,41.459706,183.60
-81.687860,41.459423,184.40
-81.687934,41.459159,183.60
-81.688007,41.458818,182.80
-81.688091,41.458444,182.00
-81.688139,41.458138,181.20
-81.688170,41.457850,180.60
-81.688174,41.457640,180.80
</coordinates>
          </LineString>
        </Placemark>
      </Folder>
    </Folder>
  </Document>
</kml>
