<?xml version="1.0" encoding="UTF-8"?><gpx version="1.1" creator="Garmin Explore App" xmlns="http://www.topografix.com/GPX/1/1" xmlns:adv="http://www.garmin.com/xmlschemas/AdventuresExtensions/v1" xmlns:gpxtpx="http://www.garmin.com/xmlschemas/TrackPointExtension/v1" xmlns:gpxtrx="http://www.garmin.com/xmlschemas/GpxExtensions/v3" xmlns:gpxx="http://www.garmin.com/xmlschemas/GpxExtensions/v3" xmlns:trp="http://www.garmin.com/xmlschemas/TripExtensions/v1" xmlns:wptx1="http://www.garmin.com/xmlschemas/WaypointExtension/v1" xmlns:xsi="http://www.w3.org/2001/XMLSchema-instance" xsi:schemaLocation="http://www.topografix.com/GPX/1/1 http://www.topografix.com/GPX/1/1/gpx.xsd http://www.garmin.com/xmlschemas/WaypointExtension/v1 http://www8.garmin.com/xmlschemas/WaypointExtensionv1.xsd http://www.garmin.com/xmlschemas/TrackPointExtension/v1 http://www.garmin.com/xmlschemas/TrackPointExtensionv1.xsd http://www.garmin.com/xmlschemas/GpxExtensions/v3 http://www8.garmin.com/xmlschemas/GpxExtensionsv3.xsd http://www.garmin.com/xmlschemas/ActivityExtension/v1 http://www8.garmin.com/xmlschemas/ActivityExtensionv1.xsd http://www.garmin.com/xmlschemas/AdventuresExtensions/v1 http://www8.garmin.com/xmlschemas/AdventuresExtensionv1.xsd http://www.garmin.com/xmlschemas/PressureExtension/v1 http://www.garmin.com/xmlschemas/PressureExtensionv1.xsd"><metadata><name>thinkbox.gpx</name><link href="http://www.garmin.com"><text>Garmin International</text></link><time>2025-10-11T21:57:11.164Z</time></metadata><wpt lat="41.50042726658285" lon="-81.60583888180554"><ele>185.79998779296875</ele><time>2025-10-11T20:11:41.000Z</time><name>11-Oct 4:11p</name><sym>Flag, Blue</sym><extensions><gpxx:WaypointExtension xmlns:gpxx="http://www.garmin.com/xmlschemas/GpxExtensions/v3"/></extensions></wpt><wpt lat="41.500129625201225" lon="-81.6060946136713"><ele>222.0</ele><time>2025-10-11T20:12:40.000Z</time><name>11-Oct 4:12p</name><sym>Flag, Blue</sym><extensions><gpxx:WaypointExtension xmlns:gpxx="http://www.garmin.com/xmlschemas/GpxExtensions/v3"/></extensions></wpt><wpt lat="41.499940529465675" lon="-81.60466843284667"><ele>226.20001220703125</ele><time>2025-10-11T20:14:29.000Z</time><name>11-Oct 4:14p</name><sym>Flag, Blue</sym><extensions><gpxx:WaypointExtension xmlns:gpxx="http://www.garmin.com/xmlschemas/GpxExtensions/v3"/></extensions></wpt><wpt lat="41.49994916282594" lon="-81.60457170568407"><ele>226.0</ele><time>2025-10-11T20:32:39.000Z</time><name>11-Oct 4:32p</name><sym>Flag, Blue</sym><extensions><gpxx:WaypointExtension xmlns:gpxx="http://www.garmin.com/xmlschemas/GpxExtensions/v3"/></extensions></wpt><wpt lat="41.49990951642394" lon="-81.60405571572483"><ele>226.4000244140625</ele><time>2025-10-11T20:34:08.000Z</time><name>11-Oct 4:34p</name><sym>Flag, Blue</sym><extensions><gpxx:WaypointExtension xmlns:gpxx="http://www.garmin.com/xmlschemas/GpxExtensions/v3"/></extensions></wpt><wpt lat="41.499932231381536" lon="-81.60498158074915"><ele>220.5999755859375</ele><time>2025-10-11T20:35:00.000Z</time><name>11-Oct 4:35p</name><sym>Flag, Blue</sym><extensions><gpxx:WaypointExtension xmlns:gpxx="http://www.garmin.com/xmlschemas/GpxExtensions/v3"/></extensions></wpt><wpt lat="41.50016608648002" lon="-81.6057496983558"><ele>217.0</ele><time>2025-10-11T20:36:22.000Z</time><name>11-Oct 4:36p</name><sym>Flag, Blue</sym><extensions><gpxx:WaypointExtension xmlns:gpxx="http://www.garmin.com/xmlschemas/GpxExtensions/v3"/></extensions></wpt><trk><name>Fff</name><extensions><gpxx:TrackExtension xmlns:gpxx="http://www.garmin.com/xmlschemas/GpxExtensions/v3"><gpxx:DisplayColor>DarkGray</gpxx:DisplayColor></gpxx:TrackExtension></extensions><trkseg><trkpt lat="41.5002968441695" lon="-81.60589126870036"><ele>231.20001220703125</ele><time>2025-10-11T19:35:55.000Z</time><extensions/></trkpt></trkseg><trkseg><trkpt lat="41.5002984367311" lon="-81.60588498227298"><ele>232.5999755859375</ele><time>2025-10-11T19:35:57.000Z</time><extensions/></trkpt><trkpt lat="41.5003037173301" lon="-81.60588288679719"><ele>233.20001220703125</ele><time>2025-10-11T19:35:58.000Z</time><extensions/></trkpt><trkpt lat="41.50030044838786" lon="-81.60586872138083"><ele>233.4000244140625</ele><time>2025-10-11T19:35:59.000Z</time><extensions/></trkpt><trkpt lat="41.50031637400389" lon="-81.60583594813943"><ele>233.5999755859375</ele><time>2025-10-11T19:36:00.000Z</time><extensions/></trkpt><trkpt lat="41.500328946858644" lon="-81.60582236945629"><ele>233.79998779296875</ele><time>2025-10-11T19:36:01.000Z</time><extensions/></trkpt><trkpt lat="41.500328946858644" lon="-81.60582236945629"><ele>233.79998779296875</ele><time>2025-10-11T19:36:02.000Z</time><extensions/></trkpt></trkseg><trkseg><trkpt lat="41.50044252164662" lon="-81.60613216459751"><ele>213.79998779296875</ele><time>2025-10-11T19:37:45.000Z</time><extensions/></trkpt></trkseg><trkseg><trkpt lat="41.50047378614545" lon="-81.60610232502222"><ele>214.79998779296875</ele><time>2025-10-11T19:37:47.000Z</time><extensions/></trkpt><trkpt lat="41.50049298070371" lon="-81.60606661811471"><ele>213.0</ele><time>2025-10-11T19:37:48.000Z</time><extensions/></trkpt><trkpt lat="41.50050957687199" lon="-81.60605002194643"><ele>213.20001220703125</ele><time>2025-10-11T19:37:49.000Z</time><extensions/></trkpt><trkpt lat="41.500501027330756" lon="-81.60601909272373"><ele>216.5999755859375</ele><time>2025-10-11T19:37:50.000Z</time><extensions/></trkpt><trkpt lat="41.50049524381757" lon="-81.60600534640253"><ele>219.4000244140625</ele><time>2025-10-11T19:37:51.000Z</time><extensions/></trkpt><trkpt lat="41.500499937683344" lon="-81.60600702278316"><ele>221.79998779296875</ele><time>2025-10-11T19:37:52.000Z</time><extensions/></trkpt><trkpt lat="41.50050278753042" lon="-81.60600903443992"><ele>223.0</ele><time>2025-10-11T19:37:53.000Z</time><extensions/></trkpt><trkpt lat="41.50051552802324" lon="-81.60602948628366"><ele>219.0</ele><time>2025-10-11T19:37:54.000Z</time><extensions/></trkpt><trkpt lat="41.50052064098418" lon="-81.60603216849267"><ele>219.79998779296875</ele><time>2025-10-11T19:37:55.000Z</time><extensions/></trkpt><trkpt lat="41.50052659213543" lon="-81.60603535361588"><ele>220.4000244140625</ele><time>2025-10-11T19:37:56.000Z</time><extensions/></trkpt><trkpt lat="41.50052659213543" lon="-81.60603535361588"><ele>220.4000244140625</ele><time>2025-10-11T19:37:57.000Z</time><extensions/></trkpt><trkpt lat="41.500531788915396" lon="-81.6060274746269"><ele>220.0</ele><time>2025-10-11T19:37:58.000Z</time><extensions/></trkpt><trkpt lat="41.50054704397917" lon="-81.60601674579084"><ele>219.79998779296875</ele><time>2025-10-11T19:37:59.000Z</time><extensions/></trkpt><trkpt lat="41.50055349804461" lon="-81.60601599141955"><ele>219.79998779296875</ele><time>2025-10-11T19:38:00.000Z</time><extensions/></trkpt><trkpt lat="41.50054947473109" lon="-81.60602076910436"><ele>219.5999755859375</ele><time>2025-10-11T19:38:01.000Z</time><extensions/></trkpt><trkpt lat="41.50055953301489" lon="-81.60601615905762"><ele>219.20001220703125</ele><time>2025-10-11T19:38:02.000Z</time><extensions/></trkpt><trkpt lat="41.50055953301489" lon="-81.60601615905762"><ele>219.20001220703125</ele><time>2025-10-11T19:38:03.000Z</time><extensions/></trkpt><trkpt lat="41.5005661547184" lon="-81.60601146519184"><ele>219.0</ele><time>2025-10-11T19:38:04.000Z</time><extensions/></trkpt><trkpt lat="41.500574285164475" lon="-81.60600383765996"><ele>218.79998779296875</ele><time>2025-10-11T19:38:05.000Z</time><extensions/></trkpt><trkpt lat="41.50058182887733" lon="-81.60599537193775"><ele>219.20001220703125</ele><time>2025-10-11T19:38:06.000Z</time><extensions/></trkpt><trkpt lat="41.50059306062758" lon="-81.6059857327491"><ele>219.4000244140625</ele><time>2025-10-11T19:38:07.000Z</time><extensions/></trkpt><trkpt lat="41.5006023645401" lon="-81.60597609356046"><ele>219.5999755859375</ele><time>2025-10-11T19:38:08.000Z</time><extensions/></trkpt><trkpt lat="41.5006108302623" lon="-81.6059635207057"><ele>219.5999755859375</ele><time>2025-10-11T19:38:09.000Z</time><extensions/></trkpt><trkpt lat="41.500620134174824" lon="-81.60594826564193"><ele>219.5999755859375</ele><time>2025-10-11T19:38:10.000Z</time><extensions/></trkpt><trkpt lat="41.50062809698284" lon="-81.60593728534877"><ele>219.5999755859375</ele><time>2025-10-11T19:38:11.000Z</time><extensions/></trkpt></trkseg><trkseg><trkpt lat="41.50047043338418" lon="-81.60593192093074"><ele>216.0</ele><time>2025-10-11T19:38:45.000Z</time><extensions/></trkpt></trkseg><trkseg><trkpt lat="41.50044897571206" lon="-81.60589562729001"><ele>217.5999755859375</ele><time>2025-10-11T19:38:47.000Z</time><extensions/></trkpt><trkpt lat="41.50043489411473" lon="-81.60588942468166"><ele>218.0</ele><time>2025-10-11T19:38:48.000Z</time><extensions/></trkpt><trkpt lat="41.50042559020221" lon="-81.60589369945228"><ele>218.5999755859375</ele><time>2025-10-11T19:38:49.000Z</time><extensions/></trkpt><trkpt lat="41.5004194714129" lon="-81.60588632337749"><ele>219.4000244140625</ele><time>2025-10-11T19:38:50.000Z</time><extensions/></trkpt><trkpt lat="41.50042123161256" lon="-81.60587609745562"><ele>219.79998779296875</ele><time>2025-10-11T19:38:51.000Z</time><extensions/></trkpt><trkpt lat="41.5004226565361" lon="-81.6058596689254"><ele>220.20001220703125</ele><time>2025-10-11T19:38:52.000Z</time><extensions/></trkpt><trkpt lat="41.500426176935434" lon="-81.60584307275712"><ele>220.20001220703125</ele><time>2025-10-11T19:38:53.000Z</time><extensions/></trkpt><trkpt lat="41.50042726658285" lon="-81.60583888180554"><ele>220.0</ele><time>2025-10-11T19:38:54.000Z</time><extensions/></trkpt><trkpt lat="41.50042726658285" lon="-81.60583888180554"><ele>220.0</ele><time>2025-10-11T19:38:55.000Z</time><extensions/></trkpt><trkpt lat="41.50042726658285" lon="-81.60583888180554"><ele>220.0</ele><time>2025-10-11T19:38:56.000Z</time><extensions/></trkpt><trkpt lat="41.50042726658285" lon="-81.60583888180554"><ele>220.0</ele><time>2025-10-11T19:38:57.000Z</time><extensions/></trkpt><trkpt lat="41.50042726658285" lon="-81.60583888180554"><ele>220.0</ele><time>2025-10-11T19:38:58.000Z</time><extensions/></trkpt><trkpt lat="41.50042726658285" lon="-81.60583888180554"><ele>220.0</ele><time>2025-10-11T19:38:59.000Z</time><extensions/></trkpt><trkpt lat="41.50042726658285" lon="-81.60583888180554"><ele>220.0</ele><time>2025-10-11T19:39:00.000Z</time><extensions/></trkpt><trkpt lat="41.50042726658285" lon="-81.60583888180554"><ele>220.0</ele><time>2025-10-11T19:39:01.000Z</time><extensions/></trkpt><trkpt lat="41.50042726658285" lon="-81.60583888180554"><ele>220.0</ele><time>2025-10-11T19:39:02.000Z</time><extensions/></trkpt><trkpt lat="41.50042726658285" lon="-81.60583888180554"><ele>220.0</ele><time>2025-10-11T19:39:03.000Z</time><extensions/></trkpt><trkpt lat="41.50042726658285" lon="-81.60583888180554"><ele>220.0</ele><time>2025-10-11T19:39:04.000Z</time><extensions/></trkpt><trkpt lat="41.50042726658285" lon="-81.60583888180554"><ele>220.0</ele><time>2025-10-11T19:39:05.000Z</time><extensions/></trkpt><trkpt lat="41.50042726658285" lon="-81.60583888180554"><ele>220.0</ele><time>2025-10-11T19:39:06.000Z</time><extensions/></trkpt><trkpt lat="41.50042726658285" lon="-81.60583888180554"><ele>220.0</ele><time>2025-10-11T19:39:07.000Z</time><extensions/></trkpt><trkpt lat="41.50042726658285" lon="-81.60583888180554"><ele>220.0</ele><time>2025-10-11T19:39:08.000Z</time><extensions/></trkpt><trkpt lat="41.50042726658285" lon="-81.60583888180554"><ele>220.0</ele><time>2025-10-11T19:39:09.000Z</time><extensions/></trkpt><trkpt lat="41.50042726658285" lon="-81.60583888180554"><ele>220.0</ele><time>2025-10-11T19:39:10.000Z</time><extensions/></trkpt><trkpt lat="41.50042726658285" lon="-81.60583888180554"><ele>220.0</ele><time>2025-10-11T19:39:11.000Z</time><extensions/></trkpt><trkpt lat="41.50042726658285" lon="-81.60583888180554"><ele>220.0</ele><time>2025-10-11T19:39:12.000Z</time><extensions/></trkpt><trkpt lat="41.50042726658285" lon="-81.60583888180554"><ele>220.0</ele><time>2025-10-11T19:39:13.000Z</time><extensions/></trkpt><trkpt lat="41.50042726658285" lon="-81.60583888180554"><ele>220.0</ele><time>2025-10-11T19:39:14.000Z</time><extensions/></trkpt><trkpt lat="41.50042726658285" lon="-81.60583888180554"><ele>220.0</ele><time>2025-10-11T19:39:15.000Z</time><extensions/></trkpt><trkpt lat="41.50042726658285" lon="-81.60583888180554"><ele>220.0</ele><time>2025-10-11T19:39:16.000Z</time><extensions/></trkpt><trkpt lat="41.50042726658285" lon="-81.60583888180554"><ele>220.0</ele><time>2025-10-11T19:39:17.000Z</time><extensions/></trkpt><trkpt lat="41.50042726658285" lon="-81.60583888180554"><ele>220.0</ele><time>2025-10-11T19:39:18.000Z</time><extensions/></trkpt><trkpt lat="41.50042726658285" lon="-81.60583888180554"><ele>220.0</ele><time>2025-10-11T19:39:19.000Z</time><extensions/></trkpt><trkpt lat="41.50042726658285" lon="-81.60583888180554"><ele>220.0</ele><time>2025-10-11T19:39:20.000Z</time><extensions/></trkpt><trkpt lat="41.50042726658285" lon="-81.60583888180554"><ele>220.0</ele><time>2025-10-11T19:39:21.000Z</time><extensions/></trkpt><trkpt lat="41.50042726658285" lon="-81.60583888180554"><ele>220.0</ele><time>2025-10-11T19:39:22.000Z</time><extensions/></trkpt><trkpt lat="41.50042726658285" lon="-81.60583888180554"><ele>220.0</ele><time>2025-10-11T19:39:23.000Z</time><extensions/></trkpt><trkpt lat="41.50042726658285" lon="-81.60583888180554"><ele>220.0</ele><time>2025-10-11T19:39:24.000Z</time><extensions/></trkpt><trkpt lat="41.50042726658285" lon="-81.60583888180554"><ele>220.0</ele><time>2025-10-11T19:39:25.000Z</time><extensions/></trkpt><trkpt lat="41.50042726658285" lon="-81.60583888180554"><ele>220.0</ele><time>2025-10-11T19:39:26.000Z</time><extensions/></trkpt><trkpt lat="41.50042726658285" lon="-81.60583888180554"><ele>220.0</ele><time>2025-10-11T19:39:27.000Z</time><extensions/></trkpt><trkpt lat="41.50042726658285" lon="-81.60583888180554"><ele>220.0</ele><time>2025-10-11T19:39:28.000Z</time><extensions/></trkpt><trkpt lat="41.50042726658285" lon="-81.60583888180554"><ele>220.0</ele><time>2025-10-11T19:39:29.000Z</time><extensions/></trkpt><trkpt lat="41.50042726658285" lon="-81.60583888180554"><ele>220.0</ele><time>2025-10-11T19:39:30.000Z</time><extensions/></trkpt><trkpt lat="41.50042726658285" lon="-81.60583888180554"><ele>220.0</ele><time>2025-10-11T19:39:31.000Z</time><extensions/></trkpt><trkpt lat="41.50042726658285" lon="-81.60583888180554"><ele>220.0</ele><time>2025-10-11T19:39:32.000Z</time><extensions/></trkpt><trkpt lat="41.50042726658285" lon="-81.60583888180554"><ele>220.0</ele><time>2025-10-11T19:39:33.000Z</time><extensions/></trkpt><trkpt lat="41.50042726658285" lon="-81.60583888180554"><ele>220.0</ele><time>2025-10-11T19:39:34.000Z</time><extensions/></trkpt><trkpt lat="41.50042726658285" lon="-81.60583888180554"><ele>220.0</ele><time>2025-10-11T19:39:35.000Z</time><extensions/></trkpt><trkpt lat="41.50042726658285" lon="-81.60583888180554"><ele>220.0</ele><time>2025-10-11T19:39:36.000Z</time><extensions/></trkpt><trkpt lat="41.50042726658285" lon="-81.60583888180554"><ele>220.0</ele><time>2025-10-11T19:39:37.000Z</time><extensions/></trkpt></trkseg><trkseg><trkpt lat="41.50068802759051" lon="-81.60586033947766"><ele>217.79998779296875</ele><time>2025-10-11T20:11:42.000Z</time><extensions/></trkpt><trkpt lat="41.50068802759051" lon="-81.60586033947766"><ele>217.79998779296875</ele><time>2025-10-11T20:11:43.000Z</time><extensions/></trkpt><trkpt lat="41.50067327544093" lon="-81.60592437721789"><ele>244.5999755859375</ele><time>2025-10-11T20:11:44.000Z</time><extensions/></trkpt><trkpt lat="41.50066355243325" lon="-81.60591708496213"><ele>243.0</ele><time>2025-10-11T20:11:45.000Z</time><extensions/></trkpt><trkpt lat="41.500650979578495" lon="-81.60591574385762"><ele>241.79998779296875</ele><time>2025-10-11T20:11:46.000Z</time><extensions/></trkpt><trkpt lat="41.50064142420888" lon="-81.60592001862824"><ele>243.0</ele><time>2025-10-11T20:11:47.000Z</time><extensions/></trkpt><trkpt lat="41.50063999928534" lon="-81.60592764616013"><ele>244.4000244140625</ele><time>2025-10-11T20:11:48.000Z</time><extensions/></trkpt><trkpt lat="41.500642178580165" lon="-81.60594591870904"><ele>249.5999755859375</ele><time>2025-10-11T20:11:49.000Z</time><extensions/></trkpt><trkpt lat="41.50063647888601" lon="-81.60594667308033"><ele>250.0</ele><time>2025-10-11T20:11:50.000Z</time><extensions/></trkpt><trkpt lat="41.50063471868634" lon="-81.60595069639385"><ele>252.20001220703125</ele><time>2025-10-11T20:11:51.000Z</time><extensions/></trkpt><trkpt lat="41.50062575004995" lon="-81.60595086403191"><ele>254.4000244140625</ele><time>2025-10-11T20:11:52.000Z</time><extensions/></trkpt><trkpt lat="41.50062189437449" lon="-81.60595078021288"><ele>254.4000244140625</ele><time>2025-10-11T20:11:53.000Z</time><extensions/></trkpt><trkpt lat="41.500622648745775" lon="-81.60595287568867"><ele>253.5999755859375</ele><time>2025-10-11T20:11:54.000Z</time><extensions/></trkpt><trkpt lat="41.500620637089014" lon="-81.6059545520693"><ele>253.5999755859375</ele><time>2025-10-11T20:11:55.000Z</time><extensions/></trkpt><trkpt lat="41.500620637089014" lon="-81.6059545520693"><ele>253.4000244140625</ele><time>2025-10-11T20:11:56.000Z</time><extensions/></trkpt><trkpt lat="41.50061937980354" lon="-81.60594935528934"><ele>253.20001220703125</ele><time>2025-10-11T20:11:57.000Z</time><extensions/></trkpt><trkpt lat="41.50061225518584" lon="-81.60594709217548"><ele>253.0</ele><time>2025-10-11T20:11:58.000Z</time><extensions/></trkpt><trkpt lat="41.500606555491686" lon="-81.60594692453742"><ele>252.79998779296875</ele><time>2025-10-11T20:11:59.000Z</time><extensions/></trkpt><trkpt lat="41.50060253217816" lon="-81.60595128312707"><ele>252.4000244140625</ele><time>2025-10-11T20:12:00.000Z</time><extensions/></trkpt><trkpt lat="41.50060035288334" lon="-81.60595715045929"><ele>252.20001220703125</ele><time>2025-10-11T20:12:01.000Z</time><extensions/></trkpt><trkpt lat="41.50060035288334" lon="-81.60595715045929"><ele>251.5999755859375</ele><time>2025-10-11T20:12:02.000Z</time><extensions/></trkpt><trkpt lat="41.500598760321736" lon="-81.60595899447799"><ele>251.5999755859375</ele><time>2025-10-11T20:12:03.000Z</time><extensions/></trkpt><trkpt lat="41.500589959323406" lon="-81.60597517155111"><ele>251.5999755859375</ele><time>2025-10-11T20:12:04.000Z</time><extensions/></trkpt><trkpt lat="41.500589959323406" lon="-81.60597517155111"><ele>251.5999755859375</ele><time>2025-10-11T20:12:05.000Z</time><extensions/></trkpt><trkpt lat="41.50057629682124" lon="-81.60599377937615"><ele>251.4000244140625</ele><time>2025-10-11T20:12:06.000Z</time><extensions/></trkpt><trkpt lat="41.50057445280254" lon="-81.60600056871772"><ele>250.5999755859375</ele><time>2025-10-11T20:12:07.000Z</time><extensions/></trkpt><trkpt lat="41.500566992908716" lon="-81.60600886680186"><ele>250.4000244140625</ele><time>2025-10-11T20:12:08.000Z</time><extensions/></trkpt><trkpt lat="41.500566992908716" lon="-81.60600886680186"><ele>250.4000244140625</ele><time>2025-10-11T20:12:09.000Z</time><extensions/></trkpt><trkpt lat="41.500543439760804" lon="-81.60602554678917"><ele>250.20001220703125</ele><time>2025-10-11T20:12:10.000Z</time><extensions/></trkpt><trkpt lat="41.500543439760804" lon="-81.60602554678917"><ele>250.20001220703125</ele><time>2025-10-11T20:12:11.000Z</time><extensions/></trkpt><trkpt lat="41.500532794743776" lon="-81.60604574717581"><ele>250.4000244140625</ele><time>2025-10-11T20:12:12.000Z</time><extensions/></trkpt><trkpt lat="41.500532794743776" lon="-81.60604574717581"><ele>251.0</ele><time>2025-10-11T20:12:13.000Z</time><extensions/></trkpt><trkpt lat="41.50052332319319" lon="-81.60607282072306"><ele>251.4000244140625</ele><time>2025-10-11T20:12:14.000Z</time><extensions/></trkpt><trkpt lat="41.500518042594194" lon="-81.60609042271972"><ele>252.20001220703125</ele><time>2025-10-11T20:12:15.000Z</time><extensions/></trkpt><trkpt lat="41.50050739757717" lon="-81.60610718652606"><ele>252.5999755859375</ele><time>2025-10-11T20:12:16.000Z</time><extensions/></trkpt><trkpt lat="41.50049968622625" lon="-81.60611355677247"><ele>252.79998779296875</ele><time>2025-10-11T20:12:17.000Z</time><extensions/></trkpt><trkpt lat="41.50046934373677" lon="-81.60612319596112"><ele>253.79998779296875</ele><time>2025-10-11T20:12:18.000Z</time><extensions/></trkpt><trkpt lat="41.50043003261089" lon="-81.60614599473774"><ele>253.4000244140625</ele><time>2025-10-11T20:12:19.000Z</time><extensions/></trkpt><trkpt lat="41.50043003261089" lon="-81.60614599473774"><ele>253.4000244140625</ele><time>2025-10-11T20:12:20.000Z</time><extensions/></trkpt><trkpt lat="41.5003848541528" lon="-81.60613551735878"><ele>250.20001220703125</ele><time>2025-10-11T20:12:21.000Z</time><extensions/></trkpt><trkpt lat="41.500369096174836" lon="-81.6061347629875"><ele>249.20001220703125</ele><time>2025-10-11T20:12:22.000Z</time><extensions/></trkpt><trkpt lat="41.500355852767825" lon="-81.606130823493"><ele>247.0</ele><time>2025-10-11T20:12:23.000Z</time><extensions/></trkpt><trkpt lat="41.50034386664629" lon="-81.60612956620753"><ele>245.4000244140625</ele><time>2025-10-11T20:12:24.000Z</time><extensions/></trkpt><trkpt lat="41.5003296174109" lon="-81.60612663254142"><ele>242.79998779296875</ele><time>2025-10-11T20:12:25.000Z</time><extensions/></trkpt><trkpt lat="41.500316793099046" lon="-81.60612319596112"><ele>240.4000244140625</ele><time>2025-10-11T20:12:26.000Z</time><extensions/></trkpt><trkpt lat="41.500303633511066" lon="-81.6061170771718"><ele>237.0</ele><time>2025-10-11T20:12:27.000Z</time><extensions/></trkpt><trkpt lat="41.50029013864696" lon="-81.60611129365861"><ele>234.20001220703125</ele><time>2025-10-11T20:12:28.000Z</time><extensions/></trkpt><trkpt lat="41.500277230516076" lon="-81.60611104220152"><ele>233.4000244140625</ele><time>2025-10-11T20:12:29.000Z</time><extensions/></trkpt><trkpt lat="41.500277230516076" lon="-81.60611104220152"><ele>233.4000244140625</ele><time>2025-10-11T20:12:30.000Z</time><extensions/></trkpt><trkpt lat="41.50026423856616" lon="-81.60610978491604"><ele>231.5999755859375</ele><time>2025-10-11T20:12:31.000Z</time><extensions/></trkpt><trkpt lat="41.500251749530435" lon="-81.60610928200185"><ele>230.20001220703125</ele><time>2025-10-11T20:12:32.000Z</time><extensions/></trkpt><trkpt lat="41.500225849449635" lon="-81.60610324703157"><ele>227.20001220703125</ele><time>2025-10-11T20:12:33.000Z</time><extensions/></trkpt><trkpt lat="41.50021294131875" lon="-81.60610182210803"><ele>226.20001220703125</ele><time>2025-10-11T20:12:34.000Z</time><extensions/></trkpt><trkpt lat="41.50020053610206" lon="-81.60610475577414"><ele>225.20001220703125</ele><time>2025-10-11T20:12:35.000Z</time><extensions/></trkpt><trkpt lat="41.50018662214279" lon="-81.60610718652606"><ele>224.5999755859375</ele><time>2025-10-11T20:12:36.000Z</time><extensions/></trkpt><trkpt lat="41.5001723729074" lon="-81.60610576160252"><ele>223.20001220703125</ele><time>2025-10-11T20:12:37.000Z</time><extensions/></trkpt><trkpt lat="41.50015711784363" lon="-81.60610165446997"><ele>222.5999755859375</ele><time>2025-10-11T20:12:38.000Z</time><extensions/></trkpt><trkpt lat="41.50015711784363" lon="-81.60610165446997"><ele>222.5999755859375</ele><time>2025-10-11T20:12:39.000Z</time><extensions/></trkpt><trkpt lat="41.50012778118253" lon="-81.60609134472907"><ele>221.5999755859375</ele><time>2025-10-11T20:12:40.000Z</time><extensions/></trkpt><trkpt lat="41.50011286139488" lon="-81.60608598031104"><ele>221.20001220703125</ele><time>2025-10-11T20:12:41.000Z</time><extensions/></trkpt><trkpt lat="41.50009903125465" lon="-81.60608229227364"><ele>220.4000244140625</ele><time>2025-10-11T20:12:42.000Z</time><extensions/></trkpt><trkpt lat="41.500086123123765" lon="-81.60607986152172"><ele>220.20001220703125</ele><time>2025-10-11T20:12:43.000Z</time><extensions/></trkpt><trkpt lat="41.500073885545135" lon="-81.6060771793127"><ele>220.4000244140625</ele><time>2025-10-11T20:12:44.000Z</time><extensions/></trkpt><trkpt lat="41.50006256997585" lon="-81.60607432946563"><ele>220.20001220703125</ele><time>2025-10-11T20:12:45.000Z</time><extensions/></trkpt><trkpt lat="41.50005226023495" lon="-81.60607089288533"><ele>219.5999755859375</ele><time>2025-10-11T20:12:46.000Z</time><extensions/></trkpt><trkpt lat="41.50004337541759" lon="-81.60606946796179"><ele>219.4000244140625</ele><time>2025-10-11T20:12:47.000Z</time><extensions/></trkpt><trkpt lat="41.50003423914313" lon="-81.60606787540019"><ele>219.20001220703125</ele><time>2025-10-11T20:12:48.000Z</time><extensions/></trkpt><trkpt lat="41.50002468377352" lon="-81.60606544464827"><ele>219.20001220703125</ele><time>2025-10-11T20:12:49.000Z</time><extensions/></trkpt><trkpt lat="41.500016720965505" lon="-81.6060581523925"><ele>219.0</ele><time>2025-10-11T20:12:50.000Z</time><extensions/></trkpt><trkpt lat="41.50001102127135" lon="-81.60604608245194"><ele>219.5999755859375</ele><time>2025-10-11T20:12:51.000Z</time><extensions/></trkpt><trkpt lat="41.50000532157719" lon="-81.60603485070169"><ele>220.4000244140625</ele><time>2025-10-11T20:12:52.000Z</time><extensions/></trkpt><trkpt lat="41.5000032261014" lon="-81.60602755844593"><ele>221.0</ele><time>2025-10-11T20:12:53.000Z</time><extensions/></trkpt><trkpt lat="41.50000289082527" lon="-81.60603024065495"><ele>221.5999755859375</ele><time>2025-10-11T20:12:54.000Z</time><extensions/></trkpt><trkpt lat="41.50000247173011" lon="-81.60602252930403"><ele>221.5999755859375</ele><time>2025-10-11T20:12:55.000Z</time><extensions/></trkpt><trkpt lat="41.499996772035956" lon="-81.60601565614343"><ele>221.79998779296875</ele><time>2025-10-11T20:12:56.000Z</time><extensions/></trkpt><trkpt lat="41.499990820884705" lon="-81.60600559785962"><ele>222.20001220703125</ele><time>2025-10-11T20:12:57.000Z</time><extensions/></trkpt><trkpt lat="41.49998805485666" lon="-81.6059983894229"><ele>222.5999755859375</ele><time>2025-10-11T20:12:58.000Z</time><extensions/></trkpt><trkpt lat="41.49998771958053" lon="-81.6059944499284"><ele>223.0</ele><time>2025-10-11T20:12:59.000Z</time><extensions/></trkpt><trkpt lat="41.49999249726534" lon="-81.60598699003458"><ele>223.20001220703125</ele><time>2025-10-11T20:13:00.000Z</time><extensions/></trkpt><trkpt lat="41.499992329627275" lon="-81.6059822961688"><ele>223.5999755859375</ele><time>2025-10-11T20:13:01.000Z</time><extensions/></trkpt><trkpt lat="41.499992329627275" lon="-81.6059822961688"><ele>223.5999755859375</ele><time>2025-10-11T20:13:02.000Z</time><extensions/></trkpt><trkpt lat="41.499999118968844" lon="-81.60597265698016"><ele>224.4000244140625</ele><time>2025-10-11T20:13:03.000Z</time><extensions/></trkpt><trkpt lat="41.500004064291716" lon="-81.60596704110503"><ele>224.5999755859375</ele><time>2025-10-11T20:13:04.000Z</time><extensions/></trkpt><trkpt lat="41.50001244619489" lon="-81.60596016794443"><ele>224.79998779296875</ele><time>2025-10-11T20:13:05.000Z</time><extensions/></trkpt><trkpt lat="41.50002233684063" lon="-81.60595731809735"><ele>225.20001220703125</ele><time>2025-10-11T20:13:06.000Z</time><extensions/></trkpt><trkpt lat="41.500036334618926" lon="-81.60595539025962"><ele>225.5999755859375</ele><time>2025-10-11T20:13:07.000Z</time><extensions/></trkpt><trkpt lat="41.50005066767335" lon="-81.60595698282123"><ele>225.79998779296875</ele><time>2025-10-11T20:13:08.000Z</time><extensions/></trkpt><trkpt lat="41.50006768293679" lon="-81.60595463588834"><ele>226.20001220703125</ele><time>2025-10-11T20:13:09.000Z</time><extensions/></trkpt><trkpt lat="41.50007413700223" lon="-81.60595379769802"><ele>226.4000244140625</ele><time>2025-10-11T20:13:10.000Z</time><extensions/></trkpt><trkpt lat="41.50008193217218" lon="-81.60595078021288"><ele>226.79998779296875</ele><time>2025-10-11T20:13:11.000Z</time><extensions/></trkpt><trkpt lat="41.50009576231241" lon="-81.60594834946096"><ele>227.0</ele><time>2025-10-11T20:13:12.000Z</time><extensions/></trkpt><trkpt lat="41.50010934099555" lon="-81.60594566725194"><ele>227.4000244140625</ele><time>2025-10-11T20:13:13.000Z</time><extensions/></trkpt><trkpt lat="41.50011084973812" lon="-81.60594843327999"><ele>227.5999755859375</ele><time>2025-10-11T20:13:14.000Z</time><extensions/></trkpt><trkpt lat="41.50011378340423" lon="-81.60595513880253"><ele>228.0</ele><time>2025-10-11T20:13:15.000Z</time><extensions/></trkpt><trkpt lat="41.50010531768203" lon="-81.60595019347966"><ele>228.20001220703125</ele><time>2025-10-11T20:13:16.000Z</time><extensions/></trkpt><trkpt lat="41.500083692371845" lon="-81.60594206303358"><ele>228.5999755859375</ele><time>2025-10-11T20:13:17.000Z</time><extensions/></trkpt><trkpt lat="41.50006256997585" lon="-81.60592605359852"><ele>229.0</ele><time>2025-10-11T20:13:18.000Z</time><extensions/></trkpt><trkpt lat="41.50003348477185" lon="-81.60590677522123"><ele>229.20001220703125</ele><time>2025-10-11T20:13:19.000Z</time><extensions/></trkpt><trkpt lat="41.500026024878025" lon="-81.60589043051004"><ele>229.5999755859375</ele><time>2025-10-11T20:13:20.000Z</time><extensions/></trkpt><trkpt lat="41.50002879090607" lon="-81.60590233281255"><ele>229.79998779296875</ele><time>2025-10-11T20:13:21.000Z</time><extensions/></trkpt><trkpt lat="41.5000272821635" lon="-81.6059064399451"><ele>230.20001220703125</ele><time>2025-10-11T20:13:22.000Z</time><extensions/></trkpt><trkpt lat="41.50001454167068" lon="-81.60588255152106"><ele>230.5999755859375</ele><time>2025-10-11T20:13:23.000Z</time><extensions/></trkpt><trkpt lat="41.50002904236317" lon="-81.60587458871305"><ele>231.0</ele><time>2025-10-11T20:13:24.000Z</time><extensions/></trkpt><trkpt lat="41.50003323331475" lon="-81.60586553625762"><ele>231.20001220703125</ele><time>2025-10-11T20:13:25.000Z</time><extensions/></trkpt><trkpt lat="41.500047566369176" lon="-81.60585086792707"><ele>231.79998779296875</ele><time>2025-10-11T20:13:26.000Z</time><extensions/></trkpt><trkpt lat="41.50003993883729" lon="-81.6058239620179"><ele>232.4000244140625</ele><time>2025-10-11T20:13:27.000Z</time><extensions/></trkpt><trkpt lat="41.50004329159856" lon="-81.6058168374002"><ele>232.5999755859375</ele><time>2025-10-11T20:13:28.000Z</time><extensions/></trkpt><trkpt lat="41.50003164075315" lon="-81.60579663701355"><ele>233.20001220703125</ele><time>2025-10-11T20:13:29.000Z</time><extensions/></trkpt><trkpt lat="41.500019654631615" lon="-81.60577819682658"><ele>233.5999755859375</ele><time>2025-10-11T20:13:30.000Z</time><extensions/></trkpt><trkpt lat="41.50000439956784" lon="-81.60575414076447"><ele>233.79998779296875</ele><time>2025-10-11T20:13:31.000Z</time><extensions/></trkpt><trkpt lat="41.50000439956784" lon="-81.60575414076447"><ele>233.79998779296875</ele><time>2025-10-11T20:13:32.000Z</time><extensions/></trkpt><trkpt lat="41.50000439956784" lon="-81.60575414076447"><ele>233.79998779296875</ele><time>2025-10-11T20:13:33.000Z</time><extensions/></trkpt><trkpt lat="41.50000439956784" lon="-81.60575414076447"><ele>233.79998779296875</ele><time>2025-10-11T20:13:34.000Z</time><extensions/></trkpt><trkpt lat="41.50000439956784" lon="-81.60575414076447"><ele>233.79998779296875</ele><time>2025-10-11T20:13:35.000Z</time><extensions/></trkpt><trkpt lat="41.50000439956784" lon="-81.60575414076447"><ele>233.79998779296875</ele><time>2025-10-11T20:13:36.000Z</time><extensions/></trkpt><trkpt lat="41.50000439956784" lon="-81.60575414076447"><ele>233.79998779296875</ele><time>2025-10-11T20:13:37.000Z</time><extensions/></trkpt><trkpt lat="41.50000439956784" lon="-81.60575414076447"><ele>233.79998779296875</ele><time>2025-10-11T20:13:38.000Z</time><extensions/></trkpt><trkpt lat="41.49997942149639" lon="-81.60571776330471"><ele>235.20001220703125</ele><time>2025-10-11T20:13:39.000Z</time><extensions/></trkpt><trkpt lat="41.50000624358654" lon="-81.6057148296386"><ele>235.4000244140625</ele><time>2025-10-11T20:13:40.000Z</time><extensions/></trkpt><trkpt lat="41.50001177564263" lon="-81.60566864535213"><ele>235.20001220703125</ele><time>2025-10-11T20:13:41.000Z</time><extensions/></trkpt><trkpt lat="41.50000884197652" lon="-81.60560318268836"><ele>234.79998779296875</ele><time>2025-10-11T20:13:42.000Z</time><extensions/></trkpt><trkpt lat="41.50000783614814" lon="-81.60557066090405"><ele>234.79998779296875</ele><time>2025-10-11T20:13:43.000Z</time><extensions/></trkpt><trkpt lat="41.500002136453986" lon="-81.60547552630305"><ele>233.79998779296875</ele><time>2025-10-11T20:13:44.000Z</time><extensions/></trkpt><trkpt lat="41.500005992129445" lon="-81.60542665980756"><ele>233.4000244140625</ele><time>2025-10-11T20:13:45.000Z</time><extensions/></trkpt><trkpt lat="41.50001613423228" lon="-81.60536848939955"><ele>233.0</ele><time>2025-10-11T20:13:46.000Z</time><extensions/></trkpt><trkpt lat="41.50002149865031" lon="-81.60533328540623"><ele>232.5999755859375</ele><time>2025-10-11T20:13:47.000Z</time><extensions/></trkpt><trkpt lat="41.49997598491609" lon="-81.60524477250874"><ele>232.20001220703125</ele><time>2025-10-11T20:13:48.000Z</time><extensions/></trkpt><trkpt lat="41.49994622915983" lon="-81.60517319105566"><ele>231.79998779296875</ele><time>2025-10-11T20:13:49.000Z</time><extensions/></trkpt><trkpt lat="41.49993189610541" lon="-81.60512692295015"><ele>231.20001220703125</ele><time>2025-10-11T20:13:50.000Z</time><extensions/></trkpt><trkpt lat="41.49992108345032" lon="-81.60509389825165"><ele>231.0</ele><time>2025-10-11T20:13:51.000Z</time><extensions/></trkpt><trkpt lat="41.49992007762194" lon="-81.60507453605533"><ele>230.5999755859375</ele><time>2025-10-11T20:13:52.000Z</time><extensions/></trkpt><trkpt lat="41.49992426857352" lon="-81.60505902953446"><ele>230.5999755859375</ele><time>2025-10-11T20:13:53.000Z</time><extensions/></trkpt><trkpt lat="41.49993063881993" lon="-81.60504402592778"><ele>230.4000244140625</ele><time>2025-10-11T20:13:54.000Z</time><extensions/></trkpt><trkpt lat="41.49993474595249" lon="-81.6050290223211"><ele>230.4000244140625</ele><time>2025-10-11T20:13:55.000Z</time><extensions/></trkpt><trkpt lat="41.49993876926601" lon="-81.60501292906702"><ele>230.20001220703125</ele><time>2025-10-11T20:13:56.000Z</time><extensions/></trkpt><trkpt lat="41.49994312785566" lon="-81.60499549470842"><ele>229.79998779296875</ele><time>2025-10-11T20:13:57.000Z</time><extensions/></trkpt><trkpt lat="41.49994824081659" lon="-81.6049772221595"><ele>229.5999755859375</ele><time>2025-10-11T20:13:58.000Z</time><extensions/></trkpt><trkpt lat="41.4999514259398" lon="-81.60496272146702"><ele>229.4000244140625</ele><time>2025-10-11T20:13:59.000Z</time><extensions/></trkpt><trkpt lat="41.499952264130116" lon="-81.6049481369555"><ele>229.20001220703125</ele><time>2025-10-11T20:14:00.000Z</time><extensions/></trkpt><trkpt lat="41.49995536543429" lon="-81.60493321716785"><ele>229.0</ele><time>2025-10-11T20:14:01.000Z</time><extensions/></trkpt><trkpt lat="41.499956622719765" lon="-81.60491896793246"><ele>228.79998779296875</ele><time>2025-10-11T20:14:02.000Z</time><extensions/></trkpt><trkpt lat="41.49996022693813" lon="-81.6049050539732"><ele>228.79998779296875</ele><time>2025-10-11T20:14:03.000Z</time><extensions/></trkpt><trkpt lat="41.4999633282423" lon="-81.60488979890943"><ele>228.79998779296875</ele><time>2025-10-11T20:14:04.000Z</time><extensions/></trkpt><trkpt lat="41.49996282532811" lon="-81.60487454384565"><ele>228.5999755859375</ele><time>2025-10-11T20:14:05.000Z</time><extensions/></trkpt><trkpt lat="41.49996818974614" lon="-81.6048582829535"><ele>228.5999755859375</ele><time>2025-10-11T20:14:06.000Z</time><extensions/></trkpt><trkpt lat="41.49997045286" lon="-81.60484537482262"><ele>228.4000244140625</ele><time>2025-10-11T20:14:07.000Z</time><extensions/></trkpt><trkpt lat="41.49997288361192" lon="-81.60483372397721"><ele>228.4000244140625</ele><time>2025-10-11T20:14:08.000Z</time><extensions/></trkpt><trkpt lat="41.4999736379832" lon="-81.60482039675117"><ele>228.4000244140625</ele><time>2025-10-11T20:14:09.000Z</time><extensions/></trkpt><trkpt lat="41.49997355416417" lon="-81.60480656661093"><ele>228.4000244140625</ele><time>2025-10-11T20:14:10.000Z</time><extensions/></trkpt><trkpt lat="41.49997439235449" lon="-81.6047927364707"><ele>228.4000244140625</ele><time>2025-10-11T20:14:11.000Z</time><extensions/></trkpt><trkpt lat="41.499974224716425" lon="-81.60477932542562"><ele>228.4000244140625</ele><time>2025-10-11T20:14:12.000Z</time><extensions/></trkpt><trkpt lat="41.499975146725774" lon="-81.60476725548506"><ele>228.20001220703125</ele><time>2025-10-11T20:14:13.000Z</time><extensions/></trkpt><trkpt lat="41.499975649639964" lon="-81.60475325770676"><ele>228.20001220703125</ele><time>2025-10-11T20:14:14.000Z</time><extensions/></trkpt><trkpt lat="41.49997506290674" lon="-81.60474487580359"><ele>228.20001220703125</ele><time>2025-10-11T20:14:15.000Z</time><extensions/></trkpt><trkpt lat="41.49997246451676" lon="-81.60473339259624"><ele>228.20001220703125</ele><time>2025-10-11T20:14:16.000Z</time><extensions/></trkpt><trkpt lat="41.499970788136125" lon="-81.6047200653702"><ele>228.0</ele><time>2025-10-11T20:14:17.000Z</time><extensions/></trkpt><trkpt lat="41.4999635796994" lon="-81.60470858216286"><ele>227.79998779296875</ele><time>2025-10-11T20:14:18.000Z</time><extensions/></trkpt><trkpt lat="41.499958550557494" lon="-81.60470003262162"><ele>227.5999755859375</ele><time>2025-10-11T20:14:19.000Z</time><extensions/></trkpt><trkpt lat="41.49995737709105" lon="-81.6046925727278"><ele>227.20001220703125</ele><time>2025-10-11T20:14:20.000Z</time><extensions/></trkpt><trkpt lat="41.499953689053655" lon="-81.60468536429107"><ele>227.0</ele><time>2025-10-11T20:14:21.000Z</time><extensions/></trkpt><trkpt lat="41.4999530185014" lon="-81.60468284972012"><ele>226.5999755859375</ele><time>2025-10-11T20:14:22.000Z</time><extensions/></trkpt><trkpt lat="41.49994606152177" lon="-81.6046737972647"><ele>226.4000244140625</ele><time>2025-10-11T20:14:23.000Z</time><extensions/></trkpt><trkpt lat="41.499940529465675" lon="-81.60466843284667"><ele>226.20001220703125</ele><time>2025-10-11T20:14:24.000Z</time><extensions/></trkpt><trkpt lat="41.499940529465675" lon="-81.60466843284667"><ele>226.20001220703125</ele><time>2025-10-11T20:14:25.000Z</time><extensions/></trkpt><trkpt lat="41.499940529465675" lon="-81.60466843284667"><ele>226.20001220703125</ele><time>2025-10-11T20:14:26.000Z</time><extensions/></trkpt><trkpt lat="41.499940529465675" lon="-81.60466843284667"><ele>226.20001220703125</ele><time>2025-10-11T20:14:27.000Z</time><extensions/></trkpt><trkpt lat="41.499940529465675" lon="-81.60466843284667"><ele>226.20001220703125</ele><time>2025-10-11T20:14:28.000Z</time><extensions/></trkpt><trkpt lat="41.499940529465675" lon="-81.60466843284667"><ele>226.20001220703125</ele><time>2025-10-11T20:14:29.000Z</time><extensions/></trkpt><trkpt lat="41.499940529465675" lon="-81.60466843284667"><ele>226.20001220703125</ele><time>2025-10-11T20:14:30.000Z</time><extensions/></trkpt><trkpt lat="41.499940529465675" lon="-81.60466843284667"><ele>226.20001220703125</ele><time>2025-10-11T20:14:31.000Z</time><extensions/></trkpt><trkpt lat="41.499940529465675" lon="-81.60466843284667"><ele>226.20001220703125</ele><time>2025-10-11T20:14:32.000Z</time><extensions/></trkpt><trkpt lat="41.499940529465675" lon="-81.60466843284667"><ele>226.20001220703125</ele><time>2025-10-11T20:14:33.000Z</time><extensions/></trkpt><trkpt lat="41.499940529465675" lon="-81.60466843284667"><ele>226.20001220703125</ele><time>2025-10-11T20:14:34.000Z</time><extensions/></trkpt><trkpt lat="41.499940529465675" lon="-81.60466843284667"><ele>226.20001220703125</ele><time>2025-10-11T20:14:35.000Z</time><extensions/></trkpt><trkpt lat="41.499940529465675" lon="-81.60466843284667"><ele>226.20001220703125</ele><time>2025-10-11T20:14:36.000Z</time><extensions/></trkpt><trkpt lat="41.499940529465675" lon="-81.60466843284667"><ele>226.20001220703125</ele><time>2025-10-11T20:14:37.000Z</time><extensions/></trkpt><trkpt lat="41.499940529465675" lon="-81.60466843284667"><ele>226.20001220703125</ele><time>2025-10-11T20:14:38.000Z</time><extensions/></trkpt><trkpt lat="41.49993818253279" lon="-81.60465602762997"><ele>226.20001220703125</ele><time>2025-10-11T20:14:39.000Z</time><extensions/></trkpt><trkpt lat="41.49994187057018" lon="-81.60464337095618"><ele>226.4000244140625</ele><time>2025-10-11T20:14:40.000Z</time><extensions/></trkpt><trkpt lat="41.49995184503496" lon="-81.60463448613882"><ele>226.4000244140625</ele><time>2025-10-11T20:14:41.000Z</time><extensions/></trkpt><trkpt lat="41.499959891662" lon="-81.60462736152112"><ele>226.5999755859375</ele><time>2025-10-11T20:14:42.000Z</time><extensions/></trkpt><trkpt lat="41.49996818974614" lon="-81.60462157800794"><ele>226.5999755859375</ele><time>2025-10-11T20:14:43.000Z</time><extensions/></trkpt><trkpt lat="41.49997606873512" lon="-81.60461747087538"><ele>226.79998779296875</ele><time>2025-10-11T20:14:44.000Z</time><extensions/></trkpt><trkpt lat="41.499984450638294" lon="-81.60461478866637"><ele>226.79998779296875</ele><time>2025-10-11T20:14:45.000Z</time><extensions/></trkpt><trkpt lat="41.499991323798895" lon="-81.60461219027638"><ele>227.0</ele><time>2025-10-11T20:14:46.000Z</time><extensions/></trkpt><trkpt lat="41.49999802932143" lon="-81.60461504012346"><ele>227.0</ele><time>2025-10-11T20:14:47.000Z</time><extensions/></trkpt><trkpt lat="41.50000532157719" lon="-81.60461981780827"><ele>227.0</ele><time>2025-10-11T20:14:48.000Z</time><extensions/></trkpt><trkpt lat="41.50000959634781" lon="-81.60462476313114"><ele>227.20001220703125</ele><time>2025-10-11T20:14:49.000Z</time><extensions/></trkpt><trkpt lat="41.5000082552433" lon="-81.60462752915919"><ele>227.20001220703125</ele><time>2025-10-11T20:14:50.000Z</time><extensions/></trkpt><trkpt lat="41.50000607594848" lon="-81.60462928935885"><ele>227.4000244140625</ele><time>2025-10-11T20:14:51.000Z</time><extensions/></trkpt><trkpt lat="41.500003561377525" lon="-81.60462954081595"><ele>227.4000244140625</ele><time>2025-10-11T20:14:52.000Z</time><extensions/></trkpt><trkpt lat="41.500003561377525" lon="-81.60462954081595"><ele>227.4000244140625</ele><time>2025-10-11T20:14:53.000Z</time><extensions/></trkpt><trkpt lat="41.500003561377525" lon="-81.60462954081595"><ele>227.4000244140625</ele><time>2025-10-11T20:14:54.000Z</time><extensions/></trkpt><trkpt lat="41.500003561377525" lon="-81.60462954081595"><ele>227.4000244140625</ele><time>2025-10-11T20:14:55.000Z</time><extensions/></trkpt><trkpt lat="41.500003561377525" lon="-81.60462954081595"><ele>227.4000244140625</ele><time>2025-10-11T20:14:56.000Z</time><extensions/></trkpt><trkpt lat="41.500003561377525" lon="-81.60462954081595"><ele>227.4000244140625</ele><time>2025-10-11T20:14:57.000Z</time><extensions/></trkpt><trkpt lat="41.500003561377525" lon="-81.60462954081595"><ele>227.4000244140625</ele><time>2025-10-11T20:14:58.000Z</time><extensions/></trkpt><trkpt lat="41.500003561377525" lon="-81.60462954081595"><ele>227.4000244140625</ele><time>2025-10-11T20:14:59.000Z</time><extensions/></trkpt><trkpt lat="41.49999844841659" lon="-81.60463373176754"><ele>227.4000244140625</ele><time>2025-10-11T20:15:00.000Z</time><extensions/></trkpt><trkpt lat="41.49999777786434" lon="-81.6046373359859"><ele>227.4000244140625</ele><time>2025-10-11T20:15:01.000Z</time><extensions/></trkpt><trkpt lat="41.49999786168337" lon="-81.60463985055685"><ele>227.4000244140625</ele><time>2025-10-11T20:15:02.000Z</time><extensions/></trkpt><trkpt lat="41.50000146590173" lon="-81.60464437678456"><ele>227.4000244140625</ele><time>2025-10-11T20:15:03.000Z</time><extensions/></trkpt><trkpt lat="41.500002136453986" lon="-81.6046473942697"><ele>227.4000244140625</ele><time>2025-10-11T20:15:04.000Z</time><extensions/></trkpt><trkpt lat="41.500002136453986" lon="-81.6046473942697"><ele>227.4000244140625</ele><time>2025-10-11T20:15:05.000Z</time><extensions/></trkpt><trkpt lat="41.500002136453986" lon="-81.6046473942697"><ele>227.4000244140625</ele><time>2025-10-11T20:15:06.000Z</time><extensions/></trkpt><trkpt lat="41.500002136453986" lon="-81.6046473942697"><ele>227.4000244140625</ele><time>2025-10-11T20:15:07.000Z</time><extensions/></trkpt><trkpt lat="41.500002136453986" lon="-81.6046473942697"><ele>227.4000244140625</ele><time>2025-10-11T20:15:08.000Z</time><extensions/></trkpt><trkpt lat="41.500002136453986" lon="-81.6046473942697"><ele>227.4000244140625</ele><time>2025-10-11T20:15:09.000Z</time><extensions/></trkpt><trkpt lat="41.500002136453986" lon="-81.6046473942697"><ele>227.4000244140625</ele><time>2025-10-11T20:15:10.000Z</time><extensions/></trkpt><trkpt lat="41.500002136453986" lon="-81.6046473942697"><ele>227.4000244140625</ele><time>2025-10-11T20:15:11.000Z</time><extensions/></trkpt><trkpt lat="41.500002136453986" lon="-81.6046473942697"><ele>227.4000244140625</ele><time>2025-10-11T20:15:12.000Z</time><extensions/></trkpt><trkpt lat="41.500002136453986" lon="-81.6046473942697"><ele>227.4000244140625</ele><time>2025-10-11T20:15:13.000Z</time><extensions/></trkpt><trkpt lat="41.500002136453986" lon="-81.6046473942697"><ele>227.4000244140625</ele><time>2025-10-11T20:15:14.000Z</time><extensions/></trkpt><trkpt lat="41.500002136453986" lon="-81.6046473942697"><ele>227.4000244140625</ele><time>2025-10-11T20:15:15.000Z</time><extensions/></trkpt><trkpt lat="41.500002136453986" lon="-81.6046473942697"><ele>227.4000244140625</ele><time>2025-10-11T20:15:16.000Z</time><extensions/></trkpt><trkpt lat="41.500002136453986" lon="-81.6046473942697"><ele>227.4000244140625</ele><time>2025-10-11T20:15:17.000Z</time><extensions/></trkpt><trkpt lat="41.500002136453986" lon="-81.6046473942697"><ele>227.4000244140625</ele><time>2025-10-11T20:15:18.000Z</time><extensions/></trkpt><trkpt lat="41.500002136453986" lon="-81.6046473942697"><ele>227.4000244140625</ele><time>2025-10-11T20:15:19.000Z</time><extensions/></trkpt><trkpt lat="41.500002136453986" lon="-81.6046473942697"><ele>227.4000244140625</ele><time>2025-10-11T20:15:20.000Z</time><extensions/></trkpt><trkpt lat="41.500002136453986" lon="-81.6046473942697"><ele>227.4000244140625</ele><time>2025-10-11T20:15:21.000Z</time><extensions/></trkpt><trkpt lat="41.500002136453986" lon="-81.6046473942697"><ele>227.4000244140625</ele><time>2025-10-11T20:15:22.000Z</time><extensions/></trkpt><trkpt lat="41.500002136453986" lon="-81.6046473942697"><ele>227.4000244140625</ele><time>2025-10-11T20:15:23.000Z</time><extensions/></trkpt><trkpt lat="41.500002136453986" lon="-81.6046473942697"><ele>227.4000244140625</ele><time>2025-10-11T20:15:24.000Z</time><extensions/></trkpt><trkpt lat="41.500002136453986" lon="-81.6046473942697"><ele>227.4000244140625</ele><time>2025-10-11T20:15:25.000Z</time><extensions/></trkpt><trkpt lat="41.500002136453986" lon="-81.6046473942697"><ele>227.4000244140625</ele><time>2025-10-11T20:15:26.000Z</time><extensions/></trkpt><trkpt lat="41.500002136453986" lon="-81.6046473942697"><ele>227.4000244140625</ele><time>2025-10-11T20:15:27.000Z</time><extensions/></trkpt><trkpt lat="41.500002136453986" lon="-81.6046473942697"><ele>227.4000244140625</ele><time>2025-10-11T20:15:28.000Z</time><extensions/></trkpt><trkpt lat="41.500002136453986" lon="-81.6046473942697"><ele>227.4000244140625</ele><time>2025-10-11T20:15:29.000Z</time><extensions/></trkpt><trkpt lat="41.500002136453986" lon="-81.6046473942697"><ele>227.4000244140625</ele><time>2025-10-11T20:15:30.000Z</time><extensions/></trkpt><trkpt lat="41.500002136453986" lon="-81.6046473942697"><ele>227.4000244140625</ele><time>2025-10-11T20:15:31.000Z</time><extensions/></trkpt><trkpt lat="41.500002136453986" lon="-81.6046473942697"><ele>227.4000244140625</ele><time>2025-10-11T20:15:32.000Z</time><extensions/></trkpt><trkpt lat="41.500002136453986" lon="-81.6046473942697"><ele>227.4000244140625</ele><time>2025-10-11T20:15:33.000Z</time><extensions/></trkpt><trkpt lat="41.500002136453986" lon="-81.6046473942697"><ele>227.4000244140625</ele><time>2025-10-11T20:15:34.000Z</time><extensions/></trkpt><trkpt lat="41.500002136453986" lon="-81.6046473942697"><ele>227.4000244140625</ele><time>2025-10-11T20:15:35.000Z</time><extensions/></trkpt><trkpt lat="41.500002136453986" lon="-81.6046473942697"><ele>227.4000244140625</ele><time>2025-10-11T20:15:36.000Z</time><extensions/></trkpt><trkpt lat="41.500002136453986" lon="-81.6046473942697"><ele>227.4000244140625</ele><time>2025-10-11T20:15:37.000Z</time><extensions/></trkpt><trkpt lat="41.500002136453986" lon="-81.6046473942697"><ele>227.4000244140625</ele><time>2025-10-11T20:15:38.000Z</time><extensions/></trkpt><trkpt lat="41.500002136453986" lon="-81.6046473942697"><ele>227.4000244140625</ele><time>2025-10-11T20:15:39.000Z</time><extensions/></trkpt><trkpt lat="41.500002136453986" lon="-81.6046473942697"><ele>227.4000244140625</ele><time>2025-10-11T20:15:40.000Z</time><extensions/></trkpt><trkpt lat="41.500002136453986" lon="-81.6046473942697"><ele>227.4000244140625</ele><time>2025-10-11T20:15:41.000Z</time><extensions/></trkpt><trkpt lat="41.500002136453986" lon="-81.6046473942697"><ele>227.4000244140625</ele><time>2025-10-11T20:15:42.000Z</time><extensions/></trkpt><trkpt lat="41.500002136453986" lon="-81.6046473942697"><ele>227.4000244140625</ele><time>2025-10-11T20:15:43.000Z</time><extensions/></trkpt><trkpt lat="41.500002136453986" lon="-81.6046473942697"><ele>227.4000244140625</ele><time>2025-10-11T20:15:44.000Z</time><extensions/></trkpt><trkpt lat="41.500002136453986" lon="-81.6046473942697"><ele>227.4000244140625</ele><time>2025-10-11T20:15:45.000Z</time><extensions/></trkpt><trkpt lat="41.500002136453986" lon="-81.6046473942697"><ele>227.4000244140625</ele><time>2025-10-11T20:15:46.000Z</time><extensions/></trkpt><trkpt lat="41.500002136453986" lon="-81.6046473942697"><ele>227.4000244140625</ele><time>2025-10-11T20:15:47.000Z</time><extensions/></trkpt><trkpt lat="41.500002136453986" lon="-81.6046473942697"><ele>227.4000244140625</ele><time>2025-10-11T20:15:48.000Z</time><extensions/></trkpt><trkpt lat="41.500002136453986" lon="-81.6046473942697"><ele>227.4000244140625</ele><time>2025-10-11T20:15:49.000Z</time><extensions/></trkpt><trkpt lat="41.500002136453986" lon="-81.6046473942697"><ele>227.4000244140625</ele><time>2025-10-11T20:15:50.000Z</time><extensions/></trkpt><trkpt lat="41.500002136453986" lon="-81.6046473942697"><ele>227.4000244140625</ele><time>2025-10-11T20:15:51.000Z</time><extensions/></trkpt><trkpt lat="41.500002136453986" lon="-81.6046473942697"><ele>227.4000244140625</ele><time>2025-10-11T20:15:52.000Z</time><extensions/></trkpt><trkpt lat="41.500002136453986" lon="-81.6046473942697"><ele>227.4000244140625</ele><time>2025-10-11T20:15:53.000Z</time><extensions/></trkpt><trkpt lat="41.500002136453986" lon="-81.6046473942697"><ele>227.4000244140625</ele><time>2025-10-11T20:15:54.000Z</time><extensions/></trkpt><trkpt lat="41.500002136453986" lon="-81.6046473942697"><ele>227.4000244140625</ele><time>2025-10-11T20:15:55.000Z</time><extensions/></trkpt><trkpt lat="41.500002136453986" lon="-81.6046473942697"><ele>227.4000244140625</ele><time>2025-10-11T20:15:56.000Z</time><extensions/></trkpt><trkpt lat="41.500002136453986" lon="-81.6046473942697"><ele>227.4000244140625</ele><time>2025-10-11T20:15:57.000Z</time><extensions/></trkpt><trkpt lat="41.500002136453986" lon="-81.6046473942697"><ele>227.4000244140625</ele><time>2025-10-11T20:15:58.000Z</time><extensions/></trkpt><trkpt lat="41.500002136453986" lon="-81.6046473942697"><ele>227.4000244140625</ele><time>2025-10-11T20:15:59.000Z</time><extensions/></trkpt><trkpt lat="41.500002136453986" lon="-81.6046473942697"><ele>227.4000244140625</ele><time>2025-10-11T20:16:00.000Z</time><extensions/></trkpt><trkpt lat="41.500002136453986" lon="-81.6046473942697"><ele>227.4000244140625</ele><time>2025-10-11T20:16:01.000Z</time><extensions/></trkpt><trkpt lat="41.500002136453986" lon="-81.6046473942697"><ele>227.4000244140625</ele><time>2025-10-11T20:16:02.000Z</time><extensions/></trkpt><trkpt lat="41.500002136453986" lon="-81.6046473942697"><ele>227.4000244140625</ele><time>2025-10-11T20:16:03.000Z</time><extensions/></trkpt><trkpt lat="41.500002136453986" lon="-81.6046473942697"><ele>227.4000244140625</ele><time>2025-10-11T20:16:04.000Z</time><extensions/></trkpt><trkpt lat="41.500002136453986" lon="-81.6046473942697"><ele>227.4000244140625</ele><time>2025-10-11T20:16:05.000Z</time><extensions/></trkpt><trkpt lat="41.500002136453986" lon="-81.6046473942697"><ele>227.4000244140625</ele><time>2025-10-11T20:16:06.000Z</time><extensions/></trkpt><trkpt lat="41.500002136453986" lon="-81.6046473942697"><ele>227.4000244140625</ele><time>2025-10-11T20:16:07.000Z</time><extensions/></trkpt><trkpt lat="41.500002136453986" lon="-81.6046473942697"><ele>227.4000244140625</ele><time>2025-10-11T20:16:08.000Z</time><extensions/></trkpt><trkpt lat="41.500002136453986" lon="-81.6046473942697"><ele>227.4000244140625</ele><time>2025-10-11T20:16:09.000Z</time><extensions/></trkpt><trkpt lat="41.500002136453986" lon="-81.6046473942697"><ele>227.4000244140625</ele><time>2025-10-11T20:16:10.000Z</time><extensions/></trkpt><trkpt lat="41.500002136453986" lon="-81.6046473942697"><ele>227.4000244140625</ele><time>2025-10-11T20:16:11.000Z</time><extensions/></trkpt><trkpt lat="41.500002136453986" lon="-81.6046473942697"><ele>227.4000244140625</ele><time>2025-10-11T20:16:12.000Z</time><extensions/></trkpt><trkpt lat="41.500002136453986" lon="-81.6046473942697"><ele>227.4000244140625</ele><time>2025-10-11T20:16:13.000Z</time><extensions/></trkpt><trkpt lat="41.500002136453986" lon="-81.6046473942697"><ele>227.4000244140625</ele><time>2025-10-11T20:16:14.000Z</time><extensions/></trkpt><trkpt lat="41.500002136453986" lon="-81.6046473942697"><ele>227.4000244140625</ele><time>2025-10-11T20:16:15.000Z</time><extensions/></trkpt><trkpt lat="41.500002136453986" lon="-81.6046473942697"><ele>227.4000244140625</ele><time>2025-10-11T20:16:16.000Z</time><extensions/></trkpt><trkpt lat="41.500002136453986" lon="-81.6046473942697"><ele>227.4000244140625</ele><time>2025-10-11T20:16:17.000Z</time><extensions/></trkpt><trkpt lat="41.500002136453986" lon="-81.6046473942697"><ele>227.4000244140625</ele><time>2025-10-11T20:16:18.000Z</time><extensions/></trkpt><trkpt lat="41.500002136453986" lon="-81.6046473942697"><ele>227.4000244140625</ele><time>2025-10-11T20:16:19.000Z</time><extensions/></trkpt><trkpt lat="41.500002136453986" lon="-81.6046473942697"><ele>227.4000244140625</ele><time>2025-10-11T20:16:20.000Z</time><extensions/></trkpt><trkpt lat="41.500002136453986" lon="-81.6046473942697"><ele>227.4000244140625</ele><time>2025-10-11T20:16:21.000Z</time><extensions/></trkpt><trkpt lat="41.500002136453986" lon="-81.6046473942697"><ele>227.4000244140625</ele><time>2025-10-11T20:16:22.000Z</time><extensions/></trkpt><trkpt lat="41.500002136453986" lon="-81.6046473942697"><ele>227.4000244140625</ele><time>2025-10-11T20:16:23.000Z</time><extensions/></trkpt><trkpt lat="41.500002136453986" lon="-81.6046473942697"><ele>227.4000244140625</ele><time>2025-10-11T20:16:24.000Z</time><extensions/></trkpt><trkpt lat="41.500002136453986" lon="-81.6046473942697"><ele>227.4000244140625</ele><time>2025-10-11T20:16:25.000Z</time><extensions/></trkpt><trkpt lat="41.500002136453986" lon="-81.6046473942697"><ele>227.4000244140625</ele><time>2025-10-11T20:16:26.000Z</time><extensions/></trkpt><trkpt lat="41.500002136453986" lon="-81.6046473942697"><ele>227.4000244140625</ele><time>2025-10-11T20:16:27.000Z</time><extensions/></trkpt><trkpt lat="41.500002136453986" lon="-81.6046473942697"><ele>227.4000244140625</ele><time>2025-10-11T20:16:28.000Z</time><extensions/></trkpt><trkpt lat="41.500002136453986" lon="-81.6046473942697"><ele>227.4000244140625</ele><time>2025-10-11T20:16:29.000Z</time><extensions/></trkpt><trkpt lat="41.500002136453986" lon="-81.6046473942697"><ele>227.4000244140625</ele><time>2025-10-11T20:16:30.000Z</time><extensions/></trkpt><trkpt lat="41.500002136453986" lon="-81.6046473942697"><ele>227.4000244140625</ele><time>2025-10-11T20:16:31.000Z</time><extensions/></trkpt><trkpt lat="41.500002136453986" lon="-81.6046473942697"><ele>227.4000244140625</ele><time>2025-10-11T20:16:32.000Z</time><extensions/></trkpt><trkpt lat="41.500002136453986" lon="-81.6046473942697"><ele>227.4000244140625</ele><time>2025-10-11T20:16:33.000Z</time><extensions/></trkpt><trkpt lat="41.500002136453986" lon="-81.6046473942697"><ele>227.4000244140625</ele><time>2025-10-11T20:16:34.000Z</time><extensions/></trkpt><trkpt lat="41.500002136453986" lon="-81.6046473942697"><ele>227.4000244140625</ele><time>2025-10-11T20:16:35.000Z</time><extensions/></trkpt><trkpt lat="41.500002136453986" lon="-81.6046473942697"><ele>227.4000244140625</ele><time>2025-10-11T20:16:36.000Z</time><extensions/></trkpt><trkpt lat="41.500002136453986" lon="-81.6046473942697"><ele>227.4000244140625</ele><time>2025-10-11T20:16:37.000Z</time><extensions/></trkpt><trkpt lat="41.500002136453986" lon="-81.6046473942697"><ele>227.4000244140625</ele><time>2025-10-11T20:16:38.000Z</time><extensions/></trkpt><trkpt lat="41.500002136453986" lon="-81.6046473942697"><ele>227.4000244140625</ele><time>2025-10-11T20:16:39.000Z</time><extensions/></trkpt><trkpt lat="41.500002136453986" lon="-81.6046473942697"><ele>227.4000244140625</ele><time>2025-10-11T20:16:40.000Z</time><extensions/></trkpt><trkpt lat="41.500002136453986" lon="-81.6046473942697"><ele>227.4000244140625</ele><time>2025-10-11T20:16:41.000Z</time><extensions/></trkpt><trkpt lat="41.500002136453986" lon="-81.6046473942697"><ele>227.4000244140625</ele><time>2025-10-11T20:16:42.000Z</time><extensions/></trkpt><trkpt lat="41.500002136453986" lon="-81.6046473942697"><ele>227.4000244140625</ele><time>2025-10-11T20:16:43.000Z</time><extensions/></trkpt><trkpt lat="41.500002136453986" lon="-81.6046473942697"><ele>227.4000244140625</ele><time>2025-10-11T20:16:44.000Z</time><extensions/></trkpt><trkpt lat="41.500002136453986" lon="-81.6046473942697"><ele>227.4000244140625</ele><time>2025-10-11T20:16:45.000Z</time><extensions/></trkpt><trkpt lat="41.500002136453986" lon="-81.6046473942697"><ele>227.4000244140625</ele><time>2025-10-11T20:16:46.000Z</time><extensions/></trkpt><trkpt lat="41.500002136453986" lon="-81.6046473942697"><ele>227.4000244140625</ele><time>2025-10-11T20:16:47.000Z</time><extensions/></trkpt><trkpt lat="41.500002136453986" lon="-81.6046473942697"><ele>227.4000244140625</ele><time>2025-10-11T20:16:48.000Z</time><extensions/></trkpt><trkpt lat="41.500002136453986" lon="-81.6046473942697"><ele>227.4000244140625</ele><time>2025-10-11T20:16:49.000Z</time><extensions/></trkpt><trkpt lat="41.500002136453986" lon="-81.6046473942697"><ele>227.4000244140625</ele><time>2025-10-11T20:16:50.000Z</time><extensions/></trkpt><trkpt lat="41.500002136453986" lon="-81.6046473942697"><ele>227.4000244140625</ele><time>2025-10-11T20:16:51.000Z</time><extensions/></trkpt><trkpt lat="41.500002136453986" lon="-81.6046473942697"><ele>227.4000244140625</ele><time>2025-10-11T20:16:52.000Z</time><extensions/></trkpt><trkpt lat="41.500002136453986" lon="-81.6046473942697"><ele>227.4000244140625</ele><time>2025-10-11T20:16:53.000Z</time><extensions/></trkpt><trkpt lat="41.500002136453986" lon="-81.6046473942697"><ele>227.4000244140625</ele><time>2025-10-11T20:16:54.000Z</time><extensions/></trkpt><trkpt lat="41.500002136453986" lon="-81.6046473942697"><ele>227.4000244140625</ele><time>2025-10-11T20:16:55.000Z</time><extensions/></trkpt><trkpt lat="41.500002136453986" lon="-81.6046473942697"><ele>227.4000244140625</ele><time>2025-10-11T20:16:56.000Z</time><extensions/></trkpt><trkpt lat="41.500002136453986" lon="-81.6046473942697"><ele>227.4000244140625</ele><time>2025-10-11T20:16:57.000Z</time><extensions/></trkpt><trkpt lat="41.500002136453986" lon="-81.6046473942697"><ele>227.4000244140625</ele><time>2025-10-11T20:16:58.000Z</time><extensions/></trkpt><trkpt lat="41.500002136453986" lon="-81.6046473942697"><ele>227.4000244140625</ele><time>2025-10-11T20:16:59.000Z</time><extensions/></trkpt><trkpt lat="41.500002136453986" lon="-81.6046473942697"><ele>227.4000244140625</ele><time>2025-10-11T20:17:00.000Z</time><extensions/></trkpt><trkpt lat="41.500002136453986" lon="-81.6046473942697"><ele>227.4000244140625</ele><time>2025-10-11T20:17:01.000Z</time><extensions/></trkpt><trkpt lat="41.500002136453986" lon="-81.6046473942697"><ele>227.4000244140625</ele><time>2025-10-11T20:17:02.000Z</time><extensions/></trkpt><trkpt lat="41.500002136453986" lon="-81.6046473942697"><ele>227.4000244140625</ele><time>2025-10-11T20:17:03.000Z</time><extensions/></trkpt><trkpt lat="41.500002136453986" lon="-81.6046473942697"><ele>227.4000244140625</ele><time>2025-10-11T20:17:04.000Z</time><extensions/></trkpt><trkpt lat="41.500002136453986" lon="-81.6046473942697"><ele>227.4000244140625</ele><time>2025-10-11T20:17:05.000Z</time><extensions/></trkpt><trkpt lat="41.500002136453986" lon="-81.6046473942697"><ele>227.4000244140625</ele><time>2025-10-11T20:17:06.000Z</time><extensions/></trkpt><trkpt lat="41.500002136453986" lon="-81.6046473942697"><ele>227.4000244140625</ele><time>2025-10-11T20:17:07.000Z</time><extensions/></trkpt><trkpt lat="41.500002136453986" lon="-81.6046473942697"><ele>227.4000244140625</ele><time>2025-10-11T20:17:08.000Z</time><extensions/></trkpt><trkpt lat="41.500002136453986" lon="-81.6046473942697"><ele>227.4000244140625</ele><time>2025-10-11T20:17:09.000Z</time><extensions/></trkpt><trkpt lat="41.500002136453986" lon="-81.6046473942697"><ele>227.4000244140625</ele><time>2025-10-11T20:17:10.000Z</time><extensions/></trkpt><trkpt lat="41.500002136453986" lon="-81.6046473942697"><ele>227.4000244140625</ele><time>2025-10-11T20:17:11.000Z</time><extensions/></trkpt><trkpt lat="41.500002136453986" lon="-81.6046473942697"><ele>227.4000244140625</ele><time>2025-10-11T20:17:12.000Z</time><extensions/></trkpt><trkpt lat="41.500002136453986" lon="-81.6046473942697"><ele>227.4000244140625</ele><time>2025-10-11T20:17:13.000Z</time><extensions/></trkpt><trkpt lat="41.500002136453986" lon="-81.6046473942697"><ele>227.4000244140625</ele><time>2025-10-11T20:17:14.000Z</time><extensions/></trkpt><trkpt lat="41.500002136453986" lon="-81.6046473942697"><ele>227.4000244140625</ele><time>2025-10-11T20:17:15.000Z</time><extensions/></trkpt><trkpt lat="41.500002136453986" lon="-81.6046473942697"><ele>227.4000244140625</ele><time>2025-10-11T20:17:16.000Z</time><extensions/></trkpt><trkpt lat="41.500002136453986" lon="-81.6046473942697"><ele>227.4000244140625</ele><time>2025-10-11T20:17:17.000Z</time><extensions/></trkpt><trkpt lat="41.500002136453986" lon="-81.6046473942697"><ele>227.4000244140625</ele><time>2025-10-11T20:17:18.000Z</time><extensions/></trkpt><trkpt lat="41.500002136453986" lon="-81.6046473942697"><ele>227.4000244140625</ele><time>2025-10-11T20:17:19.000Z</time><extensions/></trkpt><trkpt lat="41.500002136453986" lon="-81.6046473942697"><ele>227.4000244140625</ele><time>2025-10-11T20:17:20.000Z</time><extensions/></trkpt><trkpt lat="41.500002136453986" lon="-81.6046473942697"><ele>227.4000244140625</ele><time>2025-10-11T20:17:21.000Z</time><extensions/></trkpt><trkpt lat="41.500002136453986" lon="-81.6046473942697"><ele>227.4000244140625</ele><time>2025-10-11T20:17:22.000Z</time><extensions/></trkpt><trkpt lat="41.500002136453986" lon="-81.6046473942697"><ele>227.4000244140625</ele><time>2025-10-11T20:17:23.000Z</time><extensions/></trkpt><trkpt lat="41.500002136453986" lon="-81.6046473942697"><ele>227.4000244140625</ele><time>2025-10-11T20:17:24.000Z</time><extensions/></trkpt><trkpt lat="41.500002136453986" lon="-81.6046473942697"><ele>227.4000244140625</ele><time>2025-10-11T20:17:25.000Z</time><extensions/></trkpt><trkpt lat="41.500002136453986" lon="-81.6046473942697"><ele>227.4000244140625</ele><time>2025-10-11T20:17:26.000Z</time><extensions/></trkpt><trkpt lat="41.500002136453986" lon="-81.6046473942697"><ele>227.4000244140625</ele><time>2025-10-11T20:17:27.000Z</time><extensions/></trkpt><trkpt lat="41.500002136453986" lon="-81.6046473942697"><ele>227.4000244140625</ele><time>2025-10-11T20:17:28.000Z</time><extensions/></trkpt><trkpt lat="41.500002136453986" lon="-81.6046473942697"><ele>227.4000244140625</ele><time>2025-10-11T20:17:29.000Z</time><extensions/></trkpt><trkpt lat="41.500002136453986" lon="-81.6046473942697"><ele>227.4000244140625</ele><time>2025-10-11T20:17:30.000Z</time><extensions/></trkpt><trkpt lat="41.500002136453986" lon="-81.6046473942697"><ele>227.4000244140625</ele><time>2025-10-11T20:17:31.000Z</time><extensions/></trkpt><trkpt lat="41.500002136453986" lon="-81.6046473942697"><ele>227.4000244140625</ele><time>2025-10-11T20:17:32.000Z</time><extensions/></trkpt><trkpt lat="41.500002136453986" lon="-81.6046473942697"><ele>227.4000244140625</ele><time>2025-10-11T20:17:33.000Z</time><extensions/></trkpt><trkpt lat="41.500002136453986" lon="-81.6046473942697"><ele>227.4000244140625</ele><time>2025-10-11T20:17:34.000Z</time><extensions/></trkpt><trkpt lat="41.500002136453986" lon="-81.6046473942697"><ele>227.4000244140625</ele><time>2025-10-11T20:17:35.000Z</time><extensions/></trkpt><trkpt lat="41.500002136453986" lon="-81.6046473942697"><ele>227.4000244140625</ele><time>2025-10-11T20:17:36.000Z</time><extensions/></trkpt><trkpt lat="41.500002136453986" lon="-81.6046473942697"><ele>227.4000244140625</ele><time>2025-10-11T20:17:37.000Z</time><extensions/></trkpt><trkpt lat="41.500002136453986" lon="-81.6046473942697"><ele>227.4000244140625</ele><time>2025-10-11T20:17:38.000Z</time><extensions/></trkpt><trkpt lat="41.500002136453986" lon="-81.6046473942697"><ele>227.4000244140625</ele><time>2025-10-11T20:17:39.000Z</time><extensions/></trkpt><trkpt lat="41.500002136453986" lon="-81.6046473942697"><ele>227.4000244140625</ele><time>2025-10-11T20:17:40.000Z</time><extensions/></trkpt><trkpt lat="41.500002136453986" lon="-81.6046473942697"><ele>227.4000244140625</ele><time>2025-10-11T20:17:41.000Z</time><extensions/></trkpt><trkpt lat="41.500002136453986" lon="-81.6046473942697"><ele>227.4000244140625</ele><time>2025-10-11T20:17:42.000Z</time><extensions/></trkpt><trkpt lat="41.500002136453986" lon="-81.6046473942697"><ele>227.4000244140625</ele><time>2025-10-11T20:17:43.000Z</time><extensions/></trkpt><trkpt lat="41.500002136453986" lon="-81.6046473942697"><ele>227.4000244140625</ele><time>2025-10-11T20:17:44.000Z</time><extensions/></trkpt><trkpt lat="41.500002136453986" lon="-81.6046473942697"><ele>227.4000244140625</ele><time>2025-10-11T20:17:45.000Z</time><extensions/></trkpt><trkpt lat="41.500002136453986" lon="-81.6046473942697"><ele>227.4000244140625</ele><time>2025-10-11T20:17:46.000Z</time><extensions/></trkpt><trkpt lat="41.500002136453986" lon="-81.6046473942697"><ele>227.4000244140625</ele><time>2025-10-11T20:17:47.000Z</time><extensions/></trkpt><trkpt lat="41.500002136453986" lon="-81.6046473942697"><ele>227.4000244140625</ele><time>2025-10-11T20:17:48.000Z</time><extensions/></trkpt><trkpt lat="41.500002136453986" lon="-81.6046473942697"><ele>227.4000244140625</ele><time>2025-10-11T20:17:49.000Z</time><extensions/></trkpt><trkpt lat="41.500002136453986" lon="-81.6046473942697"><ele>227.4000244140625</ele><time>2025-10-11T20:17:50.000Z</time><extensions/></trkpt><trkpt lat="41.500002136453986" lon="-81.6046473942697"><ele>227.4000244140625</ele><time>2025-10-11T20:17:51.000Z</time><extensions/></trkpt><trkpt lat="41.500002136453986" lon="-81.6046473942697"><ele>227.4000244140625</ele><time>2025-10-11T20:17:52.000Z</time><extensions/></trkpt><trkpt lat="41.500002136453986" lon="-81.6046473942697"><ele>227.4000244140625</ele><time>2025-10-11T20:17:53.000Z</time><extensions/></trkpt><trkpt lat="41.500002136453986" lon="-81.6046473942697"><ele>227.4000244140625</ele><time>2025-10-11T20:17:54.000Z</time><extensions/></trkpt><trkpt lat="41.500002136453986" lon="-81.6046473942697"><ele>227.4000244140625</ele><time>2025-10-11T20:17:55.000Z</time><extensions/></trkpt><trkpt lat="41.500002136453986" lon="-81.6046473942697"><ele>227.4000244140625</ele><time>2025-10-11T20:17:56.000Z</time><extensions/></trkpt><trkpt lat="41.500002136453986" lon="-81.6046473942697"><ele>227.4000244140625</ele><time>2025-10-11T20:17:57.000Z</time><extensions/></trkpt><trkpt lat="41.500002136453986" lon="-81.6046473942697"><ele>227.4000244140625</ele><time>2025-10-11T20:17:58.000Z</time><extensions/></trkpt><trkpt lat="41.500002136453986" lon="-81.6046473942697"><ele>227.4000244140625</ele><time>2025-10-11T20:17:59.000Z</time><extensions/></trkpt><trkpt lat="41.500002136453986" lon="-81.6046473942697"><ele>227.4000244140625</ele><time>2025-10-11T20:18:00.000Z</time><extensions/></trkpt><trkpt lat="41.500002136453986" lon="-81.6046473942697"><ele>227.4000244140625</ele><time>2025-10-11T20:18:01.000Z</time><extensions/></trkpt><trkpt lat="41.500002136453986" lon="-81.6046473942697"><ele>227.4000244140625</ele><time>2025-10-11T20:18:02.000Z</time><extensions/></trkpt><trkpt lat="41.500002136453986" lon="-81.6046473942697"><ele>227.4000244140625</ele><time>2025-10-11T20:18:03.000Z</time><extensions/></trkpt><trkpt lat="41.500002136453986" lon="-81.6046473942697"><ele>227.4000244140625</ele><time>2025-10-11T20:18:04.000Z</time><extensions/></trkpt><trkpt lat="41.500002136453986" lon="-81.6046473942697"><ele>227.4000244140625</ele><time>2025-10-11T20:18:05.000Z</time><extensions/></trkpt><trkpt lat="41.500002136453986" lon="-81.6046473942697"><ele>227.4000244140625</ele><time>2025-10-11T20:18:06.000Z</time><extensions/></trkpt><trkpt lat="41.500002136453986" lon="-81.6046473942697"><ele>227.4000244140625</ele><time>2025-10-11T20:18:07.000Z</time><extensions/></trkpt><trkpt lat="41.500002136453986" lon="-81.6046473942697"><ele>227.4000244140625</ele><time>2025-10-11T20:18:08.000Z</time><extensions/></trkpt><trkpt lat="41.500002136453986" lon="-81.6046473942697"><ele>227.4000244140625</ele><time>2025-10-11T20:18:09.000Z</time><extensions/></trkpt><trkpt lat="41.500002136453986" lon="-81.6046473942697"><ele>227.4000244140625</ele><time>2025-10-11T20:18:10.000Z</time><extensions/></trkpt><trkpt lat="41.500002136453986" lon="-81.6046473942697"><ele>227.4000244140625</ele><time>2025-10-11T20:18:11.000Z</time><extensions/></trkpt><trkpt lat="41.500002136453986" lon="-81.6046473942697"><ele>227.4000244140625</ele><time>2025-10-11T20:18:12.000Z</time><extensions/></trkpt><trkpt lat="41.500002136453986" lon="-81.6046473942697"><ele>227.4000244140625</ele><time>2025-10-11T20:18:13.000Z</time><extensions/></trkpt><trkpt lat="41.500002136453986" lon="-81.6046473942697"><ele>227.4000244140625</ele><time>2025-10-11T20:18:14.000Z</time><extensions/></trkpt><trkpt lat="41.500002136453986" lon="-81.6046473942697"><ele>227.4000244140625</ele><time>2025-10-11T20:18:15.000Z</time><extensions/></trkpt><trkpt lat="41.500002136453986" lon="-81.6046473942697"><ele>227.4000244140625</ele><time>2025-10-11T20:18:16.000Z</time><extensions/></trkpt><trkpt lat="41.500002136453986" lon="-81.6046473942697"><ele>227.4000244140625</ele><time>2025-10-11T20:18:17.000Z</time><extensions/></trkpt><trkpt lat="41.500002136453986" lon="-81.6046473942697"><ele>227.4000244140625</ele><time>2025-10-11T20:18:18.000Z</time><extensions/></trkpt><trkpt lat="41.500002136453986" lon="-81.6046473942697"><ele>227.4000244140625</ele><time>2025-10-11T20:18:19.000Z</time><extensions/></trkpt><trkpt lat="41.500002136453986" lon="-81.6046473942697"><ele>227.4000244140625</ele><time>2025-10-11T20:18:20.000Z</time><extensions/></trkpt><trkpt lat="41.500002136453986" lon="-81.6046473942697"><ele>227.4000244140625</ele><time>2025-10-11T20:18:21.000Z</time><extensions/></trkpt><trkpt lat="41.500002136453986" lon="-81.6046473942697"><ele>227.4000244140625</ele><time>2025-10-11T20:18:22.000Z</time><extensions/></trkpt><trkpt lat="41.500002136453986" lon="-81.6046473942697"><ele>227.4000244140625</ele><time>2025-10-11T20:18:23.000Z</time><extensions/></trkpt><trkpt lat="41.500002136453986" lon="-81.6046473942697"><ele>227.4000244140625</ele><time>2025-10-11T20:18:24.000Z</time><extensions/></trkpt><trkpt lat="41.500002136453986" lon="-81.6046473942697"><ele>227.4000244140625</ele><time>2025-10-11T20:18:25.000Z</time><extensions/></trkpt><trkpt lat="41.500002136453986" lon="-81.6046473942697"><ele>227.4000244140625</ele><time>2025-10-11T20:18:26.000Z</time><extensions/></trkpt><trkpt lat="41.500002136453986" lon="-81.6046473942697"><ele>227.4000244140625</ele><time>2025-10-11T20:18:27.000Z</time><extensions/></trkpt><trkpt lat="41.500002136453986" lon="-81.6046473942697"><ele>227.4000244140625</ele><time>2025-10-11T20:18:28.000Z</time><extensions/></trkpt><trkpt lat="41.500002136453986" lon="-81.6046473942697"><ele>227.4000244140625</ele><time>2025-10-11T20:18:29.000Z</time><extensions/></trkpt><trkpt lat="41.500002136453986" lon="-81.6046473942697"><ele>227.4000244140625</ele><time>2025-10-11T20:18:30.000Z</time><extensions/></trkpt><trkpt lat="41.500002136453986" lon="-81.6046473942697"><ele>227.4000244140625</ele><time>2025-10-11T20:18:31.000Z</time><extensions/></trkpt><trkpt lat="41.500002136453986" lon="-81.6046473942697"><ele>227.4000244140625</ele><time>2025-10-11T20:18:32.000Z</time><extensions/></trkpt><trkpt lat="41.500002136453986" lon="-81.6046473942697"><ele>227.4000244140625</ele><time>2025-10-11T20:18:33.000Z</time><extensions/></trkpt><trkpt lat="41.500002136453986" lon="-81.6046473942697"><ele>227.4000244140625</ele><time>2025-10-11T20:18:34.000Z</time><extensions/></trkpt><trkpt lat="41.500002136453986" lon="-81.6046473942697"><ele>227.4000244140625</ele><time>2025-10-11T20:18:35.000Z</time><extensions/></trkpt><trkpt lat="41.500002136453986" lon="-81.6046473942697"><ele>227.4000244140625</ele><time>2025-10-11T20:18:36.000Z</time><extensions/></trkpt><trkpt lat="41.500002136453986" lon="-81.6046473942697"><ele>227.4000244140625</ele><time>2025-10-11T20:18:37.000Z</time><extensions/></trkpt><trkpt lat="41.500002136453986" lon="-81.6046473942697"><ele>227.4000244140625</ele><time>2025-10-11T20:18:38.000Z</time><extensions/></trkpt><trkpt lat="41.500002136453986" lon="-81.6046473942697"><ele>227.4000244140625</ele><time>2025-10-11T20:18:39.000Z</time><extensions/></trkpt><trkpt lat="41.500002136453986" lon="-81.6046473942697"><ele>227.4000244140625</ele><time>2025-10-11T20:18:40.000Z</time><extensions/></trkpt><trkpt lat="41.500002136453986" lon="-81.6046473942697"><ele>227.4000244140625</ele><time>2025-10-11T20:18:41.000Z</time><extensions/></trkpt><trkpt lat="41.500002136453986" lon="-81.6046473942697"><ele>227.4000244140625</ele><time>2025-10-11T20:18:42.000Z</time><extensions/></trkpt><trkpt lat="41.500002136453986" lon="-81.6046473942697"><ele>227.4000244140625</ele><time>2025-10-11T20:18:43.000Z</time><extensions/></trkpt><trkpt lat="41.500002136453986" lon="-81.6046473942697"><ele>227.4000244140625</ele><time>2025-10-11T20:18:44.000Z</time><extensions/></trkpt><trkpt lat="41.500002136453986" lon="-81.6046473942697"><ele>227.4000244140625</ele><time>2025-10-11T20:18:45.000Z</time><extensions/></trkpt><trkpt lat="41.500002136453986" lon="-81.6046473942697"><ele>227.4000244140625</ele><time>2025-10-11T20:18:46.000Z</time><extensions/></trkpt><trkpt lat="41.500002136453986" lon="-81.6046473942697"><ele>227.4000244140625</ele><time>2025-10-11T20:18:47.000Z</time><extensions/></trkpt><trkpt lat="41.500002136453986" lon="-81.6046473942697"><ele>227.4000244140625</ele><time>2025-10-11T20:18:48.000Z</time><extensions/></trkpt><trkpt lat="41.500002136453986" lon="-81.6046473942697"><ele>227.4000244140625</ele><time>2025-10-11T20:18:49.000Z</time><extensions/></trkpt><trkpt lat="41.500002136453986" lon="-81.6046473942697"><ele>227.4000244140625</ele><time>2025-10-11T20:18:50.000Z</time><extensions/></trkpt><trkpt lat="41.500002136453986" lon="-81.6046473942697"><ele>227.4000244140625</ele><time>2025-10-11T20:18:51.000Z</time><extensions/></trkpt><trkpt lat="41.500002136453986" lon="-81.6046473942697"><ele>227.4000244140625</ele><time>2025-10-11T20:18:52.000Z</time><extensions/></trkpt><trkpt lat="41.500002136453986" lon="-81.6046473942697"><ele>227.4000244140625</ele><time>2025-10-11T20:18:53.000Z</time><extensions/></trkpt><trkpt lat="41.500002136453986" lon="-81.6046473942697"><ele>227.4000244140625</ele><time>2025-10-11T20:18:54.000Z</time><extensions/></trkpt><trkpt lat="41.500002136453986" lon="-81.6046473942697"><ele>227.4000244140625</ele><time>2025-10-11T20:18:55.000Z</time><extensions/></trkpt><trkpt lat="41.500002136453986" lon="-81.6046473942697"><ele>227.4000244140625</ele><time>2025-10-11T20:18:56.000Z</time><extensions/></trkpt><trkpt lat="41.500002136453986" lon="-81.6046473942697"><ele>227.4000244140625</ele><time>2025-10-11T20:18:57.000Z</time><extensions/></trkpt><trkpt lat="41.500002136453986" lon="-81.6046473942697"><ele>227.4000244140625</ele><time>2025-10-11T20:18:58.000Z</time><extensions/></trkpt><trkpt lat="41.500002136453986" lon="-81.6046473942697"><ele>227.4000244140625</ele><time>2025-10-11T20:18:59.000Z</time><extensions/></trkpt><trkpt lat="41.500002136453986" lon="-81.6046473942697"><ele>227.4000244140625</ele><time>2025-10-11T20:19:00.000Z</time><extensions/></trkpt><trkpt lat="41.500002136453986" lon="-81.6046473942697"><ele>227.4000244140625</ele><time>2025-10-11T20:19:01.000Z</time><extensions/></trkpt><trkpt lat="41.500002136453986" lon="-81.6046473942697"><ele>227.4000244140625</ele><time>2025-10-11T20:19:02.000Z</time><extensions/></trkpt><trkpt lat="41.500002136453986" lon="-81.6046473942697"><ele>227.4000244140625</ele><time>2025-10-11T20:19:03.000Z</time><extensions/></trkpt><trkpt lat="41.500002136453986" lon="-81.6046473942697"><ele>227.4000244140625</ele><time>2025-10-11T20:19:04.000Z</time><extensions/></trkpt><trkpt lat="41.500002136453986" lon="-81.6046473942697"><ele>227.4000244140625</ele><time>2025-10-11T20:19:05.000Z</time><extensions/></trkpt><trkpt lat="41.500002136453986" lon="-81.6046473942697"><ele>227.4000244140625</ele><time>2025-10-11T20:19:06.000Z</time><extensions/></trkpt><trkpt lat="41.500002136453986" lon="-81.6046473942697"><ele>227.4000244140625</ele><time>2025-10-11T20:19:07.000Z</time><extensions/></trkpt><trkpt lat="41.500002136453986" lon="-81.6046473942697"><ele>227.4000244140625</ele><time>2025-10-11T20:19:08.000Z</time><extensions/></trkpt><trkpt lat="41.500002136453986" lon="-81.6046473942697"><ele>227.4000244140625</ele><time>2025-10-11T20:19:09.000Z</time><extensions/></trkpt><trkpt lat="41.500002136453986" lon="-81.6046473942697"><ele>227.4000244140625</ele><time>2025-10-11T20:19:10.000Z</time><extensions/></trkpt><trkpt lat="41.500002136453986" lon="-81.6046473942697"><ele>227.4000244140625</ele><time>2025-10-11T20:19:11.000Z</time><extensions/></trkpt><trkpt lat="41.500002136453986" lon="-81.6046473942697"><ele>227.4000244140625</ele><time>2025-10-11T20:19:12.000Z</time><extensions/></trkpt><trkpt lat="41.500002136453986" lon="-81.6046473942697"><ele>227.4000244140625</ele><time>2025-10-11T20:19:13.000Z</time><extensions/></trkpt><trkpt lat="41.500002136453986" lon="-81.6046473942697"><ele>227.4000244140625</ele><time>2025-10-11T20:19:14.000Z</time><extensions/></trkpt><trkpt lat="41.500002136453986" lon="-81.6046473942697"><ele>227.4000244140625</ele><time>2025-10-11T20:19:15.000Z</time><extensions/></trkpt><trkpt lat="41.500002136453986" lon="-81.6046473942697"><ele>227.4000244140625</ele><time>2025-10-11T20:19:16.000Z</time><extensions/></trkpt><trkpt lat="41.500002136453986" lon="-81.6046473942697"><ele>227.4000244140625</ele><time>2025-10-11T20:19:17.000Z</time><extensions/></trkpt><trkpt lat="41.500002136453986" lon="-81.6046473942697"><ele>227.4000244140625</ele><time>2025-10-11T20:19:18.000Z</time><extensions/></trkpt><trkpt lat="41.500002136453986" lon="-81.6046473942697"><ele>227.4000244140625</ele><time>2025-10-11T20:19:19.000Z</time><extensions/></trkpt><trkpt lat="41.500002136453986" lon="-81.6046473942697"><ele>227.4000244140625</ele><time>2025-10-11T20:19:20.000Z</time><extensions/></trkpt><trkpt lat="41.500002136453986" lon="-81.6046473942697"><ele>227.4000244140625</ele><time>2025-10-11T20:19:21.000Z</time><extensions/></trkpt><trkpt lat="41.500002136453986" lon="-81.6046473942697"><ele>227.4000244140625</ele><time>2025-10-11T20:19:22.000Z</time><extensions/></trkpt><trkpt lat="41.500002136453986" lon="-81.6046473942697"><ele>227.4000244140625</ele><time>2025-10-11T20:19:23.000Z</time><extensions/></trkpt><trkpt lat="41.500002136453986" lon="-81.6046473942697"><ele>227.4000244140625</ele><time>2025-10-11T20:19:24.000Z</time><extensions/></trkpt><trkpt lat="41.500002136453986" lon="-81.6046473942697"><ele>227.4000244140625</ele><time>2025-10-11T20:19:25.000Z</time><extensions/></trkpt><trkpt lat="41.500002136453986" lon="-81.6046473942697"><ele>227.4000244140625</ele><time>2025-10-11T20:19:26.000Z</time><extensions/></trkpt><trkpt lat="41.500002136453986" lon="-81.6046473942697"><ele>227.4000244140625</ele><time>2025-10-11T20:19:27.000Z</time><extensions/></trkpt><trkpt lat="41.500002136453986" lon="-81.6046473942697"><ele>227.4000244140625</ele><time>2025-10-11T20:19:28.000Z</time><extensions/></trkpt><trkpt lat="41.500002136453986" lon="-81.6046473942697"><ele>227.4000244140625</ele><time>2025-10-11T20:19:29.000Z</time><extensions/></trkpt><trkpt lat="41.500002136453986" lon="-81.6046473942697"><ele>227.4000244140625</ele><time>2025-10-11T20:19:30.000Z</time><extensions/></trkpt><trkpt lat="41.500002136453986" lon="-81.6046473942697"><ele>227.4000244140625</ele><time>2025-10-11T20:19:31.000Z</time><extensions/></trkpt><trkpt lat="41.500002136453986" lon="-81.6046473942697"><ele>227.4000244140625</ele><time>2025-10-11T20:19:32.000Z</time><extensions/></trkpt><trkpt lat="41.500002136453986" lon="-81.6046473942697"><ele>227.4000244140625</ele><time>2025-10-11T20:19:33.000Z</time><extensions/></trkpt><trkpt lat="41.500002136453986" lon="-81.6046473942697"><ele>227.4000244140625</ele><time>2025-10-11T20:19:34.000Z</time><extensions/></trkpt><trkpt lat="41.500002136453986" lon="-81.6046473942697"><ele>227.4000244140625</ele><time>2025-10-11T20:19:35.000Z</time><extensions/></trkpt><trkpt lat="41.500002136453986" lon="-81.6046473942697"><ele>227.4000244140625</ele><time>2025-10-11T20:19:36.000Z</time><extensions/></trkpt><trkpt lat="41.500002136453986" lon="-81.6046473942697"><ele>227.4000244140625</ele><time>2025-10-11T20:19:37.000Z</time><extensions/></trkpt><trkpt lat="41.500002136453986" lon="-81.6046473942697"><ele>227.4000244140625</ele><time>2025-10-11T20:19:38.000Z</time><extensions/></trkpt><trkpt lat="41.500002136453986" lon="-81.6046473942697"><ele>227.4000244140625</ele><time>2025-10-11T20:19:39.000Z</time><extensions/></trkpt><trkpt lat="41.500002136453986" lon="-81.6046473942697"><ele>227.4000244140625</ele><time>2025-10-11T20:19:40.000Z</time><extensions/></trkpt><trkpt lat="41.500002136453986" lon="-81.6046473942697"><ele>227.4000244140625</ele><time>2025-10-11T20:19:41.000Z</time><extensions/></trkpt><trkpt lat="41.500002136453986" lon="-81.6046473942697"><ele>227.4000244140625</ele><time>2025-10-11T20:19:42.000Z</time><extensions/></trkpt><trkpt lat="41.500002136453986" lon="-81.6046473942697"><ele>227.4000244140625</ele><time>2025-10-11T20:19:43.000Z</time><extensions/></trkpt><trkpt lat="41.500002136453986" lon="-81.6046473942697"><ele>227.4000244140625</ele><time>2025-10-11T20:19:44.000Z</time><extensions/></trkpt><trkpt lat="41.500002136453986" lon="-81.6046473942697"><ele>227.4000244140625</ele><time>2025-10-11T20:19:45.000Z</time><extensions/></trkpt><trkpt lat="41.500002136453986" lon="-81.6046473942697"><ele>227.4000244140625</ele><time>2025-10-11T20:19:46.000Z</time><extensions/></trkpt><trkpt lat="41.500002136453986" lon="-81.6046473942697"><ele>227.4000244140625</ele><time>2025-10-11T20:19:47.000Z</time><extensions/></trkpt><trkpt lat="41.500002136453986" lon="-81.6046473942697"><ele>227.4000244140625</ele><time>2025-10-11T20:19:48.000Z</time><extensions/></trkpt><trkpt lat="41.500002136453986" lon="-81.6046473942697"><ele>227.4000244140625</ele><time>2025-10-11T20:19:49.000Z</time><extensions/></trkpt><trkpt lat="41.500002136453986" lon="-81.6046473942697"><ele>227.4000244140625</ele><time>2025-10-11T20:19:50.000Z</time><extensions/></trkpt><trkpt lat="41.500002136453986" lon="-81.6046473942697"><ele>227.4000244140625</ele><time>2025-10-11T20:19:51.000Z</time><extensions/></trkpt><trkpt lat="41.500002136453986" lon="-81.6046473942697"><ele>227.4000244140625</ele><time>2025-10-11T20:19:52.000Z</time><extensions/></trkpt><trkpt lat="41.500002136453986" lon="-81.6046473942697"><ele>227.4000244140625</ele><time>2025-10-11T20:19:53.000Z</time><extensions/></trkpt><trkpt lat="41.500002136453986" lon="-81.6046473942697"><ele>227.4000244140625</ele><time>2025-10-11T20:19:54.000Z</time><extensions/></trkpt><trkpt lat="41.500002136453986" lon="-81.6046473942697"><ele>227.4000244140625</ele><time>2025-10-11T20:19:55.000Z</time><extensions/></trkpt><trkpt lat="41.500002136453986" lon="-81.6046473942697"><ele>227.4000244140625</ele><time>2025-10-11T20:19:56.000Z</time><extensions/></trkpt><trkpt lat="41.500002136453986" lon="-81.6046473942697"><ele>227.4000244140625</ele><time>2025-10-11T20:19:57.000Z</time><extensions/></trkpt><trkpt lat="41.500002136453986" lon="-81.6046473942697"><ele>227.4000244140625</ele><time>2025-10-11T20:19:58.000Z</time><extensions/></trkpt><trkpt lat="41.500002136453986" lon="-81.6046473942697"><ele>227.4000244140625</ele><time>2025-10-11T20:19:59.000Z</time><extensions/></trkpt><trkpt lat="41.500002136453986" lon="-81.6046473942697"><ele>227.4000244140625</ele><time>2025-10-11T20:20:00.000Z</time><extensions/></trkpt><trkpt lat="41.500002136453986" lon="-81.6046473942697"><ele>227.4000244140625</ele><time>2025-10-11T20:20:01.000Z</time><extensions/></trkpt><trkpt lat="41.500002136453986" lon="-81.6046473942697"><ele>227.4000244140625</ele><time>2025-10-11T20:20:02.000Z</time><extensions/></trkpt><trkpt lat="41.500002136453986" lon="-81.6046473942697"><ele>227.4000244140625</ele><time>2025-10-11T20:20:03.000Z</time><extensions/></trkpt><trkpt lat="41.500002136453986" lon="-81.6046473942697"><ele>227.4000244140625</ele><time>2025-10-11T20:20:04.000Z</time><extensions/></trkpt><trkpt lat="41.500002136453986" lon="-81.6046473942697"><ele>227.4000244140625</ele><time>2025-10-11T20:20:05.000Z</time><extensions/></trkpt><trkpt lat="41.500002136453986" lon="-81.6046473942697"><ele>227.4000244140625</ele><time>2025-10-11T20:20:06.000Z</time><extensions/></trkpt><trkpt lat="41.500002136453986" lon="-81.6046473942697"><ele>227.4000244140625</ele><time>2025-10-11T20:20:07.000Z</time><extensions/></trkpt><trkpt lat="41.500002136453986" lon="-81.6046473942697"><ele>227.4000244140625</ele><time>2025-10-11T20:20:08.000Z</time><extensions/></trkpt><trkpt lat="41.500002136453986" lon="-81.6046473942697"><ele>227.4000244140625</ele><time>2025-10-11T20:20:09.000Z</time><extensions/></trkpt><trkpt lat="41.500002136453986" lon="-81.6046473942697"><ele>227.4000244140625</ele><time>2025-10-11T20:20:10.000Z</time><extensions/></trkpt><trkpt lat="41.500002136453986" lon="-81.6046473942697"><ele>227.4000244140625</ele><time>2025-10-11T20:20:11.000Z</time><extensions/></trkpt><trkpt lat="41.500002136453986" lon="-81.6046473942697"><ele>227.4000244140625</ele><time>2025-10-11T20:20:12.000Z</time><extensions/></trkpt><trkpt lat="41.500002136453986" lon="-81.6046473942697"><ele>227.4000244140625</ele><time>2025-10-11T20:20:13.000Z</time><extensions/></trkpt><trkpt lat="41.500002136453986" lon="-81.6046473942697"><ele>227.4000244140625</ele><time>2025-10-11T20:20:14.000Z</time><extensions/></trkpt><trkpt lat="41.500002136453986" lon="-81.6046473942697"><ele>227.4000244140625</ele><time>2025-10-11T20:20:15.000Z</time><extensions/></trkpt><trkpt lat="41.500002136453986" lon="-81.6046473942697"><ele>227.4000244140625</ele><time>2025-10-11T20:20:16.000Z</time><extensions/></trkpt><trkpt lat="41.500002136453986" lon="-81.6046473942697"><ele>227.4000244140625</ele><time>2025-10-11T20:20:17.000Z</time><extensions/></trkpt><trkpt lat="41.500002136453986" lon="-81.6046473942697"><ele>227.4000244140625</ele><time>2025-10-11T20:20:18.000Z</time><extensions/></trkpt><trkpt lat="41.500002136453986" lon="-81.6046473942697"><ele>227.4000244140625</ele><time>2025-10-11T20:20:19.000Z</time><extensions/></trkpt><trkpt lat="41.500002136453986" lon="-81.6046473942697"><ele>227.4000244140625</ele><time>2025-10-11T20:20:20.000Z</time><extensions/></trkpt><trkpt lat="41.500002136453986" lon="-81.6046473942697"><ele>227.4000244140625</ele><time>2025-10-11T20:20:21.000Z</time><extensions/></trkpt><trkpt lat="41.500002136453986" lon="-81.6046473942697"><ele>227.4000244140625</ele><time>2025-10-11T20:20:22.000Z</time><extensions/></trkpt><trkpt lat="41.500002136453986" lon="-81.6046473942697"><ele>227.4000244140625</ele><time>2025-10-11T20:20:23.000Z</time><extensions/></trkpt><trkpt lat="41.500002136453986" lon="-81.6046473942697"><ele>227.4000244140625</ele><time>2025-10-11T20:20:24.000Z</time><extensions/></trkpt><trkpt lat="41.500002136453986" lon="-81.6046473942697"><ele>227.4000244140625</ele><time>2025-10-11T20:20:25.000Z</time><extensions/></trkpt><trkpt lat="41.500002136453986" lon="-81.6046473942697"><ele>227.4000244140625</ele><time>2025-10-11T20:20:26.000Z</time><extensions/></trkpt><trkpt lat="41.500002136453986" lon="-81.6046473942697"><ele>227.4000244140625</ele><time>2025-10-11T20:20:27.000Z</time><extensions/></trkpt><trkpt lat="41.500002136453986" lon="-81.6046473942697"><ele>227.4000244140625</ele><time>2025-10-11T20:20:28.000Z</time><extensions/></trkpt><trkpt lat="41.500002136453986" lon="-81.6046473942697"><ele>227.4000244140625</ele><time>2025-10-11T20:20:29.000Z</time><extensions/></trkpt><trkpt lat="41.500002136453986" lon="-81.6046473942697"><ele>227.4000244140625</ele><time>2025-10-11T20:20:30.000Z</time><extensions/></trkpt><trkpt lat="41.500002136453986" lon="-81.6046473942697"><ele>227.4000244140625</ele><time>2025-10-11T20:20:31.000Z</time><extensions/></trkpt><trkpt lat="41.500002136453986" lon="-81.6046473942697"><ele>227.4000244140625</ele><time>2025-10-11T20:20:32.000Z</time><extensions/></trkpt><trkpt lat="41.500002136453986" lon="-81.6046473942697"><ele>227.4000244140625</ele><time>2025-10-11T20:20:33.000Z</time><extensions/></trkpt><trkpt lat="41.500002136453986" lon="-81.6046473942697"><ele>227.4000244140625</ele><time>2025-10-11T20:20:34.000Z</time><extensions/></trkpt><trkpt lat="41.500002136453986" lon="-81.6046473942697"><ele>227.4000244140625</ele><time>2025-10-11T20:20:35.000Z</time><extensions/></trkpt><trkpt lat="41.500002136453986" lon="-81.6046473942697"><ele>227.4000244140625</ele><time>2025-10-11T20:20:36.000Z</time><extensions/></trkpt><trkpt lat="41.500002136453986" lon="-81.6046473942697"><ele>227.4000244140625</ele><time>2025-10-11T20:20:37.000Z</time><extensions/></trkpt><trkpt lat="41.500002136453986" lon="-81.6046473942697"><ele>227.4000244140625</ele><time>2025-10-11T20:20:38.000Z</time><extensions/></trkpt><trkpt lat="41.500002136453986" lon="-81.6046473942697"><ele>227.4000244140625</ele><time>2025-10-11T20:20:39.000Z</time><extensions/></trkpt><trkpt lat="41.500002136453986" lon="-81.6046473942697"><ele>227.4000244140625</ele><time>2025-10-11T20:20:40.000Z</time><extensions/></trkpt><trkpt lat="41.500002136453986" lon="-81.6046473942697"><ele>227.4000244140625</ele><time>2025-10-11T20:20:41.000Z</time><extensions/></trkpt><trkpt lat="41.500002136453986" lon="-81.6046473942697"><ele>227.4000244140625</ele><time>2025-10-11T20:20:42.000Z</time><extensions/></trkpt><trkpt lat="41.500002136453986" lon="-81.6046473942697"><ele>227.4000244140625</ele><time>2025-10-11T20:20:43.000Z</time><extensions/></trkpt><trkpt lat="41.500002136453986" lon="-81.6046473942697"><ele>227.4000244140625</ele><time>2025-10-11T20:20:44.000Z</time><extensions/></trkpt><trkpt lat="41.500002136453986" lon="-81.6046473942697"><ele>227.4000244140625</ele><time>2025-10-11T20:20:45.000Z</time><extensions/></trkpt><trkpt lat="41.500002136453986" lon="-81.6046473942697"><ele>227.4000244140625</ele><time>2025-10-11T20:20:46.000Z</time><extensions/></trkpt><trkpt lat="41.500002136453986" lon="-81.6046473942697"><ele>227.4000244140625</ele><time>2025-10-11T20:20:47.000Z</time><extensions/></trkpt><trkpt lat="41.500002136453986" lon="-81.6046473942697"><ele>227.4000244140625</ele><time>2025-10-11T20:20:48.000Z</time><extensions/></trkpt><trkpt lat="41.500002136453986" lon="-81.6046473942697"><ele>227.4000244140625</ele><time>2025-10-11T20:20:49.000Z</time><extensions/></trkpt><trkpt lat="41.500002136453986" lon="-81.6046473942697"><ele>227.4000244140625</ele><time>2025-10-11T20:20:50.000Z</time><extensions/></trkpt><trkpt lat="41.500002136453986" lon="-81.6046473942697"><ele>227.4000244140625</ele><time>2025-10-11T20:20:51.000Z</time><extensions/></trkpt><trkpt lat="41.500002136453986" lon="-81.6046473942697"><ele>227.4000244140625</ele><time>2025-10-11T20:20:52.000Z</time><extensions/></trkpt><trkpt lat="41.500002136453986" lon="-81.6046473942697"><ele>227.4000244140625</ele><time>2025-10-11T20:20:53.000Z</time><extensions/></trkpt><trkpt lat="41.500002136453986" lon="-81.6046473942697"><ele>227.4000244140625</ele><time>2025-10-11T20:20:54.000Z</time><extensions/></trkpt><trkpt lat="41.500002136453986" lon="-81.6046473942697"><ele>227.4000244140625</ele><time>2025-10-11T20:20:55.000Z</time><extensions/></trkpt><trkpt lat="41.500002136453986" lon="-81.6046473942697"><ele>227.4000244140625</ele><time>2025-10-11T20:20:56.000Z</time><extensions/></trkpt><trkpt lat="41.500002136453986" lon="-81.6046473942697"><ele>227.4000244140625</ele><time>2025-10-11T20:20:57.000Z</time><extensions/></trkpt><trkpt lat="41.500002136453986" lon="-81.6046473942697"><ele>227.4000244140625</ele><time>2025-10-11T20:20:58.000Z</time><extensions/></trkpt><trkpt lat="41.500002136453986" lon="-81.6046473942697"><ele>227.4000244140625</ele><time>2025-10-11T20:20:59.000Z</time><extensions/></trkpt><trkpt lat="41.500002136453986" lon="-81.6046473942697"><ele>227.4000244140625</ele><time>2025-10-11T20:21:00.000Z</time><extensions/></trkpt><trkpt lat="41.500002136453986" lon="-81.6046473942697"><ele>227.4000244140625</ele><time>2025-10-11T20:21:01.000Z</time><extensions/></trkpt><trkpt lat="41.500002136453986" lon="-81.6046473942697"><ele>227.4000244140625</ele><time>2025-10-11T20:21:02.000Z</time><extensions/></trkpt><trkpt lat="41.500002136453986" lon="-81.6046473942697"><ele>227.4000244140625</ele><time>2025-10-11T20:21:03.000Z</time><extensions/></trkpt><trkpt lat="41.500002136453986" lon="-81.6046473942697"><ele>227.4000244140625</ele><time>2025-10-11T20:21:04.000Z</time><extensions/></trkpt><trkpt lat="41.500002136453986" lon="-81.6046473942697"><ele>227.4000244140625</ele><time>2025-10-11T20:21:05.000Z</time><extensions/></trkpt><trkpt lat="41.500002136453986" lon="-81.6046473942697"><ele>227.4000244140625</ele><time>2025-10-11T20:21:06.000Z</time><extensions/></trkpt><trkpt lat="41.500002136453986" lon="-81.6046473942697"><ele>227.4000244140625</ele><time>2025-10-11T20:21:07.000Z</time><extensions/></trkpt><trkpt lat="41.500002136453986" lon="-81.6046473942697"><ele>227.4000244140625</ele><time>2025-10-11T20:21:08.000Z</time><extensions/></trkpt><trkpt lat="41.500002136453986" lon="-81.6046473942697"><ele>227.4000244140625</ele><time>2025-10-11T20:21:09.000Z</time><extensions/></trkpt><trkpt lat="41.500002136453986" lon="-81.6046473942697"><ele>227.4000244140625</ele><time>2025-10-11T20:21:10.000Z</time><extensions/></trkpt><trkpt lat="41.500002136453986" lon="-81.6046473942697"><ele>227.4000244140625</ele><time>2025-10-11T20:21:11.000Z</time><extensions/></trkpt><trkpt lat="41.500002136453986" lon="-81.6046473942697"><ele>227.4000244140625</ele><time>2025-10-11T20:21:12.000Z</time><extensions/></trkpt><trkpt lat="41.500002136453986" lon="-81.6046473942697"><ele>227.4000244140625</ele><time>2025-10-11T20:21:13.000Z</time><extensions/></trkpt><trkpt lat="41.500002136453986" lon="-81.6046473942697"><ele>227.4000244140625</ele><time>2025-10-11T20:21:14.000Z</time><extensions/></trkpt><trkpt lat="41.500002136453986" lon="-81.6046473942697"><ele>227.4000244140625</ele><time>2025-10-11T20:21:15.000Z</time><extensions/></trkpt><trkpt lat="41.500002136453986" lon="-81.6046473942697"><ele>227.4000244140625</ele><time>2025-10-11T20:21:16.000Z</time><extensions/></trkpt><trkpt lat="41.500002136453986" lon="-81.6046473942697"><ele>227.4000244140625</ele><time>2025-10-11T20:21:17.000Z</time><extensions/></trkpt><trkpt lat="41.500002136453986" lon="-81.6046473942697"><ele>227.4000244140625</ele><time>2025-10-11T20:21:18.000Z</time><extensions/></trkpt><trkpt lat="41.500002136453986" lon="-81.6046473942697"><ele>227.4000244140625</ele><time>2025-10-11T20:21:19.000Z</time><extensions/></trkpt><trkpt lat="41.500002136453986" lon="-81.6046473942697"><ele>227.4000244140625</ele><time>2025-10-11T20:21:20.000Z</time><extensions/></trkpt><trkpt lat="41.500002136453986" lon="-81.6046473942697"><ele>227.4000244140625</ele><time>2025-10-11T20:21:21.000Z</time><extensions/></trkpt><trkpt lat="41.500002136453986" lon="-81.6046473942697"><ele>227.4000244140625</ele><time>2025-10-11T20:21:22.000Z</time><extensions/></trkpt><trkpt lat="41.500002136453986" lon="-81.6046473942697"><ele>227.4000244140625</ele><time>2025-10-11T20:21:23.000Z</time><extensions/></trkpt><trkpt lat="41.500002136453986" lon="-81.6046473942697"><ele>227.4000244140625</ele><time>2025-10-11T20:21:24.000Z</time><extensions/></trkpt><trkpt lat="41.500002136453986" lon="-81.6046473942697"><ele>227.4000244140625</ele><time>2025-10-11T20:21:25.000Z</time><extensions/></trkpt><trkpt lat="41.500002136453986" lon="-81.6046473942697"><ele>227.4000244140625</ele><time>2025-10-11T20:21:26.000Z</time><extensions/></trkpt><trkpt lat="41.500002136453986" lon="-81.6046473942697"><ele>227.4000244140625</ele><time>2025-10-11T20:21:27.000Z</time><extensions/></trkpt><trkpt lat="41.500002136453986" lon="-81.6046473942697"><ele>227.4000244140625</ele><time>2025-10-11T20:21:28.000Z</time><extensions/></trkpt><trkpt lat="41.500002136453986" lon="-81.6046473942697"><ele>227.4000244140625</ele><time>2025-10-11T20:21:29.000Z</time><extensions/></trkpt><trkpt lat="41.500002136453986" lon="-81.6046473942697"><ele>227.4000244140625</ele><time>2025-10-11T20:21:30.000Z</time><extensions/></trkpt><trkpt lat="41.500002136453986" lon="-81.6046473942697"><ele>227.4000244140625</ele><time>2025-10-11T20:21:31.000Z</time><extensions/></trkpt><trkpt lat="41.500002136453986" lon="-81.6046473942697"><ele>227.4000244140625</ele><time>2025-10-11T20:21:32.000Z</time><extensions/></trkpt><trkpt lat="41.500002136453986" lon="-81.6046473942697"><ele>227.4000244140625</ele><time>2025-10-11T20:21:33.000Z</time><extensions/></trkpt><trkpt lat="41.500002136453986" lon="-81.6046473942697"><ele>227.4000244140625</ele><time>2025-10-11T20:21:34.000Z</time><extensions/></trkpt><trkpt lat="41.500002136453986" lon="-81.6046473942697"><ele>227.4000244140625</ele><time>2025-10-11T20:21:35.000Z</time><extensions/></trkpt><trkpt lat="41.500002136453986" lon="-81.6046473942697"><ele>227.4000244140625</ele><time>2025-10-11T20:21:36.000Z</time><extensions/></trkpt><trkpt lat="41.500002136453986" lon="-81.6046473942697"><ele>227.4000244140625</ele><time>2025-10-11T20:21:37.000Z</time><extensions/></trkpt><trkpt lat="41.500002136453986" lon="-81.6046473942697"><ele>227.4000244140625</ele><time>2025-10-11T20:21:38.000Z</time><extensions/></trkpt><trkpt lat="41.500002136453986" lon="-81.6046473942697"><ele>227.4000244140625</ele><time>2025-10-11T20:21:39.000Z</time><extensions/></trkpt><trkpt lat="41.500002136453986" lon="-81.6046473942697"><ele>227.4000244140625</ele><time>2025-10-11T20:21:40.000Z</time><extensions/></trkpt><trkpt lat="41.500002136453986" lon="-81.6046473942697"><ele>227.4000244140625</ele><time>2025-10-11T20:21:41.000Z</time><extensions/></trkpt><trkpt lat="41.500002136453986" lon="-81.6046473942697"><ele>227.4000244140625</ele><time>2025-10-11T20:21:42.000Z</time><extensions/></trkpt><trkpt lat="41.500002136453986" lon="-81.6046473942697"><ele>227.4000244140625</ele><time>2025-10-11T20:21:43.000Z</time><extensions/></trkpt><trkpt lat="41.500002136453986" lon="-81.6046473942697"><ele>227.4000244140625</ele><time>2025-10-11T20:21:44.000Z</time><extensions/></trkpt><trkpt lat="41.500002136453986" lon="-81.6046473942697"><ele>227.4000244140625</ele><time>2025-10-11T20:21:45.000Z</time><extensions/></trkpt><trkpt lat="41.500002136453986" lon="-81.6046473942697"><ele>227.4000244140625</ele><time>2025-10-11T20:21:46.000Z</time><extensions/></trkpt><trkpt lat="41.500002136453986" lon="-81.6046473942697"><ele>227.4000244140625</ele><time>2025-10-11T20:21:47.000Z</time><extensions/></trkpt><trkpt lat="41.500002136453986" lon="-81.6046473942697"><ele>227.4000244140625</ele><time>2025-10-11T20:21:48.000Z</time><extensions/></trkpt><trkpt lat="41.500002136453986" lon="-81.6046473942697"><ele>227.4000244140625</ele><time>2025-10-11T20:21:49.000Z</time><extensions/></trkpt><trkpt lat="41.500002136453986" lon="-81.6046473942697"><ele>227.4000244140625</ele><time>2025-10-11T20:21:50.000Z</time><extensions/></trkpt><trkpt lat="41.500002136453986" lon="-81.6046473942697"><ele>227.4000244140625</ele><time>2025-10-11T20:21:51.000Z</time><extensions/></trkpt><trkpt lat="41.500002136453986" lon="-81.6046473942697"><ele>227.4000244140625</ele><time>2025-10-11T20:21:52.000Z</time><extensions/></trkpt><trkpt lat="41.500002136453986" lon="-81.6046473942697"><ele>227.4000244140625</ele><time>2025-10-11T20:21:53.000Z</time><extensions/></trkpt><trkpt lat="41.500002136453986" lon="-81.6046473942697"><ele>227.4000244140625</ele><time>2025-10-11T20:21:54.000Z</time><extensions/></trkpt><trkpt lat="41.500002136453986" lon="-81.6046473942697"><ele>227.4000244140625</ele><time>2025-10-11T20:21:55.000Z</time><extensions/></trkpt><trkpt lat="41.500002136453986" lon="-81.6046473942697"><ele>227.4000244140625</ele><time>2025-10-11T20:21:56.000Z</time><extensions/></trkpt><trkpt lat="41.500002136453986" lon="-81.6046473942697"><ele>227.4000244140625</ele><time>2025-10-11T20:21:57.000Z</time><extensions/></trkpt><trkpt lat="41.500002136453986" lon="-81.6046473942697"><ele>227.4000244140625</ele><time>2025-10-11T20:21:58.000Z</time><extensions/></trkpt><trkpt lat="41.500002136453986" lon="-81.6046473942697"><ele>227.4000244140625</ele><time>2025-10-11T20:21:59.000Z</time><extensions/></trkpt><trkpt lat="41.500002136453986" lon="-81.6046473942697"><ele>227.4000244140625</ele><time>2025-10-11T20:22:00.000Z</time><extensions/></trkpt><trkpt lat="41.500002136453986" lon="-81.6046473942697"><ele>227.4000244140625</ele><time>2025-10-11T20:22:01.000Z</time><extensions/></trkpt><trkpt lat="41.500002136453986" lon="-81.6046473942697"><ele>227.4000244140625</ele><time>2025-10-11T20:22:02.000Z</time><extensions/></trkpt><trkpt lat="41.500002136453986" lon="-81.6046473942697"><ele>227.4000244140625</ele><time>2025-10-11T20:22:03.000Z</time><extensions/></trkpt><trkpt lat="41.500002136453986" lon="-81.6046473942697"><ele>227.4000244140625</ele><time>2025-10-11T20:22:04.000Z</time><extensions/></trkpt><trkpt lat="41.500002136453986" lon="-81.6046473942697"><ele>227.4000244140625</ele><time>2025-10-11T20:22:05.000Z</time><extensions/></trkpt><trkpt lat="41.500002136453986" lon="-81.6046473942697"><ele>227.4000244140625</ele><time>2025-10-11T20:22:06.000Z</time><extensions/></trkpt><trkpt lat="41.500002136453986" lon="-81.6046473942697"><ele>227.4000244140625</ele><time>2025-10-11T20:22:07.000Z</time><extensions/></trkpt><trkpt lat="41.500002136453986" lon="-81.6046473942697"><ele>227.4000244140625</ele><time>2025-10-11T20:22:08.000Z</time><extensions/></trkpt><trkpt lat="41.500002136453986" lon="-81.6046473942697"><ele>227.4000244140625</ele><time>2025-10-11T20:22:09.000Z</time><extensions/></trkpt><trkpt lat="41.500002136453986" lon="-81.6046473942697"><ele>227.4000244140625</ele><time>2025-10-11T20:22:10.000Z</time><extensions/></trkpt><trkpt lat="41.500002136453986" lon="-81.6046473942697"><ele>227.4000244140625</ele><time>2025-10-11T20:22:11.000Z</time><extensions/></trkpt><trkpt lat="41.500002136453986" lon="-81.6046473942697"><ele>227.4000244140625</ele><time>2025-10-11T20:22:12.000Z</time><extensions/></trkpt><trkpt lat="41.500002136453986" lon="-81.6046473942697"><ele>227.4000244140625</ele><time>2025-10-11T20:22:13.000Z</time><extensions/></trkpt><trkpt lat="41.500002136453986" lon="-81.6046473942697"><ele>227.4000244140625</ele><time>2025-10-11T20:22:14.000Z</time><extensions/></trkpt><trkpt lat="41.500002136453986" lon="-81.6046473942697"><ele>227.4000244140625</ele><time>2025-10-11T20:22:15.000Z</time><extensions/></trkpt><trkpt lat="41.500002136453986" lon="-81.6046473942697"><ele>227.4000244140625</ele><time>2025-10-11T20:22:16.000Z</time><extensions/></trkpt><trkpt lat="41.500002136453986" lon="-81.6046473942697"><ele>227.4000244140625</ele><time>2025-10-11T20:22:17.000Z</time><extensions/></trkpt><trkpt lat="41.500002136453986" lon="-81.6046473942697"><ele>227.4000244140625</ele><time>2025-10-11T20:22:18.000Z</time><extensions/></trkpt><trkpt lat="41.500002136453986" lon="-81.6046473942697"><ele>227.4000244140625</ele><time>2025-10-11T20:22:19.000Z</time><extensions/></trkpt><trkpt lat="41.500002136453986" lon="-81.6046473942697"><ele>227.4000244140625</ele><time>2025-10-11T20:22:20.000Z</time><extensions/></trkpt><trkpt lat="41.500002136453986" lon="-81.6046473942697"><ele>227.4000244140625</ele><time>2025-10-11T20:22:21.000Z</time><extensions/></trkpt><trkpt lat="41.500002136453986" lon="-81.6046473942697"><ele>227.4000244140625</ele><time>2025-10-11T20:22:22.000Z</time><extensions/></trkpt><trkpt lat="41.500002136453986" lon="-81.6046473942697"><ele>227.4000244140625</ele><time>2025-10-11T20:22:23.000Z</time><extensions/></trkpt><trkpt lat="41.500002136453986" lon="-81.6046473942697"><ele>227.4000244140625</ele><time>2025-10-11T20:22:24.000Z</time><extensions/></trkpt><trkpt lat="41.500002136453986" lon="-81.6046473942697"><ele>227.4000244140625</ele><time>2025-10-11T20:22:25.000Z</time><extensions/></trkpt><trkpt lat="41.500002136453986" lon="-81.6046473942697"><ele>227.4000244140625</ele><time>2025-10-11T20:22:26.000Z</time><extensions/></trkpt><trkpt lat="41.500002136453986" lon="-81.6046473942697"><ele>227.4000244140625</ele><time>2025-10-11T20:22:27.000Z</time><extensions/></trkpt><trkpt lat="41.500002136453986" lon="-81.6046473942697"><ele>227.4000244140625</ele><time>2025-10-11T20:22:28.000Z</time><extensions/></trkpt><trkpt lat="41.500002136453986" lon="-81.6046473942697"><ele>227.4000244140625</ele><time>2025-10-11T20:22:29.000Z</time><extensions/></trkpt><trkpt lat="41.500002136453986" lon="-81.6046473942697"><ele>227.4000244140625</ele><time>2025-10-11T20:22:30.000Z</time><extensions/></trkpt><trkpt lat="41.500002136453986" lon="-81.6046473942697"><ele>227.4000244140625</ele><time>2025-10-11T20:22:31.000Z</time><extensions/></trkpt><trkpt lat="41.500002136453986" lon="-81.6046473942697"><ele>227.4000244140625</ele><time>2025-10-11T20:22:32.000Z</time><extensions/></trkpt><trkpt lat="41.500002136453986" lon="-81.6046473942697"><ele>227.4000244140625</ele><time>2025-10-11T20:22:33.000Z</time><extensions/></trkpt><trkpt lat="41.500002136453986" lon="-81.6046473942697"><ele>227.4000244140625</ele><time>2025-10-11T20:22:34.000Z</time><extensions/></trkpt><trkpt lat="41.500002136453986" lon="-81.6046473942697"><ele>227.4000244140625</ele><time>2025-10-11T20:22:35.000Z</time><extensions/></trkpt><trkpt lat="41.500002136453986" lon="-81.6046473942697"><ele>227.4000244140625</ele><time>2025-10-11T20:22:36.000Z</time><extensions/></trkpt><trkpt lat="41.500002136453986" lon="-81.6046473942697"><ele>227.4000244140625</ele><time>2025-10-11T20:22:37.000Z</time><extensions/></trkpt><trkpt lat="41.500002136453986" lon="-81.6046473942697"><ele>227.4000244140625</ele><time>2025-10-11T20:22:38.000Z</time><extensions/></trkpt><trkpt lat="41.500002136453986" lon="-81.6046473942697"><ele>227.4000244140625</ele><time>2025-10-11T20:22:39.000Z</time><extensions/></trkpt><trkpt lat="41.500002136453986" lon="-81.6046473942697"><ele>227.4000244140625</ele><time>2025-10-11T20:22:40.000Z</time><extensions/></trkpt><trkpt lat="41.500002136453986" lon="-81.6046473942697"><ele>227.4000244140625</ele><time>2025-10-11T20:22:41.000Z</time><extensions/></trkpt><trkpt lat="41.500002136453986" lon="-81.6046473942697"><ele>227.4000244140625</ele><time>2025-10-11T20:22:42.000Z</time><extensions/></trkpt><trkpt lat="41.500002136453986" lon="-81.6046473942697"><ele>227.4000244140625</ele><time>2025-10-11T20:22:43.000Z</time><extensions/></trkpt><trkpt lat="41.500002136453986" lon="-81.6046473942697"><ele>227.4000244140625</ele><time>2025-10-11T20:22:44.000Z</time><extensions/></trkpt><trkpt lat="41.500002136453986" lon="-81.6046473942697"><ele>227.4000244140625</ele><time>2025-10-11T20:22:45.000Z</time><extensions/></trkpt><trkpt lat="41.500002136453986" lon="-81.6046473942697"><ele>227.4000244140625</ele><time>2025-10-11T20:22:46.000Z</time><extensions/></trkpt><trkpt lat="41.500002136453986" lon="-81.6046473942697"><ele>227.4000244140625</ele><time>2025-10-11T20:22:47.000Z</time><extensions/></trkpt><trkpt lat="41.500002136453986" lon="-81.6046473942697"><ele>227.4000244140625</ele><time>2025-10-11T20:22:48.000Z</time><extensions/></trkpt><trkpt lat="41.500002136453986" lon="-81.6046473942697"><ele>227.4000244140625</ele><time>2025-10-11T20:22:49.000Z</time><extensions/></trkpt><trkpt lat="41.500002136453986" lon="-81.6046473942697"><ele>227.4000244140625</ele><time>2025-10-11T20:22:50.000Z</time><extensions/></trkpt><trkpt lat="41.500002136453986" lon="-81.6046473942697"><ele>227.4000244140625</ele><time>2025-10-11T20:22:51.000Z</time><extensions/></trkpt><trkpt lat="41.500002136453986" lon="-81.6046473942697"><ele>227.4000244140625</ele><time>2025-10-11T20:22:52.000Z</time><extensions/></trkpt><trkpt lat="41.500002136453986" lon="-81.6046473942697"><ele>227.4000244140625</ele><time>2025-10-11T20:22:53.000Z</time><extensions/></trkpt><trkpt lat="41.500002136453986" lon="-81.6046473942697"><ele>227.4000244140625</ele><time>2025-10-11T20:22:54.000Z</time><extensions/></trkpt><trkpt lat="41.500002136453986" lon="-81.6046473942697"><ele>227.4000244140625</ele><time>2025-10-11T20:22:55.000Z</time><extensions/></trkpt><trkpt lat="41.500002136453986" lon="-81.6046473942697"><ele>227.4000244140625</ele><time>2025-10-11T20:22:56.000Z</time><extensions/></trkpt><trkpt lat="41.500002136453986" lon="-81.6046473942697"><ele>227.4000244140625</ele><time>2025-10-11T20:22:57.000Z</time><extensions/></trkpt><trkpt lat="41.500002136453986" lon="-81.6046473942697"><ele>227.4000244140625</ele><time>2025-10-11T20:22:58.000Z</time><extensions/></trkpt><trkpt lat="41.500002136453986" lon="-81.6046473942697"><ele>227.4000244140625</ele><time>2025-10-11T20:22:59.000Z</time><extensions/></trkpt><trkpt lat="41.500002136453986" lon="-81.6046473942697"><ele>227.4000244140625</ele><time>2025-10-11T20:23:00.000Z</time><extensions/></trkpt><trkpt lat="41.500002136453986" lon="-81.6046473942697"><ele>227.4000244140625</ele><time>2025-10-11T20:23:01.000Z</time><extensions/></trkpt><trkpt lat="41.500002136453986" lon="-81.6046473942697"><ele>227.4000244140625</ele><time>2025-10-11T20:23:02.000Z</time><extensions/></trkpt><trkpt lat="41.500002136453986" lon="-81.6046473942697"><ele>227.4000244140625</ele><time>2025-10-11T20:23:03.000Z</time><extensions/></trkpt><trkpt lat="41.500002136453986" lon="-81.6046473942697"><ele>227.4000244140625</ele><time>2025-10-11T20:23:04.000Z</time><extensions/></trkpt><trkpt lat="41.500002136453986" lon="-81.6046473942697"><ele>227.4000244140625</ele><time>2025-10-11T20:23:05.000Z</time><extensions/></trkpt><trkpt lat="41.500002136453986" lon="-81.6046473942697"><ele>227.4000244140625</ele><time>2025-10-11T20:23:06.000Z</time><extensions/></trkpt><trkpt lat="41.500002136453986" lon="-81.6046473942697"><ele>227.4000244140625</ele><time>2025-10-11T20:23:07.000Z</time><extensions/></trkpt><trkpt lat="41.500002136453986" lon="-81.6046473942697"><ele>227.4000244140625</ele><time>2025-10-11T20:23:08.000Z</time><extensions/></trkpt><trkpt lat="41.500002136453986" lon="-81.6046473942697"><ele>227.4000244140625</ele><time>2025-10-11T20:23:09.000Z</time><extensions/></trkpt><trkpt lat="41.500002136453986" lon="-81.6046473942697"><ele>227.4000244140625</ele><time>2025-10-11T20:23:10.000Z</time><extensions/></trkpt><trkpt lat="41.500002136453986" lon="-81.6046473942697"><ele>227.4000244140625</ele><time>2025-10-11T20:23:11.000Z</time><extensions/></trkpt><trkpt lat="41.500002136453986" lon="-81.6046473942697"><ele>227.4000244140625</ele><time>2025-10-11T20:23:12.000Z</time><extensions/></trkpt><trkpt lat="41.500002136453986" lon="-81.6046473942697"><ele>227.4000244140625</ele><time>2025-10-11T20:23:13.000Z</time><extensions/></trkpt><trkpt lat="41.500002136453986" lon="-81.6046473942697"><ele>227.4000244140625</ele><time>2025-10-11T20:23:14.000Z</time><extensions/></trkpt><trkpt lat="41.500002136453986" lon="-81.6046473942697"><ele>227.4000244140625</ele><time>2025-10-11T20:23:15.000Z</time><extensions/></trkpt><trkpt lat="41.500002136453986" lon="-81.6046473942697"><ele>227.4000244140625</ele><time>2025-10-11T20:23:16.000Z</time><extensions/></trkpt><trkpt lat="41.500002136453986" lon="-81.6046473942697"><ele>227.4000244140625</ele><time>2025-10-11T20:23:17.000Z</time><extensions/></trkpt><trkpt lat="41.500002136453986" lon="-81.6046473942697"><ele>227.4000244140625</ele><time>2025-10-11T20:23:18.000Z</time><extensions/></trkpt><trkpt lat="41.500002136453986" lon="-81.6046473942697"><ele>227.4000244140625</ele><time>2025-10-11T20:23:19.000Z</time><extensions/></trkpt><trkpt lat="41.500002136453986" lon="-81.6046473942697"><ele>227.4000244140625</ele><time>2025-10-11T20:23:20.000Z</time><extensions/></trkpt><trkpt lat="41.500002136453986" lon="-81.6046473942697"><ele>227.4000244140625</ele><time>2025-10-11T20:23:21.000Z</time><extensions/></trkpt><trkpt lat="41.500002136453986" lon="-81.6046473942697"><ele>227.4000244140625</ele><time>2025-10-11T20:23:22.000Z</time><extensions/></trkpt><trkpt lat="41.500002136453986" lon="-81.6046473942697"><ele>227.4000244140625</ele><time>2025-10-11T20:23:23.000Z</time><extensions/></trkpt><trkpt lat="41.500002136453986" lon="-81.6046473942697"><ele>227.4000244140625</ele><time>2025-10-11T20:23:24.000Z</time><extensions/></trkpt><trkpt lat="41.500002136453986" lon="-81.6046473942697"><ele>227.4000244140625</ele><time>2025-10-11T20:23:25.000Z</time><extensions/></trkpt><trkpt lat="41.500002136453986" lon="-81.6046473942697"><ele>227.4000244140625</ele><time>2025-10-11T20:23:26.000Z</time><extensions/></trkpt><trkpt lat="41.500002136453986" lon="-81.6046473942697"><ele>227.4000244140625</ele><time>2025-10-11T20:23:27.000Z</time><extensions/></trkpt><trkpt lat="41.500002136453986" lon="-81.6046473942697"><ele>227.4000244140625</ele><time>2025-10-11T20:23:28.000Z</time><extensions/></trkpt><trkpt lat="41.500002136453986" lon="-81.6046473942697"><ele>227.4000244140625</ele><time>2025-10-11T20:23:29.000Z</time><extensions/></trkpt><trkpt lat="41.500002136453986" lon="-81.6046473942697"><ele>227.4000244140625</ele><time>2025-10-11T20:23:30.000Z</time><extensions/></trkpt><trkpt lat="41.500002136453986" lon="-81.6046473942697"><ele>227.4000244140625</ele><time>2025-10-11T20:23:31.000Z</time><extensions/></trkpt><trkpt lat="41.500002136453986" lon="-81.6046473942697"><ele>227.4000244140625</ele><time>2025-10-11T20:23:32.000Z</time><extensions/></trkpt><trkpt lat="41.500002136453986" lon="-81.6046473942697"><ele>227.4000244140625</ele><time>2025-10-11T20:23:33.000Z</time><extensions/></trkpt><trkpt lat="41.500002136453986" lon="-81.6046473942697"><ele>227.4000244140625</ele><time>2025-10-11T20:23:34.000Z</time><extensions/></trkpt><trkpt lat="41.500002136453986" lon="-81.6046473942697"><ele>227.4000244140625</ele><time>2025-10-11T20:23:35.000Z</time><extensions/></trkpt><trkpt lat="41.500002136453986" lon="-81.6046473942697"><ele>227.4000244140625</ele><time>2025-10-11T20:23:36.000Z</time><extensions/></trkpt><trkpt lat="41.500002136453986" lon="-81.6046473942697"><ele>227.4000244140625</ele><time>2025-10-11T20:23:37.000Z</time><extensions/></trkpt><trkpt lat="41.500002136453986" lon="-81.6046473942697"><ele>227.4000244140625</ele><time>2025-10-11T20:23:38.000Z</time><extensions/></trkpt><trkpt lat="41.500002136453986" lon="-81.6046473942697"><ele>227.4000244140625</ele><time>2025-10-11T20:23:39.000Z</time><extensions/></trkpt><trkpt lat="41.500002136453986" lon="-81.6046473942697"><ele>227.4000244140625</ele><time>2025-10-11T20:23:40.000Z</time><extensions/></trkpt><trkpt lat="41.500002136453986" lon="-81.6046473942697"><ele>227.4000244140625</ele><time>2025-10-11T20:23:41.000Z</time><extensions/></trkpt><trkpt lat="41.500002136453986" lon="-81.6046473942697"><ele>227.4000244140625</ele><time>2025-10-11T20:23:42.000Z</time><extensions/></trkpt><trkpt lat="41.500002136453986" lon="-81.6046473942697"><ele>227.4000244140625</ele><time>2025-10-11T20:23:43.000Z</time><extensions/></trkpt><trkpt lat="41.500002136453986" lon="-81.6046473942697"><ele>227.4000244140625</ele><time>2025-10-11T20:23:44.000Z</time><extensions/></trkpt><trkpt lat="41.500002136453986" lon="-81.6046473942697"><ele>227.4000244140625</ele><time>2025-10-11T20:23:45.000Z</time><extensions/></trkpt><trkpt lat="41.500002136453986" lon="-81.6046473942697"><ele>227.4000244140625</ele><time>2025-10-11T20:23:46.000Z</time><extensions/></trkpt><trkpt lat="41.500002136453986" lon="-81.6046473942697"><ele>227.4000244140625</ele><time>2025-10-11T20:23:47.000Z</time><extensions/></trkpt><trkpt lat="41.500002136453986" lon="-81.6046473942697"><ele>227.4000244140625</ele><time>2025-10-11T20:23:48.000Z</time><extensions/></trkpt><trkpt lat="41.500002136453986" lon="-81.6046473942697"><ele>227.4000244140625</ele><time>2025-10-11T20:23:49.000Z</time><extensions/></trkpt><trkpt lat="41.500002136453986" lon="-81.6046473942697"><ele>227.4000244140625</ele><time>2025-10-11T20:23:50.000Z</time><extensions/></trkpt><trkpt lat="41.500002136453986" lon="-81.6046473942697"><ele>227.4000244140625</ele><time>2025-10-11T20:23:51.000Z</time><extensions/></trkpt><trkpt lat="41.500002136453986" lon="-81.6046473942697"><ele>227.4000244140625</ele><time>2025-10-11T20:23:52.000Z</time><extensions/></trkpt><trkpt lat="41.500002136453986" lon="-81.6046473942697"><ele>227.4000244140625</ele><time>2025-10-11T20:23:53.000Z</time><extensions/></trkpt><trkpt lat="41.500002136453986" lon="-81.6046473942697"><ele>227.4000244140625</ele><time>2025-10-11T20:23:54.000Z</time><extensions/></trkpt><trkpt lat="41.500002136453986" lon="-81.6046473942697"><ele>227.4000244140625</ele><time>2025-10-11T20:23:55.000Z</time><extensions/></trkpt><trkpt lat="41.500002136453986" lon="-81.6046473942697"><ele>227.4000244140625</ele><time>2025-10-11T20:23:56.000Z</time><extensions/></trkpt><trkpt lat="41.500002136453986" lon="-81.6046473942697"><ele>227.4000244140625</ele><time>2025-10-11T20:23:57.000Z</time><extensions/></trkpt><trkpt lat="41.500002136453986" lon="-81.6046473942697"><ele>227.4000244140625</ele><time>2025-10-11T20:23:58.000Z</time><extensions/></trkpt><trkpt lat="41.500002136453986" lon="-81.6046473942697"><ele>227.4000244140625</ele><time>2025-10-11T20:23:59.000Z</time><extensions/></trkpt><trkpt lat="41.500002136453986" lon="-81.6046473942697"><ele>227.4000244140625</ele><time>2025-10-11T20:24:00.000Z</time><extensions/></trkpt><trkpt lat="41.500002136453986" lon="-81.6046473942697"><ele>227.4000244140625</ele><time>2025-10-11T20:24:01.000Z</time><extensions/></trkpt><trkpt lat="41.500002136453986" lon="-81.6046473942697"><ele>227.4000244140625</ele><time>2025-10-11T20:24:02.000Z</time><extensions/></trkpt><trkpt lat="41.500002136453986" lon="-81.6046473942697"><ele>227.4000244140625</ele><time>2025-10-11T20:24:03.000Z</time><extensions/></trkpt><trkpt lat="41.500002136453986" lon="-81.6046473942697"><ele>227.4000244140625</ele><time>2025-10-11T20:24:04.000Z</time><extensions/></trkpt><trkpt lat="41.500002136453986" lon="-81.6046473942697"><ele>227.4000244140625</ele><time>2025-10-11T20:24:05.000Z</time><extensions/></trkpt><trkpt lat="41.500002136453986" lon="-81.6046473942697"><ele>227.4000244140625</ele><time>2025-10-11T20:24:06.000Z</time><extensions/></trkpt><trkpt lat="41.500002136453986" lon="-81.6046473942697"><ele>227.4000244140625</ele><time>2025-10-11T20:24:07.000Z</time><extensions/></trkpt><trkpt lat="41.500002136453986" lon="-81.6046473942697"><ele>227.4000244140625</ele><time>2025-10-11T20:24:08.000Z</time><extensions/></trkpt><trkpt lat="41.500002136453986" lon="-81.6046473942697"><ele>227.4000244140625</ele><time>2025-10-11T20:24:09.000Z</time><extensions/></trkpt><trkpt lat="41.500002136453986" lon="-81.6046473942697"><ele>227.4000244140625</ele><time>2025-10-11T20:24:10.000Z</time><extensions/></trkpt><trkpt lat="41.500002136453986" lon="-81.6046473942697"><ele>227.4000244140625</ele><time>2025-10-11T20:24:11.000Z</time><extensions/></trkpt><trkpt lat="41.500002136453986" lon="-81.6046473942697"><ele>227.4000244140625</ele><time>2025-10-11T20:24:12.000Z</time><extensions/></trkpt><trkpt lat="41.500002136453986" lon="-81.6046473942697"><ele>227.4000244140625</ele><time>2025-10-11T20:24:13.000Z</time><extensions/></trkpt><trkpt lat="41.500002136453986" lon="-81.6046473942697"><ele>227.4000244140625</ele><time>2025-10-11T20:24:14.000Z</time><extensions/></trkpt><trkpt lat="41.500002136453986" lon="-81.6046473942697"><ele>227.4000244140625</ele><time>2025-10-11T20:24:15.000Z</time><extensions/></trkpt><trkpt lat="41.500002136453986" lon="-81.6046473942697"><ele>227.4000244140625</ele><time>2025-10-11T20:24:16.000Z</time><extensions/></trkpt><trkpt lat="41.500002136453986" lon="-81.6046473942697"><ele>227.4000244140625</ele><time>2025-10-11T20:24:17.000Z</time><extensions/></trkpt><trkpt lat="41.500002136453986" lon="-81.6046473942697"><ele>227.4000244140625</ele><time>2025-10-11T20:24:18.000Z</time><extensions/></trkpt><trkpt lat="41.500002136453986" lon="-81.6046473942697"><ele>227.4000244140625</ele><time>2025-10-11T20:24:19.000Z</time><extensions/></trkpt><trkpt lat="41.500002136453986" lon="-81.6046473942697"><ele>227.4000244140625</ele><time>2025-10-11T20:24:20.000Z</time><extensions/></trkpt><trkpt lat="41.500002136453986" lon="-81.6046473942697"><ele>227.4000244140625</ele><time>2025-10-11T20:24:21.000Z</time><extensions/></trkpt><trkpt lat="41.500002136453986" lon="-81.6046473942697"><ele>227.4000244140625</ele><time>2025-10-11T20:24:22.000Z</time><extensions/></trkpt><trkpt lat="41.500002136453986" lon="-81.6046473942697"><ele>227.4000244140625</ele><time>2025-10-11T20:24:23.000Z</time><extensions/></trkpt><trkpt lat="41.500002136453986" lon="-81.6046473942697"><ele>227.4000244140625</ele><time>2025-10-11T20:24:24.000Z</time><extensions/></trkpt><trkpt lat="41.500002136453986" lon="-81.6046473942697"><ele>227.4000244140625</ele><time>2025-10-11T20:24:25.000Z</time><extensions/></trkpt><trkpt lat="41.500002136453986" lon="-81.6046473942697"><ele>227.4000244140625</ele><time>2025-10-11T20:24:26.000Z</time><extensions/></trkpt><trkpt lat="41.500002136453986" lon="-81.6046473942697"><ele>227.4000244140625</ele><time>2025-10-11T20:24:27.000Z</time><extensions/></trkpt><trkpt lat="41.500002136453986" lon="-81.6046473942697"><ele>227.4000244140625</ele><time>2025-10-11T20:24:28.000Z</time><extensions/></trkpt><trkpt lat="41.500002136453986" lon="-81.6046473942697"><ele>227.4000244140625</ele><time>2025-10-11T20:24:29.000Z</time><extensions/></trkpt><trkpt lat="41.500002136453986" lon="-81.6046473942697"><ele>227.4000244140625</ele><time>2025-10-11T20:24:30.000Z</time><extensions/></trkpt><trkpt lat="41.500002136453986" lon="-81.6046473942697"><ele>227.4000244140625</ele><time>2025-10-11T20:24:31.000Z</time><extensions/></trkpt><trkpt lat="41.500002136453986" lon="-81.6046473942697"><ele>227.4000244140625</ele><time>2025-10-11T20:24:32.000Z</time><extensions/></trkpt><trkpt lat="41.500002136453986" lon="-81.6046473942697"><ele>227.4000244140625</ele><time>2025-10-11T20:24:33.000Z</time><extensions/></trkpt><trkpt lat="41.500002136453986" lon="-81.6046473942697"><ele>227.4000244140625</ele><time>2025-10-11T20:24:34.000Z</time><extensions/></trkpt><trkpt lat="41.500002136453986" lon="-81.6046473942697"><ele>227.4000244140625</ele><time>2025-10-11T20:24:35.000Z</time><extensions/></trkpt><trkpt lat="41.500002136453986" lon="-81.6046473942697"><ele>227.4000244140625</ele><time>2025-10-11T20:24:36.000Z</time><extensions/></trkpt><trkpt lat="41.500002136453986" lon="-81.6046473942697"><ele>227.4000244140625</ele><time>2025-10-11T20:24:37.000Z</time><extensions/></trkpt><trkpt lat="41.500002136453986" lon="-81.6046473942697"><ele>227.4000244140625</ele><time>2025-10-11T20:24:38.000Z</time><extensions/></trkpt><trkpt lat="41.500002136453986" lon="-81.6046473942697"><ele>227.4000244140625</ele><time>2025-10-11T20:24:39.000Z</time><extensions/></trkpt><trkpt lat="41.500002136453986" lon="-81.6046473942697"><ele>227.4000244140625</ele><time>2025-10-11T20:24:40.000Z</time><extensions/></trkpt><trkpt lat="41.500002136453986" lon="-81.6046473942697"><ele>227.4000244140625</ele><time>2025-10-11T20:24:41.000Z</time><extensions/></trkpt><trkpt lat="41.500002136453986" lon="-81.6046473942697"><ele>227.4000244140625</ele><time>2025-10-11T20:24:42.000Z</time><extensions/></trkpt><trkpt lat="41.500002136453986" lon="-81.6046473942697"><ele>227.4000244140625</ele><time>2025-10-11T20:24:43.000Z</time><extensions/></trkpt><trkpt lat="41.500002136453986" lon="-81.6046473942697"><ele>227.4000244140625</ele><time>2025-10-11T20:24:44.000Z</time><extensions/></trkpt><trkpt lat="41.500002136453986" lon="-81.6046473942697"><ele>227.4000244140625</ele><time>2025-10-11T20:24:45.000Z</time><extensions/></trkpt><trkpt lat="41.500002136453986" lon="-81.6046473942697"><ele>227.4000244140625</ele><time>2025-10-11T20:24:46.000Z</time><extensions/></trkpt><trkpt lat="41.500002136453986" lon="-81.6046473942697"><ele>227.4000244140625</ele><time>2025-10-11T20:24:47.000Z</time><extensions/></trkpt><trkpt lat="41.500002136453986" lon="-81.6046473942697"><ele>227.4000244140625</ele><time>2025-10-11T20:24:48.000Z</time><extensions/></trkpt><trkpt lat="41.500002136453986" lon="-81.6046473942697"><ele>227.4000244140625</ele><time>2025-10-11T20:24:49.000Z</time><extensions/></trkpt><trkpt lat="41.500002136453986" lon="-81.6046473942697"><ele>227.4000244140625</ele><time>2025-10-11T20:24:50.000Z</time><extensions/></trkpt><trkpt lat="41.500002136453986" lon="-81.6046473942697"><ele>227.4000244140625</ele><time>2025-10-11T20:24:51.000Z</time><extensions/></trkpt><trkpt lat="41.500002136453986" lon="-81.6046473942697"><ele>227.4000244140625</ele><time>2025-10-11T20:24:52.000Z</time><extensions/></trkpt><trkpt lat="41.500002136453986" lon="-81.6046473942697"><ele>227.4000244140625</ele><time>2025-10-11T20:24:53.000Z</time><extensions/></trkpt><trkpt lat="41.500002136453986" lon="-81.6046473942697"><ele>227.4000244140625</ele><time>2025-10-11T20:24:54.000Z</time><extensions/></trkpt><trkpt lat="41.500002136453986" lon="-81.6046473942697"><ele>227.4000244140625</ele><time>2025-10-11T20:24:55.000Z</time><extensions/></trkpt><trkpt lat="41.500002136453986" lon="-81.6046473942697"><ele>227.4000244140625</ele><time>2025-10-11T20:24:56.000Z</time><extensions/></trkpt><trkpt lat="41.500002136453986" lon="-81.6046473942697"><ele>227.4000244140625</ele><time>2025-10-11T20:24:57.000Z</time><extensions/></trkpt><trkpt lat="41.500002136453986" lon="-81.6046473942697"><ele>227.4000244140625</ele><time>2025-10-11T20:24:58.000Z</time><extensions/></trkpt><trkpt lat="41.500002136453986" lon="-81.6046473942697"><ele>227.4000244140625</ele><time>2025-10-11T20:24:59.000Z</time><extensions/></trkpt><trkpt lat="41.500002136453986" lon="-81.6046473942697"><ele>227.4000244140625</ele><time>2025-10-11T20:25:00.000Z</time><extensions/></trkpt><trkpt lat="41.500002136453986" lon="-81.6046473942697"><ele>227.4000244140625</ele><time>2025-10-11T20:25:01.000Z</time><extensions/></trkpt><trkpt lat="41.500002136453986" lon="-81.6046473942697"><ele>227.4000244140625</ele><time>2025-10-11T20:25:02.000Z</time><extensions/></trkpt><trkpt lat="41.500002136453986" lon="-81.6046473942697"><ele>227.4000244140625</ele><time>2025-10-11T20:25:03.000Z</time><extensions/></trkpt><trkpt lat="41.500002136453986" lon="-81.6046473942697"><ele>227.4000244140625</ele><time>2025-10-11T20:25:04.000Z</time><extensions/></trkpt><trkpt lat="41.500002136453986" lon="-81.6046473942697"><ele>227.4000244140625</ele><time>2025-10-11T20:25:05.000Z</time><extensions/></trkpt><trkpt lat="41.500002136453986" lon="-81.6046473942697"><ele>227.4000244140625</ele><time>2025-10-11T20:25:06.000Z</time><extensions/></trkpt><trkpt lat="41.500002136453986" lon="-81.6046473942697"><ele>227.4000244140625</ele><time>2025-10-11T20:25:07.000Z</time><extensions/></trkpt><trkpt lat="41.500002136453986" lon="-81.6046473942697"><ele>227.4000244140625</ele><time>2025-10-11T20:25:08.000Z</time><extensions/></trkpt><trkpt lat="41.500002136453986" lon="-81.6046473942697"><ele>227.4000244140625</ele><time>2025-10-11T20:25:09.000Z</time><extensions/></trkpt><trkpt lat="41.500002136453986" lon="-81.6046473942697"><ele>227.4000244140625</ele><time>2025-10-11T20:25:10.000Z</time><extensions/></trkpt><trkpt lat="41.500002136453986" lon="-81.6046473942697"><ele>227.4000244140625</ele><time>2025-10-11T20:25:11.000Z</time><extensions/></trkpt><trkpt lat="41.500002136453986" lon="-81.6046473942697"><ele>227.4000244140625</ele><time>2025-10-11T20:25:12.000Z</time><extensions/></trkpt><trkpt lat="41.500002136453986" lon="-81.6046473942697"><ele>227.4000244140625</ele><time>2025-10-11T20:25:13.000Z</time><extensions/></trkpt><trkpt lat="41.500002136453986" lon="-81.6046473942697"><ele>227.4000244140625</ele><time>2025-10-11T20:25:14.000Z</time><extensions/></trkpt><trkpt lat="41.500002136453986" lon="-81.6046473942697"><ele>227.4000244140625</ele><time>2025-10-11T20:25:15.000Z</time><extensions/></trkpt><trkpt lat="41.500002136453986" lon="-81.6046473942697"><ele>227.4000244140625</ele><time>2025-10-11T20:25:16.000Z</time><extensions/></trkpt><trkpt lat="41.500002136453986" lon="-81.6046473942697"><ele>227.4000244140625</ele><time>2025-10-11T20:25:17.000Z</time><extensions/></trkpt><trkpt lat="41.500002136453986" lon="-81.6046473942697"><ele>227.4000244140625</ele><time>2025-10-11T20:25:18.000Z</time><extensions/></trkpt><trkpt lat="41.500002136453986" lon="-81.6046473942697"><ele>227.4000244140625</ele><time>2025-10-11T20:25:19.000Z</time><extensions/></trkpt><trkpt lat="41.500002136453986" lon="-81.6046473942697"><ele>227.4000244140625</ele><time>2025-10-11T20:25:20.000Z</time><extensions/></trkpt><trkpt lat="41.500002136453986" lon="-81.6046473942697"><ele>227.4000244140625</ele><time>2025-10-11T20:25:21.000Z</time><extensions/></trkpt><trkpt lat="41.500002136453986" lon="-81.6046473942697"><ele>227.4000244140625</ele><time>2025-10-11T20:25:22.000Z</time><extensions/></trkpt><trkpt lat="41.500002136453986" lon="-81.6046473942697"><ele>227.4000244140625</ele><time>2025-10-11T20:25:23.000Z</time><extensions/></trkpt><trkpt lat="41.500002136453986" lon="-81.6046473942697"><ele>227.4000244140625</ele><time>2025-10-11T20:25:24.000Z</time><extensions/></trkpt><trkpt lat="41.500002136453986" lon="-81.6046473942697"><ele>227.4000244140625</ele><time>2025-10-11T20:25:25.000Z</time><extensions/></trkpt><trkpt lat="41.500002136453986" lon="-81.6046473942697"><ele>227.4000244140625</ele><time>2025-10-11T20:25:26.000Z</time><extensions/></trkpt><trkpt lat="41.500002136453986" lon="-81.6046473942697"><ele>227.4000244140625</ele><time>2025-10-11T20:25:27.000Z</time><extensions/></trkpt><trkpt lat="41.500002136453986" lon="-81.6046473942697"><ele>227.4000244140625</ele><time>2025-10-11T20:25:28.000Z</time><extensions/></trkpt><trkpt lat="41.500002136453986" lon="-81.6046473942697"><ele>227.4000244140625</ele><time>2025-10-11T20:25:29.000Z</time><extensions/></trkpt><trkpt lat="41.500002136453986" lon="-81.6046473942697"><ele>227.4000244140625</ele><time>2025-10-11T20:25:30.000Z</time><extensions/></trkpt><trkpt lat="41.500002136453986" lon="-81.6046473942697"><ele>227.4000244140625</ele><time>2025-10-11T20:25:31.000Z</time><extensions/></trkpt><trkpt lat="41.500002136453986" lon="-81.6046473942697"><ele>227.4000244140625</ele><time>2025-10-11T20:25:32.000Z</time><extensions/></trkpt><trkpt lat="41.500002136453986" lon="-81.6046473942697"><ele>227.4000244140625</ele><time>2025-10-11T20:25:33.000Z</time><extensions/></trkpt><trkpt lat="41.500002136453986" lon="-81.6046473942697"><ele>227.4000244140625</ele><time>2025-10-11T20:25:34.000Z</time><extensions/></trkpt><trkpt lat="41.500002136453986" lon="-81.6046473942697"><ele>227.4000244140625</ele><time>2025-10-11T20:25:35.000Z</time><extensions/></trkpt><trkpt lat="41.500002136453986" lon="-81.6046473942697"><ele>227.4000244140625</ele><time>2025-10-11T20:25:36.000Z</time><extensions/></trkpt><trkpt lat="41.500002136453986" lon="-81.6046473942697"><ele>227.4000244140625</ele><time>2025-10-11T20:25:37.000Z</time><extensions/></trkpt><trkpt lat="41.500002136453986" lon="-81.6046473942697"><ele>227.4000244140625</ele><time>2025-10-11T20:25:38.000Z</time><extensions/></trkpt><trkpt lat="41.500002136453986" lon="-81.6046473942697"><ele>227.4000244140625</ele><time>2025-10-11T20:25:39.000Z</time><extensions/></trkpt><trkpt lat="41.500002136453986" lon="-81.6046473942697"><ele>227.4000244140625</ele><time>2025-10-11T20:25:40.000Z</time><extensions/></trkpt><trkpt lat="41.500002136453986" lon="-81.6046473942697"><ele>227.4000244140625</ele><time>2025-10-11T20:25:41.000Z</time><extensions/></trkpt><trkpt lat="41.500002136453986" lon="-81.6046473942697"><ele>227.4000244140625</ele><time>2025-10-11T20:25:42.000Z</time><extensions/></trkpt><trkpt lat="41.500002136453986" lon="-81.6046473942697"><ele>227.4000244140625</ele><time>2025-10-11T20:25:43.000Z</time><extensions/></trkpt><trkpt lat="41.500002136453986" lon="-81.6046473942697"><ele>227.4000244140625</ele><time>2025-10-11T20:25:44.000Z</time><extensions/></trkpt><trkpt lat="41.500002136453986" lon="-81.6046473942697"><ele>227.4000244140625</ele><time>2025-10-11T20:25:45.000Z</time><extensions/></trkpt><trkpt lat="41.500002136453986" lon="-81.6046473942697"><ele>227.4000244140625</ele><time>2025-10-11T20:25:46.000Z</time><extensions/></trkpt><trkpt lat="41.500002136453986" lon="-81.6046473942697"><ele>227.4000244140625</ele><time>2025-10-11T20:25:47.000Z</time><extensions/></trkpt><trkpt lat="41.500002136453986" lon="-81.6046473942697"><ele>227.4000244140625</ele><time>2025-10-11T20:25:48.000Z</time><extensions/></trkpt><trkpt lat="41.500002136453986" lon="-81.6046473942697"><ele>227.4000244140625</ele><time>2025-10-11T20:25:49.000Z</time><extensions/></trkpt><trkpt lat="41.500002136453986" lon="-81.6046473942697"><ele>227.4000244140625</ele><time>2025-10-11T20:25:50.000Z</time><extensions/></trkpt><trkpt lat="41.500002136453986" lon="-81.6046473942697"><ele>227.4000244140625</ele><time>2025-10-11T20:25:51.000Z</time><extensions/></trkpt><trkpt lat="41.500002136453986" lon="-81.6046473942697"><ele>227.4000244140625</ele><time>2025-10-11T20:25:52.000Z</time><extensions/></trkpt><trkpt lat="41.500002136453986" lon="-81.6046473942697"><ele>227.4000244140625</ele><time>2025-10-11T20:25:53.000Z</time><extensions/></trkpt><trkpt lat="41.500002136453986" lon="-81.6046473942697"><ele>227.4000244140625</ele><time>2025-10-11T20:25:54.000Z</time><extensions/></trkpt><trkpt lat="41.500002136453986" lon="-81.6046473942697"><ele>227.4000244140625</ele><time>2025-10-11T20:25:55.000Z</time><extensions/></trkpt><trkpt lat="41.500002136453986" lon="-81.6046473942697"><ele>227.4000244140625</ele><time>2025-10-11T20:25:56.000Z</time><extensions/></trkpt><trkpt lat="41.500002136453986" lon="-81.6046473942697"><ele>227.4000244140625</ele><time>2025-10-11T20:25:57.000Z</time><extensions/></trkpt><trkpt lat="41.500002136453986" lon="-81.6046473942697"><ele>227.4000244140625</ele><time>2025-10-11T20:25:58.000Z</time><extensions/></trkpt><trkpt lat="41.500002136453986" lon="-81.6046473942697"><ele>227.4000244140625</ele><time>2025-10-11T20:25:59.000Z</time><extensions/></trkpt><trkpt lat="41.500002136453986" lon="-81.6046473942697"><ele>227.4000244140625</ele><time>2025-10-11T20:26:00.000Z</time><extensions/></trkpt><trkpt lat="41.500002136453986" lon="-81.6046473942697"><ele>227.4000244140625</ele><time>2025-10-11T20:26:01.000Z</time><extensions/></trkpt><trkpt lat="41.500002136453986" lon="-81.6046473942697"><ele>227.4000244140625</ele><time>2025-10-11T20:26:02.000Z</time><extensions/></trkpt><trkpt lat="41.500002136453986" lon="-81.6046473942697"><ele>227.4000244140625</ele><time>2025-10-11T20:26:03.000Z</time><extensions/></trkpt><trkpt lat="41.500002136453986" lon="-81.6046473942697"><ele>227.4000244140625</ele><time>2025-10-11T20:26:04.000Z</time><extensions/></trkpt><trkpt lat="41.500002136453986" lon="-81.6046473942697"><ele>227.4000244140625</ele><time>2025-10-11T20:26:05.000Z</time><extensions/></trkpt><trkpt lat="41.500002136453986" lon="-81.6046473942697"><ele>227.4000244140625</ele><time>2025-10-11T20:26:06.000Z</time><extensions/></trkpt><trkpt lat="41.500002136453986" lon="-81.6046473942697"><ele>227.4000244140625</ele><time>2025-10-11T20:26:07.000Z</time><extensions/></trkpt><trkpt lat="41.500002136453986" lon="-81.6046473942697"><ele>227.4000244140625</ele><time>2025-10-11T20:26:08.000Z</time><extensions/></trkpt><trkpt lat="41.500002136453986" lon="-81.6046473942697"><ele>227.4000244140625</ele><time>2025-10-11T20:26:09.000Z</time><extensions/></trkpt><trkpt lat="41.500002136453986" lon="-81.6046473942697"><ele>227.4000244140625</ele><time>2025-10-11T20:26:10.000Z</time><extensions/></trkpt><trkpt lat="41.500002136453986" lon="-81.6046473942697"><ele>227.4000244140625</ele><time>2025-10-11T20:26:11.000Z</time><extensions/></trkpt><trkpt lat="41.500002136453986" lon="-81.6046473942697"><ele>227.4000244140625</ele><time>2025-10-11T20:26:12.000Z</time><extensions/></trkpt><trkpt lat="41.500002136453986" lon="-81.6046473942697"><ele>227.4000244140625</ele><time>2025-10-11T20:26:13.000Z</time><extensions/></trkpt><trkpt lat="41.500002136453986" lon="-81.6046473942697"><ele>227.4000244140625</ele><time>2025-10-11T20:26:14.000Z</time><extensions/></trkpt><trkpt lat="41.500002136453986" lon="-81.6046473942697"><ele>227.4000244140625</ele><time>2025-10-11T20:26:15.000Z</time><extensions/></trkpt><trkpt lat="41.500002136453986" lon="-81.6046473942697"><ele>227.4000244140625</ele><time>2025-10-11T20:26:16.000Z</time><extensions/></trkpt><trkpt lat="41.500002136453986" lon="-81.6046473942697"><ele>227.4000244140625</ele><time>2025-10-11T20:26:17.000Z</time><extensions/></trkpt><trkpt lat="41.500002136453986" lon="-81.6046473942697"><ele>227.4000244140625</ele><time>2025-10-11T20:26:18.000Z</time><extensions/></trkpt><trkpt lat="41.500002136453986" lon="-81.6046473942697"><ele>227.4000244140625</ele><time>2025-10-11T20:26:19.000Z</time><extensions/></trkpt><trkpt lat="41.500002136453986" lon="-81.6046473942697"><ele>227.4000244140625</ele><time>2025-10-11T20:26:20.000Z</time><extensions/></trkpt><trkpt lat="41.500002136453986" lon="-81.6046473942697"><ele>227.4000244140625</ele><time>2025-10-11T20:26:21.000Z</time><extensions/></trkpt><trkpt lat="41.500002136453986" lon="-81.6046473942697"><ele>227.4000244140625</ele><time>2025-10-11T20:26:22.000Z</time><extensions/></trkpt><trkpt lat="41.500002136453986" lon="-81.6046473942697"><ele>227.4000244140625</ele><time>2025-10-11T20:26:23.000Z</time><extensions/></trkpt><trkpt lat="41.500002136453986" lon="-81.6046473942697"><ele>227.4000244140625</ele><time>2025-10-11T20:26:24.000Z</time><extensions/></trkpt><trkpt lat="41.500002136453986" lon="-81.6046473942697"><ele>227.4000244140625</ele><time>2025-10-11T20:26:25.000Z</time><extensions/></trkpt><trkpt lat="41.500002136453986" lon="-81.6046473942697"><ele>227.4000244140625</ele><time>2025-10-11T20:26:26.000Z</time><extensions/></trkpt><trkpt lat="41.500002136453986" lon="-81.6046473942697"><ele>227.4000244140625</ele><time>2025-10-11T20:26:27.000Z</time><extensions/></trkpt><trkpt lat="41.500002136453986" lon="-81.6046473942697"><ele>227.4000244140625</ele><time>2025-10-11T20:26:28.000Z</time><extensions/></trkpt><trkpt lat="41.500002136453986" lon="-81.6046473942697"><ele>227.4000244140625</ele><time>2025-10-11T20:26:29.000Z</time><extensions/></trkpt><trkpt lat="41.500002136453986" lon="-81.6046473942697"><ele>227.4000244140625</ele><time>2025-10-11T20:26:30.000Z</time><extensions/></trkpt><trkpt lat="41.500002136453986" lon="-81.6046473942697"><ele>227.4000244140625</ele><time>2025-10-11T20:26:31.000Z</time><extensions/></trkpt><trkpt lat="41.500002136453986" lon="-81.6046473942697"><ele>227.4000244140625</ele><time>2025-10-11T20:26:32.000Z</time><extensions/></trkpt><trkpt lat="41.500002136453986" lon="-81.6046473942697"><ele>227.4000244140625</ele><time>2025-10-11T20:26:33.000Z</time><extensions/></trkpt><trkpt lat="41.500002136453986" lon="-81.6046473942697"><ele>227.4000244140625</ele><time>2025-10-11T20:26:34.000Z</time><extensions/></trkpt><trkpt lat="41.500002136453986" lon="-81.6046473942697"><ele>227.4000244140625</ele><time>2025-10-11T20:26:35.000Z</time><extensions/></trkpt><trkpt lat="41.500002136453986" lon="-81.6046473942697"><ele>227.4000244140625</ele><time>2025-10-11T20:26:36.000Z</time><extensions/></trkpt><trkpt lat="41.500002136453986" lon="-81.6046473942697"><ele>227.4000244140625</ele><time>2025-10-11T20:26:37.000Z</time><extensions/></trkpt><trkpt lat="41.500002136453986" lon="-81.6046473942697"><ele>227.4000244140625</ele><time>2025-10-11T20:26:38.000Z</time><extensions/></trkpt><trkpt lat="41.500002136453986" lon="-81.6046473942697"><ele>227.4000244140625</ele><time>2025-10-11T20:26:39.000Z</time><extensions/></trkpt><trkpt lat="41.500002136453986" lon="-81.6046473942697"><ele>227.4000244140625</ele><time>2025-10-11T20:26:40.000Z</time><extensions/></trkpt><trkpt lat="41.500002136453986" lon="-81.6046473942697"><ele>227.4000244140625</ele><time>2025-10-11T20:26:41.000Z</time><extensions/></trkpt><trkpt lat="41.500002136453986" lon="-81.6046473942697"><ele>227.4000244140625</ele><time>2025-10-11T20:26:42.000Z</time><extensions/></trkpt><trkpt lat="41.500002136453986" lon="-81.6046473942697"><ele>227.4000244140625</ele><time>2025-10-11T20:26:43.000Z</time><extensions/></trkpt><trkpt lat="41.500002136453986" lon="-81.6046473942697"><ele>227.4000244140625</ele><time>2025-10-11T20:26:44.000Z</time><extensions/></trkpt><trkpt lat="41.500002136453986" lon="-81.6046473942697"><ele>227.4000244140625</ele><time>2025-10-11T20:26:45.000Z</time><extensions/></trkpt><trkpt lat="41.500002136453986" lon="-81.6046473942697"><ele>227.4000244140625</ele><time>2025-10-11T20:26:46.000Z</time><extensions/></trkpt><trkpt lat="41.500002136453986" lon="-81.6046473942697"><ele>227.4000244140625</ele><time>2025-10-11T20:26:47.000Z</time><extensions/></trkpt><trkpt lat="41.500002136453986" lon="-81.6046473942697"><ele>227.4000244140625</ele><time>2025-10-11T20:26:48.000Z</time><extensions/></trkpt><trkpt lat="41.500002136453986" lon="-81.6046473942697"><ele>227.4000244140625</ele><time>2025-10-11T20:26:49.000Z</time><extensions/></trkpt><trkpt lat="41.500002136453986" lon="-81.6046473942697"><ele>227.4000244140625</ele><time>2025-10-11T20:26:50.000Z</time><extensions/></trkpt><trkpt lat="41.500002136453986" lon="-81.6046473942697"><ele>227.4000244140625</ele><time>2025-10-11T20:26:51.000Z</time><extensions/></trkpt><trkpt lat="41.500002136453986" lon="-81.6046473942697"><ele>227.4000244140625</ele><time>2025-10-11T20:26:52.000Z</time><extensions/></trkpt><trkpt lat="41.500002136453986" lon="-81.6046473942697"><ele>227.4000244140625</ele><time>2025-10-11T20:26:53.000Z</time><extensions/></trkpt><trkpt lat="41.500002136453986" lon="-81.6046473942697"><ele>227.4000244140625</ele><time>2025-10-11T20:26:54.000Z</time><extensions/></trkpt><trkpt lat="41.500002136453986" lon="-81.6046473942697"><ele>227.4000244140625</ele><time>2025-10-11T20:26:55.000Z</time><extensions/></trkpt><trkpt lat="41.500002136453986" lon="-81.6046473942697"><ele>227.4000244140625</ele><time>2025-10-11T20:26:56.000Z</time><extensions/></trkpt><trkpt lat="41.500002136453986" lon="-81.6046473942697"><ele>227.4000244140625</ele><time>2025-10-11T20:26:57.000Z</time><extensions/></trkpt><trkpt lat="41.500002136453986" lon="-81.6046473942697"><ele>227.4000244140625</ele><time>2025-10-11T20:26:58.000Z</time><extensions/></trkpt><trkpt lat="41.500002136453986" lon="-81.6046473942697"><ele>227.4000244140625</ele><time>2025-10-11T20:26:59.000Z</time><extensions/></trkpt><trkpt lat="41.500002136453986" lon="-81.6046473942697"><ele>227.4000244140625</ele><time>2025-10-11T20:27:00.000Z</time><extensions/></trkpt><trkpt lat="41.500002136453986" lon="-81.6046473942697"><ele>227.4000244140625</ele><time>2025-10-11T20:27:01.000Z</time><extensions/></trkpt><trkpt lat="41.500002136453986" lon="-81.6046473942697"><ele>227.4000244140625</ele><time>2025-10-11T20:27:02.000Z</time><extensions/></trkpt><trkpt lat="41.500002136453986" lon="-81.6046473942697"><ele>227.4000244140625</ele><time>2025-10-11T20:27:03.000Z</time><extensions/></trkpt><trkpt lat="41.500002136453986" lon="-81.6046473942697"><ele>227.4000244140625</ele><time>2025-10-11T20:27:04.000Z</time><extensions/></trkpt><trkpt lat="41.500002136453986" lon="-81.6046473942697"><ele>227.4000244140625</ele><time>2025-10-11T20:27:05.000Z</time><extensions/></trkpt><trkpt lat="41.500002136453986" lon="-81.6046473942697"><ele>227.4000244140625</ele><time>2025-10-11T20:27:06.000Z</time><extensions/></trkpt><trkpt lat="41.500002136453986" lon="-81.6046473942697"><ele>227.4000244140625</ele><time>2025-10-11T20:27:07.000Z</time><extensions/></trkpt><trkpt lat="41.500002136453986" lon="-81.6046473942697"><ele>227.4000244140625</ele><time>2025-10-11T20:27:08.000Z</time><extensions/></trkpt><trkpt lat="41.500002136453986" lon="-81.6046473942697"><ele>227.4000244140625</ele><time>2025-10-11T20:27:09.000Z</time><extensions/></trkpt><trkpt lat="41.500002136453986" lon="-81.6046473942697"><ele>227.4000244140625</ele><time>2025-10-11T20:27:10.000Z</time><extensions/></trkpt><trkpt lat="41.500002136453986" lon="-81.6046473942697"><ele>227.4000244140625</ele><time>2025-10-11T20:27:11.000Z</time><extensions/></trkpt><trkpt lat="41.500002136453986" lon="-81.6046473942697"><ele>227.4000244140625</ele><time>2025-10-11T20:27:12.000Z</time><extensions/></trkpt><trkpt lat="41.500002136453986" lon="-81.6046473942697"><ele>227.4000244140625</ele><time>2025-10-11T20:27:13.000Z</time><extensions/></trkpt><trkpt lat="41.500002136453986" lon="-81.6046473942697"><ele>227.4000244140625</ele><time>2025-10-11T20:27:14.000Z</time><extensions/></trkpt><trkpt lat="41.500002136453986" lon="-81.6046473942697"><ele>227.4000244140625</ele><time>2025-10-11T20:27:15.000Z</time><extensions/></trkpt><trkpt lat="41.500002136453986" lon="-81.6046473942697"><ele>227.4000244140625</ele><time>2025-10-11T20:27:16.000Z</time><extensions/></trkpt><trkpt lat="41.500002136453986" lon="-81.6046473942697"><ele>227.4000244140625</ele><time>2025-10-11T20:27:17.000Z</time><extensions/></trkpt><trkpt lat="41.500002136453986" lon="-81.6046473942697"><ele>227.4000244140625</ele><time>2025-10-11T20:27:18.000Z</time><extensions/></trkpt><trkpt lat="41.500002136453986" lon="-81.6046473942697"><ele>227.4000244140625</ele><time>2025-10-11T20:27:19.000Z</time><extensions/></trkpt><trkpt lat="41.500002136453986" lon="-81.6046473942697"><ele>227.4000244140625</ele><time>2025-10-11T20:27:20.000Z</time><extensions/></trkpt><trkpt lat="41.500002136453986" lon="-81.6046473942697"><ele>227.4000244140625</ele><time>2025-10-11T20:27:21.000Z</time><extensions/></trkpt><trkpt lat="41.500002136453986" lon="-81.6046473942697"><ele>227.4000244140625</ele><time>2025-10-11T20:27:22.000Z</time><extensions/></trkpt><trkpt lat="41.500002136453986" lon="-81.6046473942697"><ele>227.4000244140625</ele><time>2025-10-11T20:27:23.000Z</time><extensions/></trkpt><trkpt lat="41.500002136453986" lon="-81.6046473942697"><ele>227.4000244140625</ele><time>2025-10-11T20:27:24.000Z</time><extensions/></trkpt><trkpt lat="41.500002136453986" lon="-81.6046473942697"><ele>227.4000244140625</ele><time>2025-10-11T20:27:25.000Z</time><extensions/></trkpt><trkpt lat="41.500002136453986" lon="-81.6046473942697"><ele>227.4000244140625</ele><time>2025-10-11T20:27:26.000Z</time><extensions/></trkpt><trkpt lat="41.500002136453986" lon="-81.6046473942697"><ele>227.4000244140625</ele><time>2025-10-11T20:27:27.000Z</time><extensions/></trkpt><trkpt lat="41.500002136453986" lon="-81.6046473942697"><ele>227.4000244140625</ele><time>2025-10-11T20:27:28.000Z</time><extensions/></trkpt><trkpt lat="41.500002136453986" lon="-81.6046473942697"><ele>227.4000244140625</ele><time>2025-10-11T20:27:29.000Z</time><extensions/></trkpt><trkpt lat="41.500002136453986" lon="-81.6046473942697"><ele>227.4000244140625</ele><time>2025-10-11T20:27:30.000Z</time><extensions/></trkpt><trkpt lat="41.500002136453986" lon="-81.6046473942697"><ele>227.4000244140625</ele><time>2025-10-11T20:27:31.000Z</time><extensions/></trkpt><trkpt lat="41.500002136453986" lon="-81.6046473942697"><ele>227.4000244140625</ele><time>2025-10-11T20:27:32.000Z</time><extensions/></trkpt><trkpt lat="41.500002136453986" lon="-81.6046473942697"><ele>227.4000244140625</ele><time>2025-10-11T20:27:33.000Z</time><extensions/></trkpt><trkpt lat="41.500002136453986" lon="-81.6046473942697"><ele>227.4000244140625</ele><time>2025-10-11T20:27:34.000Z</time><extensions/></trkpt><trkpt lat="41.500002136453986" lon="-81.6046473942697"><ele>227.4000244140625</ele><time>2025-10-11T20:27:35.000Z</time><extensions/></trkpt><trkpt lat="41.500002136453986" lon="-81.6046473942697"><ele>227.4000244140625</ele><time>2025-10-11T20:27:36.000Z</time><extensions/></trkpt><trkpt lat="41.500002136453986" lon="-81.6046473942697"><ele>227.4000244140625</ele><time>2025-10-11T20:27:37.000Z</time><extensions/></trkpt><trkpt lat="41.500002136453986" lon="-81.6046473942697"><ele>227.4000244140625</ele><time>2025-10-11T20:27:38.000Z</time><extensions/></trkpt><trkpt lat="41.500002136453986" lon="-81.6046473942697"><ele>227.4000244140625</ele><time>2025-10-11T20:27:39.000Z</time><extensions/></trkpt><trkpt lat="41.500002136453986" lon="-81.6046473942697"><ele>227.4000244140625</ele><time>2025-10-11T20:27:40.000Z</time><extensions/></trkpt><trkpt lat="41.500002136453986" lon="-81.6046473942697"><ele>227.4000244140625</ele><time>2025-10-11T20:27:41.000Z</time><extensions/></trkpt><trkpt lat="41.500002136453986" lon="-81.6046473942697"><ele>227.4000244140625</ele><time>2025-10-11T20:27:42.000Z</time><extensions/></trkpt><trkpt lat="41.500002136453986" lon="-81.6046473942697"><ele>227.4000244140625</ele><time>2025-10-11T20:27:43.000Z</time><extensions/></trkpt><trkpt lat="41.500002136453986" lon="-81.6046473942697"><ele>227.4000244140625</ele><time>2025-10-11T20:27:44.000Z</time><extensions/></trkpt><trkpt lat="41.500002136453986" lon="-81.6046473942697"><ele>227.4000244140625</ele><time>2025-10-11T20:27:45.000Z</time><extensions/></trkpt><trkpt lat="41.500002136453986" lon="-81.6046473942697"><ele>227.4000244140625</ele><time>2025-10-11T20:27:46.000Z</time><extensions/></trkpt><trkpt lat="41.500002136453986" lon="-81.6046473942697"><ele>227.4000244140625</ele><time>2025-10-11T20:27:47.000Z</time><extensions/></trkpt><trkpt lat="41.500002136453986" lon="-81.6046473942697"><ele>227.4000244140625</ele><time>2025-10-11T20:27:48.000Z</time><extensions/></trkpt><trkpt lat="41.500002136453986" lon="-81.6046473942697"><ele>227.4000244140625</ele><time>2025-10-11T20:27:49.000Z</time><extensions/></trkpt><trkpt lat="41.500002136453986" lon="-81.6046473942697"><ele>227.4000244140625</ele><time>2025-10-11T20:27:50.000Z</time><extensions/></trkpt><trkpt lat="41.500002136453986" lon="-81.6046473942697"><ele>227.4000244140625</ele><time>2025-10-11T20:27:51.000Z</time><extensions/></trkpt><trkpt lat="41.500002136453986" lon="-81.6046473942697"><ele>227.4000244140625</ele><time>2025-10-11T20:27:52.000Z</time><extensions/></trkpt><trkpt lat="41.500002136453986" lon="-81.6046473942697"><ele>227.4000244140625</ele><time>2025-10-11T20:27:53.000Z</time><extensions/></trkpt><trkpt lat="41.500002136453986" lon="-81.6046473942697"><ele>227.4000244140625</ele><time>2025-10-11T20:27:54.000Z</time><extensions/></trkpt><trkpt lat="41.500002136453986" lon="-81.6046473942697"><ele>227.4000244140625</ele><time>2025-10-11T20:27:55.000Z</time><extensions/></trkpt><trkpt lat="41.500002136453986" lon="-81.6046473942697"><ele>227.4000244140625</ele><time>2025-10-11T20:27:56.000Z</time><extensions/></trkpt><trkpt lat="41.500002136453986" lon="-81.6046473942697"><ele>227.4000244140625</ele><time>2025-10-11T20:27:57.000Z</time><extensions/></trkpt><trkpt lat="41.500002136453986" lon="-81.6046473942697"><ele>227.4000244140625</ele><time>2025-10-11T20:27:58.000Z</time><extensions/></trkpt><trkpt lat="41.500002136453986" lon="-81.6046473942697"><ele>227.4000244140625</ele><time>2025-10-11T20:27:59.000Z</time><extensions/></trkpt><trkpt lat="41.500002136453986" lon="-81.6046473942697"><ele>227.4000244140625</ele><time>2025-10-11T20:28:00.000Z</time><extensions/></trkpt><trkpt lat="41.500002136453986" lon="-81.6046473942697"><ele>227.4000244140625</ele><time>2025-10-11T20:28:01.000Z</time><extensions/></trkpt><trkpt lat="41.500002136453986" lon="-81.6046473942697"><ele>227.4000244140625</ele><time>2025-10-11T20:28:02.000Z</time><extensions/></trkpt><trkpt lat="41.500002136453986" lon="-81.6046473942697"><ele>227.4000244140625</ele><time>2025-10-11T20:28:03.000Z</time><extensions/></trkpt><trkpt lat="41.500002136453986" lon="-81.6046473942697"><ele>227.4000244140625</ele><time>2025-10-11T20:28:04.000Z</time><extensions/></trkpt><trkpt lat="41.500002136453986" lon="-81.6046473942697"><ele>227.4000244140625</ele><time>2025-10-11T20:28:05.000Z</time><extensions/></trkpt><trkpt lat="41.500002136453986" lon="-81.6046473942697"><ele>227.4000244140625</ele><time>2025-10-11T20:28:06.000Z</time><extensions/></trkpt><trkpt lat="41.500002136453986" lon="-81.6046473942697"><ele>227.4000244140625</ele><time>2025-10-11T20:28:07.000Z</time><extensions/></trkpt><trkpt lat="41.500002136453986" lon="-81.6046473942697"><ele>227.4000244140625</ele><time>2025-10-11T20:28:08.000Z</time><extensions/></trkpt><trkpt lat="41.500002136453986" lon="-81.6046473942697"><ele>227.4000244140625</ele><time>2025-10-11T20:28:09.000Z</time><extensions/></trkpt><trkpt lat="41.500002136453986" lon="-81.6046473942697"><ele>227.4000244140625</ele><time>2025-10-11T20:28:10.000Z</time><extensions/></trkpt><trkpt lat="41.500002136453986" lon="-81.6046473942697"><ele>227.4000244140625</ele><time>2025-10-11T20:28:11.000Z</time><extensions/></trkpt><trkpt lat="41.500002136453986" lon="-81.6046473942697"><ele>227.4000244140625</ele><time>2025-10-11T20:28:12.000Z</time><extensions/></trkpt><trkpt lat="41.500002136453986" lon="-81.6046473942697"><ele>227.4000244140625</ele><time>2025-10-11T20:28:13.000Z</time><extensions/></trkpt><trkpt lat="41.500002136453986" lon="-81.6046473942697"><ele>227.4000244140625</ele><time>2025-10-11T20:28:14.000Z</time><extensions/></trkpt><trkpt lat="41.500002136453986" lon="-81.6046473942697"><ele>227.4000244140625</ele><time>2025-10-11T20:28:15.000Z</time><extensions/></trkpt><trkpt lat="41.500002136453986" lon="-81.6046473942697"><ele>227.4000244140625</ele><time>2025-10-11T20:28:16.000Z</time><extensions/></trkpt><trkpt lat="41.500002136453986" lon="-81.6046473942697"><ele>227.4000244140625</ele><time>2025-10-11T20:28:17.000Z</time><extensions/></trkpt><trkpt lat="41.500002136453986" lon="-81.6046473942697"><ele>227.4000244140625</ele><time>2025-10-11T20:28:18.000Z</time><extensions/></trkpt><trkpt lat="41.500002136453986" lon="-81.6046473942697"><ele>227.4000244140625</ele><time>2025-10-11T20:28:19.000Z</time><extensions/></trkpt><trkpt lat="41.500002136453986" lon="-81.6046473942697"><ele>227.4000244140625</ele><time>2025-10-11T20:28:20.000Z</time><extensions/></trkpt><trkpt lat="41.500002136453986" lon="-81.6046473942697"><ele>227.4000244140625</ele><time>2025-10-11T20:28:21.000Z</time><extensions/></trkpt><trkpt lat="41.500002136453986" lon="-81.6046473942697"><ele>227.4000244140625</ele><time>2025-10-11T20:28:22.000Z</time><extensions/></trkpt><trkpt lat="41.500002136453986" lon="-81.6046473942697"><ele>227.4000244140625</ele><time>2025-10-11T20:28:23.000Z</time><extensions/></trkpt><trkpt lat="41.500002136453986" lon="-81.6046473942697"><ele>227.4000244140625</ele><time>2025-10-11T20:28:24.000Z</time><extensions/></trkpt><trkpt lat="41.500002136453986" lon="-81.6046473942697"><ele>227.4000244140625</ele><time>2025-10-11T20:28:25.000Z</time><extensions/></trkpt><trkpt lat="41.500002136453986" lon="-81.6046473942697"><ele>227.4000244140625</ele><time>2025-10-11T20:28:26.000Z</time><extensions/></trkpt><trkpt lat="41.500002136453986" lon="-81.6046473942697"><ele>227.4000244140625</ele><time>2025-10-11T20:28:27.000Z</time><extensions/></trkpt><trkpt lat="41.500002136453986" lon="-81.6046473942697"><ele>227.4000244140625</ele><time>2025-10-11T20:28:28.000Z</time><extensions/></trkpt><trkpt lat="41.500002136453986" lon="-81.6046473942697"><ele>227.4000244140625</ele><time>2025-10-11T20:28:29.000Z</time><extensions/></trkpt><trkpt lat="41.500002136453986" lon="-81.6046473942697"><ele>227.4000244140625</ele><time>2025-10-11T20:28:30.000Z</time><extensions/></trkpt><trkpt lat="41.500002136453986" lon="-81.6046473942697"><ele>227.4000244140625</ele><time>2025-10-11T20:28:31.000Z</time><extensions/></trkpt><trkpt lat="41.500002136453986" lon="-81.6046473942697"><ele>227.4000244140625</ele><time>2025-10-11T20:28:32.000Z</time><extensions/></trkpt><trkpt lat="41.500002136453986" lon="-81.6046473942697"><ele>227.4000244140625</ele><time>2025-10-11T20:28:33.000Z</time><extensions/></trkpt><trkpt lat="41.500002136453986" lon="-81.6046473942697"><ele>227.4000244140625</ele><time>2025-10-11T20:28:34.000Z</time><extensions/></trkpt><trkpt lat="41.500002136453986" lon="-81.6046473942697"><ele>227.4000244140625</ele><time>2025-10-11T20:28:35.000Z</time><extensions/></trkpt><trkpt lat="41.500002136453986" lon="-81.6046473942697"><ele>227.4000244140625</ele><time>2025-10-11T20:28:36.000Z</time><extensions/></trkpt><trkpt lat="41.500002136453986" lon="-81.6046473942697"><ele>227.4000244140625</ele><time>2025-10-11T20:28:37.000Z</time><extensions/></trkpt><trkpt lat="41.500002136453986" lon="-81.6046473942697"><ele>227.4000244140625</ele><time>2025-10-11T20:28:38.000Z</time><extensions/></trkpt><trkpt lat="41.500002136453986" lon="-81.6046473942697"><ele>227.4000244140625</ele><time>2025-10-11T20:28:39.000Z</time><extensions/></trkpt><trkpt lat="41.500002136453986" lon="-81.6046473942697"><ele>227.4000244140625</ele><time>2025-10-11T20:28:40.000Z</time><extensions/></trkpt><trkpt lat="41.500002136453986" lon="-81.6046473942697"><ele>227.4000244140625</ele><time>2025-10-11T20:28:41.000Z</time><extensions/></trkpt><trkpt lat="41.500002136453986" lon="-81.6046473942697"><ele>227.4000244140625</ele><time>2025-10-11T20:28:42.000Z</time><extensions/></trkpt><trkpt lat="41.500002136453986" lon="-81.6046473942697"><ele>227.4000244140625</ele><time>2025-10-11T20:28:43.000Z</time><extensions/></trkpt><trkpt lat="41.500002136453986" lon="-81.6046473942697"><ele>227.4000244140625</ele><time>2025-10-11T20:28:44.000Z</time><extensions/></trkpt><trkpt lat="41.500002136453986" lon="-81.6046473942697"><ele>227.4000244140625</ele><time>2025-10-11T20:28:45.000Z</time><extensions/></trkpt><trkpt lat="41.500002136453986" lon="-81.6046473942697"><ele>227.4000244140625</ele><time>2025-10-11T20:28:46.000Z</time><extensions/></trkpt><trkpt lat="41.500002136453986" lon="-81.6046473942697"><ele>227.4000244140625</ele><time>2025-10-11T20:28:47.000Z</time><extensions/></trkpt><trkpt lat="41.500002136453986" lon="-81.6046473942697"><ele>227.4000244140625</ele><time>2025-10-11T20:28:48.000Z</time><extensions/></trkpt><trkpt lat="41.500002136453986" lon="-81.6046473942697"><ele>227.4000244140625</ele><time>2025-10-11T20:28:49.000Z</time><extensions/></trkpt><trkpt lat="41.500002136453986" lon="-81.6046473942697"><ele>227.4000244140625</ele><time>2025-10-11T20:28:50.000Z</time><extensions/></trkpt><trkpt lat="41.500002136453986" lon="-81.6046473942697"><ele>227.4000244140625</ele><time>2025-10-11T20:28:51.000Z</time><extensions/></trkpt><trkpt lat="41.500002136453986" lon="-81.6046473942697"><ele>227.4000244140625</ele><time>2025-10-11T20:28:52.000Z</time><extensions/></trkpt><trkpt lat="41.500002136453986" lon="-81.6046473942697"><ele>227.4000244140625</ele><time>2025-10-11T20:28:53.000Z</time><extensions/></trkpt><trkpt lat="41.500002136453986" lon="-81.6046473942697"><ele>227.4000244140625</ele><time>2025-10-11T20:28:54.000Z</time><extensions/></trkpt><trkpt lat="41.500002136453986" lon="-81.6046473942697"><ele>227.4000244140625</ele><time>2025-10-11T20:28:55.000Z</time><extensions/></trkpt><trkpt lat="41.500002136453986" lon="-81.6046473942697"><ele>227.4000244140625</ele><time>2025-10-11T20:28:56.000Z</time><extensions/></trkpt><trkpt lat="41.500002136453986" lon="-81.6046473942697"><ele>227.4000244140625</ele><time>2025-10-11T20:28:57.000Z</time><extensions/></trkpt><trkpt lat="41.500002136453986" lon="-81.6046473942697"><ele>227.4000244140625</ele><time>2025-10-11T20:28:58.000Z</time><extensions/></trkpt><trkpt lat="41.500002136453986" lon="-81.6046473942697"><ele>227.4000244140625</ele><time>2025-10-11T20:28:59.000Z</time><extensions/></trkpt><trkpt lat="41.500002136453986" lon="-81.6046473942697"><ele>227.4000244140625</ele><time>2025-10-11T20:29:00.000Z</time><extensions/></trkpt><trkpt lat="41.500002136453986" lon="-81.6046473942697"><ele>227.4000244140625</ele><time>2025-10-11T20:29:01.000Z</time><extensions/></trkpt><trkpt lat="41.500002136453986" lon="-81.6046473942697"><ele>227.4000244140625</ele><time>2025-10-11T20:29:02.000Z</time><extensions/></trkpt><trkpt lat="41.500002136453986" lon="-81.6046473942697"><ele>227.4000244140625</ele><time>2025-10-11T20:29:03.000Z</time><extensions/></trkpt><trkpt lat="41.500002136453986" lon="-81.6046473942697"><ele>227.4000244140625</ele><time>2025-10-11T20:29:04.000Z</time><extensions/></trkpt><trkpt lat="41.500002136453986" lon="-81.6046473942697"><ele>227.4000244140625</ele><time>2025-10-11T20:29:05.000Z</time><extensions/></trkpt><trkpt lat="41.500002136453986" lon="-81.6046473942697"><ele>227.4000244140625</ele><time>2025-10-11T20:29:06.000Z</time><extensions/></trkpt><trkpt lat="41.500002136453986" lon="-81.6046473942697"><ele>227.4000244140625</ele><time>2025-10-11T20:29:07.000Z</time><extensions/></trkpt><trkpt lat="41.500002136453986" lon="-81.6046473942697"><ele>227.4000244140625</ele><time>2025-10-11T20:29:08.000Z</time><extensions/></trkpt><trkpt lat="41.500002136453986" lon="-81.6046473942697"><ele>227.4000244140625</ele><time>2025-10-11T20:29:09.000Z</time><extensions/></trkpt><trkpt lat="41.500002136453986" lon="-81.6046473942697"><ele>227.4000244140625</ele><time>2025-10-11T20:29:10.000Z</time><extensions/></trkpt><trkpt lat="41.500002136453986" lon="-81.6046473942697"><ele>227.4000244140625</ele><time>2025-10-11T20:29:11.000Z</time><extensions/></trkpt><trkpt lat="41.500002136453986" lon="-81.6046473942697"><ele>227.4000244140625</ele><time>2025-10-11T20:29:12.000Z</time><extensions/></trkpt><trkpt lat="41.500002136453986" lon="-81.6046473942697"><ele>227.4000244140625</ele><time>2025-10-11T20:29:13.000Z</time><extensions/></trkpt><trkpt lat="41.500002136453986" lon="-81.6046473942697"><ele>227.4000244140625</ele><time>2025-10-11T20:29:14.000Z</time><extensions/></trkpt><trkpt lat="41.500002136453986" lon="-81.6046473942697"><ele>227.4000244140625</ele><time>2025-10-11T20:29:15.000Z</time><extensions/></trkpt><trkpt lat="41.500002136453986" lon="-81.6046473942697"><ele>227.4000244140625</ele><time>2025-10-11T20:29:16.000Z</time><extensions/></trkpt><trkpt lat="41.500002136453986" lon="-81.6046473942697"><ele>227.4000244140625</ele><time>2025-10-11T20:29:17.000Z</time><extensions/></trkpt><trkpt lat="41.500002136453986" lon="-81.6046473942697"><ele>227.4000244140625</ele><time>2025-10-11T20:29:18.000Z</time><extensions/></trkpt><trkpt lat="41.500002136453986" lon="-81.6046473942697"><ele>227.4000244140625</ele><time>2025-10-11T20:29:19.000Z</time><extensions/></trkpt><trkpt lat="41.500002136453986" lon="-81.6046473942697"><ele>227.4000244140625</ele><time>2025-10-11T20:29:20.000Z</time><extensions/></trkpt><trkpt lat="41.500002136453986" lon="-81.6046473942697"><ele>227.4000244140625</ele><time>2025-10-11T20:29:21.000Z</time><extensions/></trkpt><trkpt lat="41.500002136453986" lon="-81.6046473942697"><ele>227.4000244140625</ele><time>2025-10-11T20:29:22.000Z</time><extensions/></trkpt><trkpt lat="41.500002136453986" lon="-81.6046473942697"><ele>227.4000244140625</ele><time>2025-10-11T20:29:23.000Z</time><extensions/></trkpt><trkpt lat="41.500002136453986" lon="-81.6046473942697"><ele>227.4000244140625</ele><time>2025-10-11T20:29:24.000Z</time><extensions/></trkpt><trkpt lat="41.500002136453986" lon="-81.6046473942697"><ele>227.4000244140625</ele><time>2025-10-11T20:29:25.000Z</time><extensions/></trkpt><trkpt lat="41.500002136453986" lon="-81.6046473942697"><ele>227.4000244140625</ele><time>2025-10-11T20:29:26.000Z</time><extensions/></trkpt><trkpt lat="41.500002136453986" lon="-81.6046473942697"><ele>227.4000244140625</ele><time>2025-10-11T20:29:27.000Z</time><extensions/></trkpt><trkpt lat="41.500002136453986" lon="-81.6046473942697"><ele>227.4000244140625</ele><time>2025-10-11T20:29:28.000Z</time><extensions/></trkpt><trkpt lat="41.500002136453986" lon="-81.6046473942697"><ele>227.4000244140625</ele><time>2025-10-11T20:29:29.000Z</time><extensions/></trkpt><trkpt lat="41.500002136453986" lon="-81.6046473942697"><ele>227.4000244140625</ele><time>2025-10-11T20:29:30.000Z</time><extensions/></trkpt><trkpt lat="41.500002136453986" lon="-81.6046473942697"><ele>227.4000244140625</ele><time>2025-10-11T20:29:31.000Z</time><extensions/></trkpt><trkpt lat="41.500002136453986" lon="-81.6046473942697"><ele>227.4000244140625</ele><time>2025-10-11T20:29:32.000Z</time><extensions/></trkpt><trkpt lat="41.500002136453986" lon="-81.6046473942697"><ele>227.4000244140625</ele><time>2025-10-11T20:29:33.000Z</time><extensions/></trkpt><trkpt lat="41.500002136453986" lon="-81.6046473942697"><ele>227.4000244140625</ele><time>2025-10-11T20:29:34.000Z</time><extensions/></trkpt><trkpt lat="41.500002136453986" lon="-81.6046473942697"><ele>227.4000244140625</ele><time>2025-10-11T20:29:35.000Z</time><extensions/></trkpt><trkpt lat="41.500002136453986" lon="-81.6046473942697"><ele>227.4000244140625</ele><time>2025-10-11T20:29:36.000Z</time><extensions/></trkpt><trkpt lat="41.500002136453986" lon="-81.6046473942697"><ele>227.4000244140625</ele><time>2025-10-11T20:29:37.000Z</time><extensions/></trkpt><trkpt lat="41.500002136453986" lon="-81.6046473942697"><ele>227.4000244140625</ele><time>2025-10-11T20:29:38.000Z</time><extensions/></trkpt><trkpt lat="41.500002136453986" lon="-81.6046473942697"><ele>227.4000244140625</ele><time>2025-10-11T20:29:39.000Z</time><extensions/></trkpt><trkpt lat="41.500002136453986" lon="-81.6046473942697"><ele>227.4000244140625</ele><time>2025-10-11T20:29:40.000Z</time><extensions/></trkpt><trkpt lat="41.500002136453986" lon="-81.6046473942697"><ele>227.4000244140625</ele><time>2025-10-11T20:29:41.000Z</time><extensions/></trkpt><trkpt lat="41.500002136453986" lon="-81.6046473942697"><ele>227.4000244140625</ele><time>2025-10-11T20:29:42.000Z</time><extensions/></trkpt><trkpt lat="41.500002136453986" lon="-81.6046473942697"><ele>227.4000244140625</ele><time>2025-10-11T20:29:43.000Z</time><extensions/></trkpt><trkpt lat="41.500002136453986" lon="-81.6046473942697"><ele>227.4000244140625</ele><time>2025-10-11T20:29:44.000Z</time><extensions/></trkpt><trkpt lat="41.500002136453986" lon="-81.6046473942697"><ele>227.4000244140625</ele><time>2025-10-11T20:29:45.000Z</time><extensions/></trkpt><trkpt lat="41.500002136453986" lon="-81.6046473942697"><ele>227.4000244140625</ele><time>2025-10-11T20:29:46.000Z</time><extensions/></trkpt><trkpt lat="41.500002136453986" lon="-81.6046473942697"><ele>227.4000244140625</ele><time>2025-10-11T20:29:47.000Z</time><extensions/></trkpt><trkpt lat="41.500002136453986" lon="-81.6046473942697"><ele>227.4000244140625</ele><time>2025-10-11T20:29:48.000Z</time><extensions/></trkpt><trkpt lat="41.500002136453986" lon="-81.6046473942697"><ele>227.4000244140625</ele><time>2025-10-11T20:29:49.000Z</time><extensions/></trkpt><trkpt lat="41.500002136453986" lon="-81.6046473942697"><ele>227.4000244140625</ele><time>2025-10-11T20:29:50.000Z</time><extensions/></trkpt><trkpt lat="41.500002136453986" lon="-81.6046473942697"><ele>227.4000244140625</ele><time>2025-10-11T20:29:51.000Z</time><extensions/></trkpt><trkpt lat="41.500002136453986" lon="-81.6046473942697"><ele>227.4000244140625</ele><time>2025-10-11T20:29:52.000Z</time><extensions/></trkpt><trkpt lat="41.500002136453986" lon="-81.6046473942697"><ele>227.4000244140625</ele><time>2025-10-11T20:29:53.000Z</time><extensions/></trkpt><trkpt lat="41.500002136453986" lon="-81.6046473942697"><ele>227.4000244140625</ele><time>2025-10-11T20:29:54.000Z</time><extensions/></trkpt><trkpt lat="41.500002136453986" lon="-81.6046473942697"><ele>227.4000244140625</ele><time>2025-10-11T20:29:55.000Z</time><extensions/></trkpt><trkpt lat="41.500002136453986" lon="-81.6046473942697"><ele>227.4000244140625</ele><time>2025-10-11T20:29:56.000Z</time><extensions/></trkpt><trkpt lat="41.500002136453986" lon="-81.6046473942697"><ele>227.4000244140625</ele><time>2025-10-11T20:29:57.000Z</time><extensions/></trkpt><trkpt lat="41.500002136453986" lon="-81.6046473942697"><ele>227.4000244140625</ele><time>2025-10-11T20:29:58.000Z</time><extensions/></trkpt><trkpt lat="41.500002136453986" lon="-81.6046473942697"><ele>227.4000244140625</ele><time>2025-10-11T20:29:59.000Z</time><extensions/></trkpt><trkpt lat="41.500002136453986" lon="-81.6046473942697"><ele>227.4000244140625</ele><time>2025-10-11T20:30:00.000Z</time><extensions/></trkpt><trkpt lat="41.500002136453986" lon="-81.6046473942697"><ele>227.4000244140625</ele><time>2025-10-11T20:30:01.000Z</time><extensions/></trkpt><trkpt lat="41.500002136453986" lon="-81.6046473942697"><ele>227.4000244140625</ele><time>2025-10-11T20:30:02.000Z</time><extensions/></trkpt><trkpt lat="41.500002136453986" lon="-81.6046473942697"><ele>227.4000244140625</ele><time>2025-10-11T20:30:03.000Z</time><extensions/></trkpt><trkpt lat="41.500002136453986" lon="-81.6046473942697"><ele>227.4000244140625</ele><time>2025-10-11T20:30:04.000Z</time><extensions/></trkpt><trkpt lat="41.500002136453986" lon="-81.6046473942697"><ele>227.4000244140625</ele><time>2025-10-11T20:30:05.000Z</time><extensions/></trkpt><trkpt lat="41.500002136453986" lon="-81.6046473942697"><ele>227.4000244140625</ele><time>2025-10-11T20:30:06.000Z</time><extensions/></trkpt><trkpt lat="41.500002136453986" lon="-81.6046473942697"><ele>227.4000244140625</ele><time>2025-10-11T20:30:07.000Z</time><extensions/></trkpt><trkpt lat="41.500002136453986" lon="-81.6046473942697"><ele>227.4000244140625</ele><time>2025-10-11T20:30:08.000Z</time><extensions/></trkpt><trkpt lat="41.500002136453986" lon="-81.6046473942697"><ele>227.4000244140625</ele><time>2025-10-11T20:30:09.000Z</time><extensions/></trkpt><trkpt lat="41.500002136453986" lon="-81.6046473942697"><ele>227.4000244140625</ele><time>2025-10-11T20:30:10.000Z</time><extensions/></trkpt><trkpt lat="41.500002136453986" lon="-81.6046473942697"><ele>227.4000244140625</ele><time>2025-10-11T20:30:11.000Z</time><extensions/></trkpt><trkpt lat="41.500002136453986" lon="-81.6046473942697"><ele>227.4000244140625</ele><time>2025-10-11T20:30:12.000Z</time><extensions/></trkpt><trkpt lat="41.500002136453986" lon="-81.6046473942697"><ele>227.4000244140625</ele><time>2025-10-11T20:30:13.000Z</time><extensions/></trkpt><trkpt lat="41.500002136453986" lon="-81.6046473942697"><ele>227.4000244140625</ele><time>2025-10-11T20:30:14.000Z</time><extensions/></trkpt><trkpt lat="41.500002136453986" lon="-81.6046473942697"><ele>227.4000244140625</ele><time>2025-10-11T20:30:15.000Z</time><extensions/></trkpt><trkpt lat="41.500002136453986" lon="-81.6046473942697"><ele>227.4000244140625</ele><time>2025-10-11T20:30:16.000Z</time><extensions/></trkpt><trkpt lat="41.500002136453986" lon="-81.6046473942697"><ele>227.4000244140625</ele><time>2025-10-11T20:30:17.000Z</time><extensions/></trkpt><trkpt lat="41.500002136453986" lon="-81.6046473942697"><ele>227.4000244140625</ele><time>2025-10-11T20:30:18.000Z</time><extensions/></trkpt><trkpt lat="41.500002136453986" lon="-81.6046473942697"><ele>227.4000244140625</ele><time>2025-10-11T20:30:19.000Z</time><extensions/></trkpt><trkpt lat="41.500002136453986" lon="-81.6046473942697"><ele>227.4000244140625</ele><time>2025-10-11T20:30:20.000Z</time><extensions/></trkpt><trkpt lat="41.500002136453986" lon="-81.6046473942697"><ele>227.4000244140625</ele><time>2025-10-11T20:30:21.000Z</time><extensions/></trkpt><trkpt lat="41.500002136453986" lon="-81.6046473942697"><ele>227.4000244140625</ele><time>2025-10-11T20:30:22.000Z</time><extensions/></trkpt><trkpt lat="41.500002136453986" lon="-81.6046473942697"><ele>227.4000244140625</ele><time>2025-10-11T20:30:23.000Z</time><extensions/></trkpt><trkpt lat="41.500002136453986" lon="-81.6046473942697"><ele>227.4000244140625</ele><time>2025-10-11T20:30:24.000Z</time><extensions/></trkpt><trkpt lat="41.500002136453986" lon="-81.6046473942697"><ele>227.4000244140625</ele><time>2025-10-11T20:30:25.000Z</time><extensions/></trkpt><trkpt lat="41.500002136453986" lon="-81.6046473942697"><ele>227.4000244140625</ele><time>2025-10-11T20:30:26.000Z</time><extensions/></trkpt><trkpt lat="41.500002136453986" lon="-81.6046473942697"><ele>227.4000244140625</ele><time>2025-10-11T20:30:27.000Z</time><extensions/></trkpt><trkpt lat="41.500002136453986" lon="-81.6046473942697"><ele>227.4000244140625</ele><time>2025-10-11T20:30:28.000Z</time><extensions/></trkpt><trkpt lat="41.500002136453986" lon="-81.6046473942697"><ele>227.4000244140625</ele><time>2025-10-11T20:30:29.000Z</time><extensions/></trkpt><trkpt lat="41.500002136453986" lon="-81.6046473942697"><ele>227.4000244140625</ele><time>2025-10-11T20:30:30.000Z</time><extensions/></trkpt><trkpt lat="41.500002136453986" lon="-81.6046473942697"><ele>227.4000244140625</ele><time>2025-10-11T20:30:31.000Z</time><extensions/></trkpt><trkpt lat="41.500002136453986" lon="-81.6046473942697"><ele>227.4000244140625</ele><time>2025-10-11T20:30:32.000Z</time><extensions/></trkpt><trkpt lat="41.500002136453986" lon="-81.6046473942697"><ele>227.4000244140625</ele><time>2025-10-11T20:30:33.000Z</time><extensions/></trkpt><trkpt lat="41.500002136453986" lon="-81.6046473942697"><ele>227.4000244140625</ele><time>2025-10-11T20:30:34.000Z</time><extensions/></trkpt><trkpt lat="41.500002136453986" lon="-81.6046473942697"><ele>227.4000244140625</ele><time>2025-10-11T20:30:35.000Z</time><extensions/></trkpt><trkpt lat="41.500002136453986" lon="-81.6046473942697"><ele>227.4000244140625</ele><time>2025-10-11T20:30:36.000Z</time><extensions/></trkpt><trkpt lat="41.500002136453986" lon="-81.6046473942697"><ele>227.4000244140625</ele><time>2025-10-11T20:30:37.000Z</time><extensions/></trkpt><trkpt lat="41.500002136453986" lon="-81.6046473942697"><ele>227.4000244140625</ele><time>2025-10-11T20:30:38.000Z</time><extensions/></trkpt><trkpt lat="41.500002136453986" lon="-81.6046473942697"><ele>227.4000244140625</ele><time>2025-10-11T20:30:39.000Z</time><extensions/></trkpt><trkpt lat="41.500002136453986" lon="-81.6046473942697"><ele>227.4000244140625</ele><time>2025-10-11T20:30:40.000Z</time><extensions/></trkpt><trkpt lat="41.500002136453986" lon="-81.6046473942697"><ele>227.4000244140625</ele><time>2025-10-11T20:30:41.000Z</time><extensions/></trkpt><trkpt lat="41.500002136453986" lon="-81.6046473942697"><ele>227.4000244140625</ele><time>2025-10-11T20:30:42.000Z</time><extensions/></trkpt><trkpt lat="41.500002136453986" lon="-81.6046473942697"><ele>227.4000244140625</ele><time>2025-10-11T20:30:43.000Z</time><extensions/></trkpt><trkpt lat="41.500002136453986" lon="-81.6046473942697"><ele>227.4000244140625</ele><time>2025-10-11T20:30:44.000Z</time><extensions/></trkpt><trkpt lat="41.500002136453986" lon="-81.6046473942697"><ele>227.4000244140625</ele><time>2025-10-11T20:30:45.000Z</time><extensions/></trkpt><trkpt lat="41.500002136453986" lon="-81.6046473942697"><ele>227.4000244140625</ele><time>2025-10-11T20:30:46.000Z</time><extensions/></trkpt><trkpt lat="41.500002136453986" lon="-81.6046473942697"><ele>227.4000244140625</ele><time>2025-10-11T20:30:47.000Z</time><extensions/></trkpt><trkpt lat="41.500002136453986" lon="-81.6046473942697"><ele>227.4000244140625</ele><time>2025-10-11T20:30:48.000Z</time><extensions/></trkpt><trkpt lat="41.500002136453986" lon="-81.6046473942697"><ele>227.4000244140625</ele><time>2025-10-11T20:30:49.000Z</time><extensions/></trkpt><trkpt lat="41.500002136453986" lon="-81.6046473942697"><ele>227.4000244140625</ele><time>2025-10-11T20:30:50.000Z</time><extensions/></trkpt><trkpt lat="41.500002136453986" lon="-81.6046473942697"><ele>227.4000244140625</ele><time>2025-10-11T20:30:51.000Z</time><extensions/></trkpt><trkpt lat="41.500002136453986" lon="-81.6046473942697"><ele>227.4000244140625</ele><time>2025-10-11T20:30:52.000Z</time><extensions/></trkpt><trkpt lat="41.500002136453986" lon="-81.6046473942697"><ele>227.4000244140625</ele><time>2025-10-11T20:30:53.000Z</time><extensions/></trkpt><trkpt lat="41.500002136453986" lon="-81.6046473942697"><ele>227.4000244140625</ele><time>2025-10-11T20:30:54.000Z</time><extensions/></trkpt><trkpt lat="41.500002136453986" lon="-81.6046473942697"><ele>227.4000244140625</ele><time>2025-10-11T20:30:55.000Z</time><extensions/></trkpt><trkpt lat="41.500002136453986" lon="-81.6046473942697"><ele>227.4000244140625</ele><time>2025-10-11T20:30:56.000Z</time><extensions/></trkpt><trkpt lat="41.500002136453986" lon="-81.6046473942697"><ele>227.4000244140625</ele><time>2025-10-11T20:30:57.000Z</time><extensions/></trkpt><trkpt lat="41.500002136453986" lon="-81.6046473942697"><ele>227.4000244140625</ele><time>2025-10-11T20:30:58.000Z</time><extensions/></trkpt><trkpt lat="41.500002136453986" lon="-81.6046473942697"><ele>227.4000244140625</ele><time>2025-10-11T20:30:59.000Z</time><extensions/></trkpt><trkpt lat="41.500002136453986" lon="-81.6046473942697"><ele>227.4000244140625</ele><time>2025-10-11T20:31:00.000Z</time><extensions/></trkpt><trkpt lat="41.500002136453986" lon="-81.6046473942697"><ele>227.4000244140625</ele><time>2025-10-11T20:31:01.000Z</time><extensions/></trkpt><trkpt lat="41.500002136453986" lon="-81.6046473942697"><ele>227.4000244140625</ele><time>2025-10-11T20:31:02.000Z</time><extensions/></trkpt><trkpt lat="41.500002136453986" lon="-81.6046473942697"><ele>227.4000244140625</ele><time>2025-10-11T20:31:03.000Z</time><extensions/></trkpt><trkpt lat="41.500002136453986" lon="-81.6046473942697"><ele>227.4000244140625</ele><time>2025-10-11T20:31:04.000Z</time><extensions/></trkpt><trkpt lat="41.500002136453986" lon="-81.6046473942697"><ele>227.4000244140625</ele><time>2025-10-11T20:31:05.000Z</time><extensions/></trkpt><trkpt lat="41.500002136453986" lon="-81.6046473942697"><ele>227.4000244140625</ele><time>2025-10-11T20:31:06.000Z</time><extensions/></trkpt><trkpt lat="41.500002136453986" lon="-81.6046473942697"><ele>227.4000244140625</ele><time>2025-10-11T20:31:07.000Z</time><extensions/></trkpt><trkpt lat="41.500002136453986" lon="-81.6046473942697"><ele>227.4000244140625</ele><time>2025-10-11T20:31:08.000Z</time><extensions/></trkpt><trkpt lat="41.500002136453986" lon="-81.6046473942697"><ele>227.4000244140625</ele><time>2025-10-11T20:31:09.000Z</time><extensions/></trkpt><trkpt lat="41.500002136453986" lon="-81.6046473942697"><ele>227.4000244140625</ele><time>2025-10-11T20:31:10.000Z</time><extensions/></trkpt><trkpt lat="41.500002136453986" lon="-81.6046473942697"><ele>227.4000244140625</ele><time>2025-10-11T20:31:11.000Z</time><extensions/></trkpt><trkpt lat="41.500002136453986" lon="-81.6046473942697"><ele>227.4000244140625</ele><time>2025-10-11T20:31:12.000Z</time><extensions/></trkpt><trkpt lat="41.500002136453986" lon="-81.6046473942697"><ele>227.4000244140625</ele><time>2025-10-11T20:31:13.000Z</time><extensions/></trkpt><trkpt lat="41.500002136453986" lon="-81.6046473942697"><ele>227.4000244140625</ele><time>2025-10-11T20:31:14.000Z</time><extensions/></trkpt><trkpt lat="41.500002136453986" lon="-81.6046473942697"><ele>227.4000244140625</ele><time>2025-10-11T20:31:15.000Z</time><extensions/></trkpt><trkpt lat="41.500002136453986" lon="-81.6046473942697"><ele>227.4000244140625</ele><time>2025-10-11T20:31:16.000Z</time><extensions/></trkpt><trkpt lat="41.500002136453986" lon="-81.6046473942697"><ele>227.4000244140625</ele><time>2025-10-11T20:31:17.000Z</time><extensions/></trkpt><trkpt lat="41.500002136453986" lon="-81.6046473942697"><ele>227.4000244140625</ele><time>2025-10-11T20:31:18.000Z</time><extensions/></trkpt><trkpt lat="41.500002136453986" lon="-81.6046473942697"><ele>227.4000244140625</ele><time>2025-10-11T20:31:19.000Z</time><extensions/></trkpt><trkpt lat="41.500002136453986" lon="-81.6046473942697"><ele>227.4000244140625</ele><time>2025-10-11T20:31:20.000Z</time><extensions/></trkpt><trkpt lat="41.500002136453986" lon="-81.6046473942697"><ele>227.4000244140625</ele><time>2025-10-11T20:31:21.000Z</time><extensions/></trkpt><trkpt lat="41.500002136453986" lon="-81.6046473942697"><ele>227.4000244140625</ele><time>2025-10-11T20:31:22.000Z</time><extensions/></trkpt><trkpt lat="41.500002136453986" lon="-81.6046473942697"><ele>227.4000244140625</ele><time>2025-10-11T20:31:23.000Z</time><extensions/></trkpt><trkpt lat="41.500002136453986" lon="-81.6046473942697"><ele>227.4000244140625</ele><time>2025-10-11T20:31:24.000Z</time><extensions/></trkpt><trkpt lat="41.500002136453986" lon="-81.6046473942697"><ele>227.4000244140625</ele><time>2025-10-11T20:31:25.000Z</time><extensions/></trkpt><trkpt lat="41.500002136453986" lon="-81.6046473942697"><ele>227.4000244140625</ele><time>2025-10-11T20:31:26.000Z</time><extensions/></trkpt><trkpt lat="41.500002136453986" lon="-81.6046473942697"><ele>227.4000244140625</ele><time>2025-10-11T20:31:27.000Z</time><extensions/></trkpt><trkpt lat="41.500002136453986" lon="-81.6046473942697"><ele>227.4000244140625</ele><time>2025-10-11T20:31:28.000Z</time><extensions/></trkpt><trkpt lat="41.500002136453986" lon="-81.6046473942697"><ele>227.4000244140625</ele><time>2025-10-11T20:31:29.000Z</time><extensions/></trkpt><trkpt lat="41.500002136453986" lon="-81.6046473942697"><ele>227.4000244140625</ele><time>2025-10-11T20:31:30.000Z</time><extensions/></trkpt><trkpt lat="41.500002136453986" lon="-81.6046473942697"><ele>227.4000244140625</ele><time>2025-10-11T20:31:31.000Z</time><extensions/></trkpt><trkpt lat="41.500002136453986" lon="-81.6046473942697"><ele>227.4000244140625</ele><time>2025-10-11T20:31:32.000Z</time><extensions/></trkpt><trkpt lat="41.500002136453986" lon="-81.6046473942697"><ele>227.4000244140625</ele><time>2025-10-11T20:31:33.000Z</time><extensions/></trkpt><trkpt lat="41.500002136453986" lon="-81.6046473942697"><ele>227.4000244140625</ele><time>2025-10-11T20:31:34.000Z</time><extensions/></trkpt><trkpt lat="41.500002136453986" lon="-81.6046473942697"><ele>227.4000244140625</ele><time>2025-10-11T20:31:35.000Z</time><extensions/></trkpt><trkpt lat="41.500002136453986" lon="-81.6046473942697"><ele>227.4000244140625</ele><time>2025-10-11T20:31:36.000Z</time><extensions/></trkpt><trkpt lat="41.500002136453986" lon="-81.6046473942697"><ele>227.4000244140625</ele><time>2025-10-11T20:31:37.000Z</time><extensions/></trkpt><trkpt lat="41.500002136453986" lon="-81.6046473942697"><ele>227.4000244140625</ele><time>2025-10-11T20:31:38.000Z</time><extensions/></trkpt><trkpt lat="41.500002136453986" lon="-81.6046473942697"><ele>227.4000244140625</ele><time>2025-10-11T20:31:39.000Z</time><extensions/></trkpt><trkpt lat="41.500002136453986" lon="-81.6046473942697"><ele>227.4000244140625</ele><time>2025-10-11T20:31:40.000Z</time><extensions/></trkpt><trkpt lat="41.500002136453986" lon="-81.6046473942697"><ele>227.4000244140625</ele><time>2025-10-11T20:31:41.000Z</time><extensions/></trkpt><trkpt lat="41.500002136453986" lon="-81.6046473942697"><ele>227.4000244140625</ele><time>2025-10-11T20:31:42.000Z</time><extensions/></trkpt><trkpt lat="41.500002136453986" lon="-81.6046473942697"><ele>227.4000244140625</ele><time>2025-10-11T20:31:43.000Z</time><extensions/></trkpt><trkpt lat="41.500002136453986" lon="-81.6046473942697"><ele>227.4000244140625</ele><time>2025-10-11T20:31:44.000Z</time><extensions/></trkpt><trkpt lat="41.500002136453986" lon="-81.6046473942697"><ele>227.4000244140625</ele><time>2025-10-11T20:31:45.000Z</time><extensions/></trkpt><trkpt lat="41.500002136453986" lon="-81.6046473942697"><ele>227.4000244140625</ele><time>2025-10-11T20:31:46.000Z</time><extensions/></trkpt><trkpt lat="41.500002136453986" lon="-81.6046473942697"><ele>227.4000244140625</ele><time>2025-10-11T20:31:47.000Z</time><extensions/></trkpt><trkpt lat="41.500002136453986" lon="-81.6046473942697"><ele>227.4000244140625</ele><time>2025-10-11T20:31:48.000Z</time><extensions/></trkpt><trkpt lat="41.500002136453986" lon="-81.6046473942697"><ele>227.4000244140625</ele><time>2025-10-11T20:31:49.000Z</time><extensions/></trkpt><trkpt lat="41.500002136453986" lon="-81.6046473942697"><ele>227.4000244140625</ele><time>2025-10-11T20:31:50.000Z</time><extensions/></trkpt><trkpt lat="41.500002136453986" lon="-81.6046473942697"><ele>227.4000244140625</ele><time>2025-10-11T20:31:51.000Z</time><extensions/></trkpt><trkpt lat="41.500002136453986" lon="-81.6046473942697"><ele>227.4000244140625</ele><time>2025-10-11T20:31:52.000Z</time><extensions/></trkpt><trkpt lat="41.500002136453986" lon="-81.6046473942697"><ele>227.4000244140625</ele><time>2025-10-11T20:31:53.000Z</time><extensions/></trkpt><trkpt lat="41.500002136453986" lon="-81.6046473942697"><ele>227.4000244140625</ele><time>2025-10-11T20:31:54.000Z</time><extensions/></trkpt><trkpt lat="41.500002136453986" lon="-81.6046473942697"><ele>227.4000244140625</ele><time>2025-10-11T20:31:55.000Z</time><extensions/></trkpt><trkpt lat="41.500002136453986" lon="-81.6046473942697"><ele>227.4000244140625</ele><time>2025-10-11T20:31:56.000Z</time><extensions/></trkpt><trkpt lat="41.500002136453986" lon="-81.6046473942697"><ele>227.4000244140625</ele><time>2025-10-11T20:31:57.000Z</time><extensions/></trkpt><trkpt lat="41.500002136453986" lon="-81.6046473942697"><ele>227.4000244140625</ele><time>2025-10-11T20:31:58.000Z</time><extensions/></trkpt><trkpt lat="41.500002136453986" lon="-81.6046473942697"><ele>227.4000244140625</ele><time>2025-10-11T20:31:59.000Z</time><extensions/></trkpt><trkpt lat="41.500002136453986" lon="-81.6046473942697"><ele>227.4000244140625</ele><time>2025-10-11T20:32:00.000Z</time><extensions/></trkpt><trkpt lat="41.500002136453986" lon="-81.6046473942697"><ele>227.4000244140625</ele><time>2025-10-11T20:32:01.000Z</time><extensions/></trkpt><trkpt lat="41.500002136453986" lon="-81.6046473942697"><ele>227.4000244140625</ele><time>2025-10-11T20:32:02.000Z</time><extensions/></trkpt><trkpt lat="41.500002136453986" lon="-81.6046473942697"><ele>227.4000244140625</ele><time>2025-10-11T20:32:03.000Z</time><extensions/></trkpt><trkpt lat="41.500002136453986" lon="-81.6046473942697"><ele>227.4000244140625</ele><time>2025-10-11T20:32:04.000Z</time><extensions/></trkpt><trkpt lat="41.500002136453986" lon="-81.6046473942697"><ele>227.4000244140625</ele><time>2025-10-11T20:32:05.000Z</time><extensions/></trkpt><trkpt lat="41.500002136453986" lon="-81.6046473942697"><ele>227.4000244140625</ele><time>2025-10-11T20:32:06.000Z</time><extensions/></trkpt><trkpt lat="41.500002136453986" lon="-81.6046473942697"><ele>227.4000244140625</ele><time>2025-10-11T20:32:07.000Z</time><extensions/></trkpt><trkpt lat="41.500002136453986" lon="-81.6046473942697"><ele>227.4000244140625</ele><time>2025-10-11T20:32:08.000Z</time><extensions/></trkpt><trkpt lat="41.500002136453986" lon="-81.6046473942697"><ele>227.4000244140625</ele><time>2025-10-11T20:32:09.000Z</time><extensions/></trkpt><trkpt lat="41.500002136453986" lon="-81.6046473942697"><ele>227.4000244140625</ele><time>2025-10-11T20:32:10.000Z</time><extensions/></trkpt><trkpt lat="41.500002136453986" lon="-81.6046473942697"><ele>227.4000244140625</ele><time>2025-10-11T20:32:11.000Z</time><extensions/></trkpt><trkpt lat="41.500002136453986" lon="-81.6046473942697"><ele>227.4000244140625</ele><time>2025-10-11T20:32:12.000Z</time><extensions/></trkpt><trkpt lat="41.500002136453986" lon="-81.6046473942697"><ele>227.4000244140625</ele><time>2025-10-11T20:32:13.000Z</time><extensions/></trkpt><trkpt lat="41.500002136453986" lon="-81.6046473942697"><ele>227.4000244140625</ele><time>2025-10-11T20:32:14.000Z</time><extensions/></trkpt><trkpt lat="41.500002136453986" lon="-81.6046473942697"><ele>227.4000244140625</ele><time>2025-10-11T20:32:15.000Z</time><extensions/></trkpt><trkpt lat="41.500002136453986" lon="-81.6046473942697"><ele>227.4000244140625</ele><time>2025-10-11T20:32:16.000Z</time><extensions/></trkpt><trkpt lat="41.500002136453986" lon="-81.6046473942697"><ele>227.4000244140625</ele><time>2025-10-11T20:32:17.000Z</time><extensions/></trkpt><trkpt lat="41.500002136453986" lon="-81.6046473942697"><ele>227.4000244140625</ele><time>2025-10-11T20:32:18.000Z</time><extensions/></trkpt><trkpt lat="41.500002136453986" lon="-81.6046473942697"><ele>227.4000244140625</ele><time>2025-10-11T20:32:19.000Z</time><extensions/></trkpt><trkpt lat="41.500002136453986" lon="-81.6046473942697"><ele>227.4000244140625</ele><time>2025-10-11T20:32:20.000Z</time><extensions/></trkpt><trkpt lat="41.500002136453986" lon="-81.6046473942697"><ele>227.4000244140625</ele><time>2025-10-11T20:32:21.000Z</time><extensions/></trkpt><trkpt lat="41.500002136453986" lon="-81.6046473942697"><ele>227.4000244140625</ele><time>2025-10-11T20:32:22.000Z</time><extensions/></trkpt><trkpt lat="41.500002136453986" lon="-81.6046473942697"><ele>227.4000244140625</ele><time>2025-10-11T20:32:23.000Z</time><extensions/></trkpt><trkpt lat="41.500002136453986" lon="-81.6046473942697"><ele>227.4000244140625</ele><time>2025-10-11T20:32:24.000Z</time><extensions/></trkpt><trkpt lat="41.500002136453986" lon="-81.6046473942697"><ele>227.4000244140625</ele><time>2025-10-11T20:32:25.000Z</time><extensions/></trkpt><trkpt lat="41.500002136453986" lon="-81.6046473942697"><ele>227.4000244140625</ele><time>2025-10-11T20:32:26.000Z</time><extensions/></trkpt><trkpt lat="41.500002136453986" lon="-81.6046473942697"><ele>227.4000244140625</ele><time>2025-10-11T20:32:27.000Z</time><extensions/></trkpt><trkpt lat="41.500002136453986" lon="-81.6046473942697"><ele>227.4000244140625</ele><time>2025-10-11T20:32:28.000Z</time><extensions/></trkpt><trkpt lat="41.500002136453986" lon="-81.6046473942697"><ele>227.4000244140625</ele><time>2025-10-11T20:32:29.000Z</time><extensions/></trkpt><trkpt lat="41.500002136453986" lon="-81.6046473942697"><ele>227.4000244140625</ele><time>2025-10-11T20:32:30.000Z</time><extensions/></trkpt><trkpt lat="41.500002136453986" lon="-81.6046473942697"><ele>227.4000244140625</ele><time>2025-10-11T20:32:31.000Z</time><extensions/></trkpt><trkpt lat="41.500002136453986" lon="-81.6046473942697"><ele>227.4000244140625</ele><time>2025-10-11T20:32:32.000Z</time><extensions/></trkpt><trkpt lat="41.499994257465005" lon="-81.60461973398924"><ele>225.79998779296875</ele><time>2025-10-11T20:32:33.000Z</time><extensions/></trkpt><trkpt lat="41.49998721666634" lon="-81.60462224856019"><ele>225.79998779296875</ele><time>2025-10-11T20:32:34.000Z</time><extensions/></trkpt><trkpt lat="41.4999738894403" lon="-81.60460724495351"><ele>226.0</ele><time>2025-10-11T20:32:35.000Z</time><extensions/></trkpt><trkpt lat="41.49996274150908" lon="-81.60459475591779"><ele>226.0</ele><time>2025-10-11T20:32:36.000Z</time><extensions/></trkpt><trkpt lat="41.499956622719765" lon="-81.60458704456687"><ele>226.0</ele><time>2025-10-11T20:32:37.000Z</time><extensions/></trkpt><trkpt lat="41.499953269958496" lon="-81.60457824356854"><ele>226.0</ele><time>2025-10-11T20:32:38.000Z</time><extensions/></trkpt><trkpt lat="41.49995016865432" lon="-81.60456818528473"><ele>226.0</ele><time>2025-10-11T20:32:39.000Z</time><extensions/></trkpt><trkpt lat="41.4999477379024" lon="-81.60455343313515"><ele>226.20001220703125</ele><time>2025-10-11T20:32:40.000Z</time><extensions/></trkpt><trkpt lat="41.49994522333145" lon="-81.60453842952847"><ele>226.20001220703125</ele><time>2025-10-11T20:32:41.000Z</time><extensions/></trkpt><trkpt lat="41.49994287639856" lon="-81.60452225245535"><ele>226.20001220703125</ele><time>2025-10-11T20:32:42.000Z</time><extensions/></trkpt><trkpt lat="41.49994019418955" lon="-81.60450674593449"><ele>226.20001220703125</ele><time>2025-10-11T20:32:43.000Z</time><extensions/></trkpt><trkpt lat="41.49993918836117" lon="-81.60449425689876"><ele>226.20001220703125</ele><time>2025-10-11T20:32:44.000Z</time><extensions/></trkpt><trkpt lat="41.49993784725666" lon="-81.60448336042464"><ele>226.4000244140625</ele><time>2025-10-11T20:32:45.000Z</time><extensions/></trkpt><trkpt lat="41.49993306957185" lon="-81.60447305068374"><ele>226.4000244140625</ele><time>2025-10-11T20:32:46.000Z</time><extensions/></trkpt><trkpt lat="41.499926364049315" lon="-81.60446098074317"><ele>226.4000244140625</ele><time>2025-10-11T20:32:47.000Z</time><extensions/></trkpt><trkpt lat="41.49992125108838" lon="-81.60444773733616"><ele>226.4000244140625</ele><time>2025-10-11T20:32:48.000Z</time><extensions/></trkpt><trkpt lat="41.49991739541292" lon="-81.60443466156721"><ele>226.5999755859375</ele><time>2025-10-11T20:32:49.000Z</time><extensions/></trkpt><trkpt lat="41.49991697631776" lon="-81.60442099906504"><ele>226.5999755859375</ele><time>2025-10-11T20:32:50.000Z</time><extensions/></trkpt><trkpt lat="41.49991689249873" lon="-81.60440976731479"><ele>226.5999755859375</ele><time>2025-10-11T20:32:51.000Z</time><extensions/></trkpt><trkpt lat="41.49991303682327" lon="-81.60440146923065"><ele>226.5999755859375</ele><time>2025-10-11T20:32:52.000Z</time><extensions/></trkpt><trkpt lat="41.49991345591843" lon="-81.60439685918391"><ele>226.5999755859375</ele><time>2025-10-11T20:32:53.000Z</time><extensions/></trkpt><trkpt lat="41.49991437792778" lon="-81.60438688471913"><ele>226.79998779296875</ele><time>2025-10-11T20:32:54.000Z</time><extensions/></trkpt><trkpt lat="41.499915048480034" lon="-81.60437632352114"><ele>226.79998779296875</ele><time>2025-10-11T20:32:55.000Z</time><extensions/></trkpt><trkpt lat="41.49991278536618" lon="-81.60436375066638"><ele>226.79998779296875</ele><time>2025-10-11T20:32:56.000Z</time><extensions/></trkpt><trkpt lat="41.499913623556495" lon="-81.60435419529676"><ele>226.79998779296875</ele><time>2025-10-11T20:32:57.000Z</time><extensions/></trkpt><trkpt lat="41.499911695718765" lon="-81.60433977842331"><ele>227.0</ele><time>2025-10-11T20:32:58.000Z</time><extensions/></trkpt><trkpt lat="41.49991303682327" lon="-81.60432779230177"><ele>227.0</ele><time>2025-10-11T20:32:59.000Z</time><extensions/></trkpt><trkpt lat="41.499909767881036" lon="-81.6043162252754"><ele>227.0</ele><time>2025-10-11T20:33:00.000Z</time><extensions/></trkpt><trkpt lat="41.499907840043306" lon="-81.60430633462965"><ele>227.0</ele><time>2025-10-11T20:33:01.000Z</time><extensions/></trkpt><trkpt lat="41.499909684062004" lon="-81.60429292358458"><ele>227.0</ele><time>2025-10-11T20:33:02.000Z</time><extensions/></trkpt><trkpt lat="41.49990943260491" lon="-81.60428051836789"><ele>227.0</ele><time>2025-10-11T20:33:03.000Z</time><extensions/></trkpt><trkpt lat="41.49990859441459" lon="-81.60426844842732"><ele>227.20001220703125</ele><time>2025-10-11T20:33:04.000Z</time><extensions/></trkpt><trkpt lat="41.4999083429575" lon="-81.60425436682999"><ele>227.20001220703125</ele><time>2025-10-11T20:33:05.000Z</time><extensions/></trkpt><trkpt lat="41.49989677593112" lon="-81.60423207096756"><ele>227.20001220703125</ele><time>2025-10-11T20:33:06.000Z</time><extensions/></trkpt><trkpt lat="41.49989828467369" lon="-81.6042194981128"><ele>227.20001220703125</ele><time>2025-10-11T20:33:07.000Z</time><extensions/></trkpt><trkpt lat="41.49990063160658" lon="-81.60420114174485"><ele>227.4000244140625</ele><time>2025-10-11T20:33:08.000Z</time><extensions/></trkpt><trkpt lat="41.4998996257782" lon="-81.60418245010078"><ele>227.4000244140625</ele><time>2025-10-11T20:33:09.000Z</time><extensions/></trkpt><trkpt lat="41.49989677593112" lon="-81.60416308790445"><ele>227.4000244140625</ele><time>2025-10-11T20:33:10.000Z</time><extensions/></trkpt><trkpt lat="41.49989568628371" lon="-81.60414464771748"><ele>227.4000244140625</ele><time>2025-10-11T20:33:11.000Z</time><extensions/></trkpt><trkpt lat="41.49989954195917" lon="-81.60413458943367"><ele>227.4000244140625</ele><time>2025-10-11T20:33:12.000Z</time><extensions/></trkpt><trkpt lat="41.49990742094815" lon="-81.60412511788309"><ele>227.4000244140625</ele><time>2025-10-11T20:33:13.000Z</time><extensions/></trkpt><trkpt lat="41.49991303682327" lon="-81.60411514341831"><ele>227.4000244140625</ele><time>2025-10-11T20:33:14.000Z</time><extensions/></trkpt><trkpt lat="41.49991303682327" lon="-81.60411514341831"><ele>227.5999755859375</ele><time>2025-10-11T20:33:15.000Z</time><extensions/></trkpt><trkpt lat="41.49992569349706" lon="-81.60409728996456"><ele>227.5999755859375</ele><time>2025-10-11T20:33:16.000Z</time><extensions/></trkpt><trkpt lat="41.499928794801235" lon="-81.60408253781497"><ele>227.4000244140625</ele><time>2025-10-11T20:33:17.000Z</time><extensions/></trkpt><trkpt lat="41.49992938153446" lon="-81.6040691267699"><ele>227.4000244140625</ele><time>2025-10-11T20:33:18.000Z</time><extensions/></trkpt><trkpt lat="41.49993449449539" lon="-81.60405496135354"><ele>227.20001220703125</ele><time>2025-10-11T20:33:19.000Z</time><extensions/></trkpt><trkpt lat="41.49993885308504" lon="-81.60404171794653"><ele>227.20001220703125</ele><time>2025-10-11T20:33:20.000Z</time><extensions/></trkpt><trkpt lat="41.49994404986501" lon="-81.60403023473918"><ele>227.20001220703125</ele><time>2025-10-11T20:33:21.000Z</time><extensions/></trkpt><trkpt lat="41.499943379312754" lon="-81.60401799716055"><ele>227.20001220703125</ele><time>2025-10-11T20:33:22.000Z</time><extensions/></trkpt><trkpt lat="41.49994304403663" lon="-81.6040117945522"><ele>227.20001220703125</ele><time>2025-10-11T20:33:23.000Z</time><extensions/></trkpt><trkpt lat="41.49993281811476" lon="-81.60400005988777"><ele>227.0</ele><time>2025-10-11T20:33:24.000Z</time><extensions/></trkpt><trkpt lat="41.49993256665766" lon="-81.60399452783167"><ele>227.0</ele><time>2025-10-11T20:33:25.000Z</time><extensions/></trkpt><trkpt lat="41.49993256665766" lon="-81.60399452783167"><ele>227.0</ele><time>2025-10-11T20:33:26.000Z</time><extensions/></trkpt><trkpt lat="41.49993256665766" lon="-81.60399452783167"><ele>227.0</ele><time>2025-10-11T20:33:27.000Z</time><extensions/></trkpt><trkpt lat="41.49993256665766" lon="-81.60399452783167"><ele>227.0</ele><time>2025-10-11T20:33:28.000Z</time><extensions/></trkpt><trkpt lat="41.49993256665766" lon="-81.60399452783167"><ele>227.0</ele><time>2025-10-11T20:33:29.000Z</time><extensions/></trkpt><trkpt lat="41.49993256665766" lon="-81.60399452783167"><ele>227.0</ele><time>2025-10-11T20:33:30.000Z</time><extensions/></trkpt><trkpt lat="41.49993256665766" lon="-81.60399452783167"><ele>227.0</ele><time>2025-10-11T20:33:31.000Z</time><extensions/></trkpt><trkpt lat="41.49993256665766" lon="-81.60399452783167"><ele>227.0</ele><time>2025-10-11T20:33:32.000Z</time><extensions/></trkpt><trkpt lat="41.49993256665766" lon="-81.60399452783167"><ele>227.0</ele><time>2025-10-11T20:33:33.000Z</time><extensions/></trkpt><trkpt lat="41.49993256665766" lon="-81.60399452783167"><ele>227.0</ele><time>2025-10-11T20:33:34.000Z</time><extensions/></trkpt><trkpt lat="41.49993256665766" lon="-81.60399452783167"><ele>227.0</ele><time>2025-10-11T20:33:35.000Z</time><extensions/></trkpt><trkpt lat="41.49993256665766" lon="-81.60399452783167"><ele>227.0</ele><time>2025-10-11T20:33:36.000Z</time><extensions/></trkpt><trkpt lat="41.49993256665766" lon="-81.60399452783167"><ele>227.0</ele><time>2025-10-11T20:33:37.000Z</time><extensions/></trkpt><trkpt lat="41.49993256665766" lon="-81.60399452783167"><ele>227.0</ele><time>2025-10-11T20:33:38.000Z</time><extensions/></trkpt><trkpt lat="41.49993256665766" lon="-81.60399452783167"><ele>227.0</ele><time>2025-10-11T20:33:39.000Z</time><extensions/></trkpt><trkpt lat="41.49993256665766" lon="-81.60399452783167"><ele>227.0</ele><time>2025-10-11T20:33:40.000Z</time><extensions/></trkpt><trkpt lat="41.49993256665766" lon="-81.60399452783167"><ele>227.0</ele><time>2025-10-11T20:33:41.000Z</time><extensions/></trkpt><trkpt lat="41.49993256665766" lon="-81.60399452783167"><ele>227.0</ele><time>2025-10-11T20:33:42.000Z</time><extensions/></trkpt><trkpt lat="41.49993256665766" lon="-81.60399452783167"><ele>227.0</ele><time>2025-10-11T20:33:43.000Z</time><extensions/></trkpt><trkpt lat="41.49993256665766" lon="-81.60399452783167"><ele>227.0</ele><time>2025-10-11T20:33:44.000Z</time><extensions/></trkpt><trkpt lat="41.49993256665766" lon="-81.60399452783167"><ele>227.0</ele><time>2025-10-11T20:33:45.000Z</time><extensions/></trkpt><trkpt lat="41.49993256665766" lon="-81.60399452783167"><ele>227.0</ele><time>2025-10-11T20:33:46.000Z</time><extensions/></trkpt><trkpt lat="41.49993256665766" lon="-81.60399452783167"><ele>227.0</ele><time>2025-10-11T20:33:47.000Z</time><extensions/></trkpt><trkpt lat="41.49993256665766" lon="-81.60399452783167"><ele>227.0</ele><time>2025-10-11T20:33:48.000Z</time><extensions/></trkpt><trkpt lat="41.49993256665766" lon="-81.60399452783167"><ele>227.0</ele><time>2025-10-11T20:33:49.000Z</time><extensions/></trkpt><trkpt lat="41.49993256665766" lon="-81.60399452783167"><ele>227.0</ele><time>2025-10-11T20:33:50.000Z</time><extensions/></trkpt><trkpt lat="41.49993256665766" lon="-81.60399452783167"><ele>227.0</ele><time>2025-10-11T20:33:51.000Z</time><extensions/></trkpt><trkpt lat="41.49993256665766" lon="-81.60399452783167"><ele>227.0</ele><time>2025-10-11T20:33:52.000Z</time><extensions/></trkpt><trkpt lat="41.49993256665766" lon="-81.60399452783167"><ele>227.0</ele><time>2025-10-11T20:33:53.000Z</time><extensions/></trkpt><trkpt lat="41.49993256665766" lon="-81.60399452783167"><ele>227.0</ele><time>2025-10-11T20:33:54.000Z</time><extensions/></trkpt><trkpt lat="41.49993256665766" lon="-81.60399452783167"><ele>227.0</ele><time>2025-10-11T20:33:55.000Z</time><extensions/></trkpt><trkpt lat="41.49993256665766" lon="-81.60399452783167"><ele>227.0</ele><time>2025-10-11T20:33:56.000Z</time><extensions/></trkpt><trkpt lat="41.49993256665766" lon="-81.60399452783167"><ele>227.0</ele><time>2025-10-11T20:33:57.000Z</time><extensions/></trkpt><trkpt lat="41.49993256665766" lon="-81.60399452783167"><ele>227.0</ele><time>2025-10-11T20:33:58.000Z</time><extensions/></trkpt><trkpt lat="41.49993256665766" lon="-81.60399452783167"><ele>227.0</ele><time>2025-10-11T20:33:59.000Z</time><extensions/></trkpt><trkpt lat="41.49993256665766" lon="-81.60399452783167"><ele>227.0</ele><time>2025-10-11T20:34:00.000Z</time><extensions/></trkpt><trkpt lat="41.4999220892787" lon="-81.6039723996073"><ele>226.79998779296875</ele><time>2025-10-11T20:34:01.000Z</time><extensions/></trkpt><trkpt lat="41.49992225691676" lon="-81.60398161970079"><ele>226.79998779296875</ele><time>2025-10-11T20:34:02.000Z</time><extensions/></trkpt><trkpt lat="41.499919993802905" lon="-81.60399268381298"><ele>226.79998779296875</ele><time>2025-10-11T20:34:03.000Z</time><extensions/></trkpt><trkpt lat="41.499919490888715" lon="-81.6040035802871"><ele>226.5999755859375</ele><time>2025-10-11T20:34:04.000Z</time><extensions/></trkpt><trkpt lat="41.4999186526984" lon="-81.60401875153184"><ele>226.5999755859375</ele><time>2025-10-11T20:34:05.000Z</time><extensions/></trkpt><trkpt lat="41.49992016144097" lon="-81.6040329169482"><ele>226.4000244140625</ele><time>2025-10-11T20:34:06.000Z</time><extensions/></trkpt><trkpt lat="41.49991253390908" lon="-81.60404465161264"><ele>226.4000244140625</ele><time>2025-10-11T20:34:07.000Z</time><extensions/></trkpt><trkpt lat="41.499910270795226" lon="-81.6040556319058"><ele>226.4000244140625</ele><time>2025-10-11T20:34:08.000Z</time><extensions/></trkpt><trkpt lat="41.4999083429575" lon="-81.60406837239861"><ele>226.20001220703125</ele><time>2025-10-11T20:34:09.000Z</time><extensions/></trkpt><trkpt lat="41.49990842677653" lon="-81.60408329218626"><ele>226.20001220703125</ele><time>2025-10-11T20:34:10.000Z</time><extensions/></trkpt><trkpt lat="41.49990742094815" lon="-81.60409544594586"><ele>226.0</ele><time>2025-10-11T20:34:11.000Z</time><extensions/></trkpt><trkpt lat="41.4999064989388" lon="-81.60410986281931"><ele>226.0</ele><time>2025-10-11T20:34:12.000Z</time><extensions/></trkpt><trkpt lat="41.49990348145366" lon="-81.60412629134953"><ele>226.0</ele><time>2025-10-11T20:34:13.000Z</time><extensions/></trkpt><trkpt lat="41.49990079924464" lon="-81.60414163023233"><ele>225.79998779296875</ele><time>2025-10-11T20:34:14.000Z</time><extensions/></trkpt><trkpt lat="41.499898033216596" lon="-81.60415562801063"><ele>225.79998779296875</ele><time>2025-10-11T20:34:15.000Z</time><extensions/></trkpt><trkpt lat="41.49989635683596" lon="-81.60416912287474"><ele>225.79998779296875</ele><time>2025-10-11T20:34:16.000Z</time><extensions/></trkpt><trkpt lat="41.499895099550486" lon="-81.6041851323098"><ele>225.5999755859375</ele><time>2025-10-11T20:34:17.000Z</time><extensions/></trkpt><trkpt lat="41.49989292025566" lon="-81.60420156084001"><ele>225.5999755859375</ele><time>2025-10-11T20:34:18.000Z</time><extensions/></trkpt><trkpt lat="41.49989082477987" lon="-81.60421572625637"><ele>225.4000244140625</ele><time>2025-10-11T20:34:19.000Z</time><extensions/></trkpt><trkpt lat="41.499889232218266" lon="-81.604233244434"><ele>225.4000244140625</ele><time>2025-10-11T20:34:20.000Z</time><extensions/></trkpt><trkpt lat="41.49988763965666" lon="-81.60424782894552"><ele>225.4000244140625</ele><time>2025-10-11T20:34:21.000Z</time><extensions/></trkpt><trkpt lat="41.4998856279999" lon="-81.60426031798124"><ele>225.20001220703125</ele><time>2025-10-11T20:34:22.000Z</time><extensions/></trkpt><trkpt lat="41.499881353229284" lon="-81.6042747348547"><ele>225.20001220703125</ele><time>2025-10-11T20:34:23.000Z</time><extensions/></trkpt><trkpt lat="41.49988009594381" lon="-81.60428923554718"><ele>225.0</ele><time>2025-10-11T20:34:24.000Z</time><extensions/></trkpt><trkpt lat="41.49988537654281" lon="-81.60430641844869"><ele>225.0</ele><time>2025-10-11T20:34:25.000Z</time><extensions/></trkpt><trkpt lat="41.49988864548504" lon="-81.60432066768408"><ele>225.0</ele><time>2025-10-11T20:34:26.000Z</time><extensions/></trkpt><trkpt lat="41.499890657141805" lon="-81.60433676093817"><ele>224.79998779296875</ele><time>2025-10-11T20:34:27.000Z</time><extensions/></trkpt><trkpt lat="41.499894596636295" lon="-81.60435478202999"><ele>224.79998779296875</ele><time>2025-10-11T20:34:28.000Z</time><extensions/></trkpt><trkpt lat="41.4998996257782" lon="-81.60437322221696"><ele>224.5999755859375</ele><time>2025-10-11T20:34:29.000Z</time><extensions/></trkpt><trkpt lat="41.499903397634625" lon="-81.60439216531813"><ele>224.5999755859375</ele><time>2025-10-11T20:34:30.000Z</time><extensions/></trkpt><trkpt lat="41.499906750395894" lon="-81.60441035404801"><ele>224.4000244140625</ele><time>2025-10-11T20:34:31.000Z</time><extensions/></trkpt><trkpt lat="41.49991085752845" lon="-81.60443164408207"><ele>224.4000244140625</ele><time>2025-10-11T20:34:32.000Z</time><extensions/></trkpt><trkpt lat="41.49991479702294" lon="-81.60445184446871"><ele>224.20001220703125</ele><time>2025-10-11T20:34:33.000Z</time><extensions/></trkpt><trkpt lat="41.499918065965176" lon="-81.60446902737021"><ele>224.20001220703125</ele><time>2025-10-11T20:34:34.000Z</time><extensions/></trkpt><trkpt lat="41.49992032907903" lon="-81.60448729991913"><ele>224.0</ele><time>2025-10-11T20:34:35.000Z</time><extensions/></trkpt><trkpt lat="41.49992066435516" lon="-81.60450532101095"><ele>224.0</ele><time>2025-10-11T20:34:36.000Z</time><extensions/></trkpt><trkpt lat="41.49992167018354" lon="-81.6045236773789"><ele>223.79998779296875</ele><time>2025-10-11T20:34:37.000Z</time><extensions/></trkpt><trkpt lat="41.499924352392554" lon="-81.60454362630844"><ele>223.79998779296875</ele><time>2025-10-11T20:34:38.000Z</time><extensions/></trkpt><trkpt lat="41.49992837570608" lon="-81.60456449724734"><ele>223.5999755859375</ele><time>2025-10-11T20:34:39.000Z</time><extensions/></trkpt><trkpt lat="41.49993047118187" lon="-81.60458469763398"><ele>223.4000244140625</ele><time>2025-10-11T20:34:40.000Z</time><extensions/></trkpt><trkpt lat="41.49993382394314" lon="-81.60460447892547"><ele>223.20001220703125</ele><time>2025-10-11T20:34:41.000Z</time><extensions/></trkpt><trkpt lat="41.49993541650474" lon="-81.60462417639792"><ele>223.0</ele><time>2025-10-11T20:34:42.000Z</time><extensions/></trkpt><trkpt lat="41.49993868544698" lon="-81.60464127548039"><ele>223.0</ele><time>2025-10-11T20:34:43.000Z</time><extensions/></trkpt><trkpt lat="41.499941451475024" lon="-81.60466172732413"><ele>222.79998779296875</ele><time>2025-10-11T20:34:44.000Z</time><extensions/></trkpt><trkpt lat="41.49994304403663" lon="-81.60468469373882"><ele>222.5999755859375</ele><time>2025-10-11T20:34:45.000Z</time><extensions/></trkpt><trkpt lat="41.499941451475024" lon="-81.60470698960125"><ele>222.5999755859375</ele><time>2025-10-11T20:34:46.000Z</time><extensions/></trkpt><trkpt lat="41.499939523637295" lon="-81.60472727380693"><ele>222.4000244140625</ele><time>2025-10-11T20:34:47.000Z</time><extensions/></trkpt><trkpt lat="41.499938098713756" lon="-81.60474663600326"><ele>222.20001220703125</ele><time>2025-10-11T20:34:48.000Z</time><extensions/></trkpt><trkpt lat="41.49993868544698" lon="-81.60476189106703"><ele>222.20001220703125</ele><time>2025-10-11T20:34:49.000Z</time><extensions/></trkpt><trkpt lat="41.49993994273245" lon="-81.60477697849274"><ele>222.0</ele><time>2025-10-11T20:34:50.000Z</time><extensions/></trkpt><trkpt lat="41.49993943981826" lon="-81.60479659214616"><ele>221.79998779296875</ele><time>2025-10-11T20:34:51.000Z</time><extensions/></trkpt><trkpt lat="41.499941954389215" lon="-81.6048223245889"><ele>221.5999755859375</ele><time>2025-10-11T20:34:52.000Z</time><extensions/></trkpt><trkpt lat="41.49994329549372" lon="-81.60484755411744"><ele>221.4000244140625</ele><time>2025-10-11T20:34:53.000Z</time><extensions/></trkpt><trkpt lat="41.499941451475024" lon="-81.60486431792378"><ele>221.4000244140625</ele><time>2025-10-11T20:34:54.000Z</time><extensions/></trkpt><trkpt lat="41.49993826635182" lon="-81.6048841830343"><ele>221.4000244140625</ele><time>2025-10-11T20:34:55.000Z</time><extensions/></trkpt><trkpt lat="41.49993726052344" lon="-81.60490094684064"><ele>221.20001220703125</ele><time>2025-10-11T20:34:56.000Z</time><extensions/></trkpt><trkpt lat="41.49993684142828" lon="-81.60491787828505"><ele>221.0</ele><time>2025-10-11T20:34:57.000Z</time><extensions/></trkpt><trkpt lat="41.4999358355999" lon="-81.60494319163263"><ele>220.79998779296875</ele><time>2025-10-11T20:34:58.000Z</time><extensions/></trkpt><trkpt lat="41.49993474595249" lon="-81.60496649332345"><ele>220.5999755859375</ele><time>2025-10-11T20:34:59.000Z</time><extensions/></trkpt><trkpt lat="41.499932734295726" lon="-81.60498769953847"><ele>220.4000244140625</ele><time>2025-10-11T20:35:00.000Z</time><extensions/></trkpt><trkpt lat="41.49993105791509" lon="-81.60500672645867"><ele>220.4000244140625</ele><time>2025-10-11T20:35:01.000Z</time><extensions/></trkpt><trkpt lat="41.49992938153446" lon="-81.60502466373146"><ele>220.20001220703125</ele><time>2025-10-11T20:35:02.000Z</time><extensions/></trkpt><trkpt lat="41.499925861135125" lon="-81.60504033789039"><ele>220.0</ele><time>2025-10-11T20:35:03.000Z</time><extensions/></trkpt><trkpt lat="41.49992267601192" lon="-81.6050567664206"><ele>219.79998779296875</ele><time>2025-10-11T20:35:04.000Z</time><extensions/></trkpt><trkpt lat="41.49991789832711" lon="-81.60507503896952"><ele>219.5999755859375</ele><time>2025-10-11T20:35:05.000Z</time><extensions/></trkpt><trkpt lat="41.49991353973746" lon="-81.60509205423295"><ele>219.4000244140625</ele><time>2025-10-11T20:35:06.000Z</time><extensions/></trkpt><trkpt lat="41.49991001933813" lon="-81.60510806366801"><ele>219.20001220703125</ele><time>2025-10-11T20:35:07.000Z</time><extensions/></trkpt><trkpt lat="41.49991001933813" lon="-81.60512482747436"><ele>219.20001220703125</ele><time>2025-10-11T20:35:08.000Z</time><extensions/></trkpt><trkpt lat="41.49990499019623" lon="-81.60514066927135"><ele>219.0</ele><time>2025-10-11T20:35:09.000Z</time><extensions/></trkpt><trkpt lat="41.49990004487336" lon="-81.60515567287803"><ele>218.79998779296875</ele><time>2025-10-11T20:35:10.000Z</time><extensions/></trkpt><trkpt lat="41.49989543482661" lon="-81.60516615025699"><ele>218.5999755859375</ele><time>2025-10-11T20:35:11.000Z</time><extensions/></trkpt><trkpt lat="41.499888226389885" lon="-81.60517084412277"><ele>218.4000244140625</ele><time>2025-10-11T20:35:12.000Z</time><extensions/></trkpt><trkpt lat="41.49988252669573" lon="-81.60517612472177"><ele>218.4000244140625</ele><time>2025-10-11T20:35:13.000Z</time><extensions/></trkpt><trkpt lat="41.49988126941025" lon="-81.60518366843462"><ele>218.20001220703125</ele><time>2025-10-11T20:35:14.000Z</time><extensions/></trkpt><trkpt lat="41.49987967684865" lon="-81.60518727265298"><ele>218.20001220703125</ele><time>2025-10-11T20:35:15.000Z</time><extensions/></trkpt><trkpt lat="41.49987917393446" lon="-81.60518911667168"><ele>218.20001220703125</ele><time>2025-10-11T20:35:16.000Z</time><extensions/></trkpt><trkpt lat="41.499884286895394" lon="-81.60519439727068"><ele>218.0</ele><time>2025-10-11T20:35:17.000Z</time><extensions/></trkpt><trkpt lat="41.499884286895394" lon="-81.60519439727068"><ele>218.0</ele><time>2025-10-11T20:35:18.000Z</time><extensions/></trkpt><trkpt lat="41.499884286895394" lon="-81.60519439727068"><ele>218.0</ele><time>2025-10-11T20:35:19.000Z</time><extensions/></trkpt><trkpt lat="41.49988789111376" lon="-81.60521686077118"><ele>217.79998779296875</ele><time>2025-10-11T20:35:20.000Z</time><extensions/></trkpt><trkpt lat="41.49988948367536" lon="-81.60522733815014"><ele>217.79998779296875</ele><time>2025-10-11T20:35:21.000Z</time><extensions/></trkpt><trkpt lat="41.49989233352244" lon="-81.605240162462"><ele>217.79998779296875</ele><time>2025-10-11T20:35:22.000Z</time><extensions/></trkpt><trkpt lat="41.49988889694214" lon="-81.60524686798453"><ele>217.79998779296875</ele><time>2025-10-11T20:35:23.000Z</time><extensions/></trkpt><trkpt lat="41.499880934134126" lon="-81.6052451916039"><ele>217.5999755859375</ele><time>2025-10-11T20:35:24.000Z</time><extensions/></trkpt><trkpt lat="41.49986702017486" lon="-81.6052470356226"><ele>217.5999755859375</ele><time>2025-10-11T20:35:25.000Z</time><extensions/></trkpt><trkpt lat="41.49985277093947" lon="-81.60524728707969"><ele>217.5999755859375</ele><time>2025-10-11T20:35:26.000Z</time><extensions/></trkpt><trkpt lat="41.49984648451209" lon="-81.60523764789104"><ele>217.5999755859375</ele><time>2025-10-11T20:35:27.000Z</time><extensions/></trkpt><trkpt lat="41.499847741797566" lon="-81.60523714497685"><ele>217.5999755859375</ele><time>2025-10-11T20:35:28.000Z</time><extensions/></trkpt><trkpt lat="41.49983583949506" lon="-81.60525357350707"><ele>217.5999755859375</ele><time>2025-10-11T20:35:29.000Z</time><extensions/></trkpt><trkpt lat="41.49982628412545" lon="-81.6052708402276"><ele>217.5999755859375</ele><time>2025-10-11T20:35:30.000Z</time><extensions/></trkpt><trkpt lat="41.49981857277453" lon="-81.60528819076717"><ele>217.5999755859375</ele><time>2025-10-11T20:35:31.000Z</time><extensions/></trkpt><trkpt lat="41.49981857277453" lon="-81.60528819076717"><ele>217.5999755859375</ele><time>2025-10-11T20:35:32.000Z</time><extensions/></trkpt><trkpt lat="41.49981857277453" lon="-81.60528819076717"><ele>217.5999755859375</ele><time>2025-10-11T20:35:33.000Z</time><extensions/></trkpt><trkpt lat="41.49981857277453" lon="-81.60528819076717"><ele>217.5999755859375</ele><time>2025-10-11T20:35:34.000Z</time><extensions/></trkpt><trkpt lat="41.49981857277453" lon="-81.60528819076717"><ele>217.5999755859375</ele><time>2025-10-11T20:35:35.000Z</time><extensions/></trkpt><trkpt lat="41.49982837960124" lon="-81.60531509667635"><ele>217.5999755859375</ele><time>2025-10-11T20:35:36.000Z</time><extensions/></trkpt><trkpt lat="41.49983072653413" lon="-81.60531618632376"><ele>217.5999755859375</ele><time>2025-10-11T20:35:37.000Z</time><extensions/></trkpt><trkpt lat="41.49982988834381" lon="-81.60531316883862"><ele>217.5999755859375</ele><time>2025-10-11T20:35:38.000Z</time><extensions/></trkpt><trkpt lat="41.4998269546777" lon="-81.60530847497284"><ele>217.5999755859375</ele><time>2025-10-11T20:35:39.000Z</time><extensions/></trkpt><trkpt lat="41.4998269546777" lon="-81.60530847497284"><ele>217.5999755859375</ele><time>2025-10-11T20:35:40.000Z</time><extensions/></trkpt><trkpt lat="41.4998269546777" lon="-81.60530847497284"><ele>217.5999755859375</ele><time>2025-10-11T20:35:41.000Z</time><extensions/></trkpt><trkpt lat="41.4998269546777" lon="-81.60530847497284"><ele>217.5999755859375</ele><time>2025-10-11T20:35:42.000Z</time><extensions/></trkpt><trkpt lat="41.4998269546777" lon="-81.60530847497284"><ele>217.5999755859375</ele><time>2025-10-11T20:35:43.000Z</time><extensions/></trkpt><trkpt lat="41.4998269546777" lon="-81.60530847497284"><ele>217.5999755859375</ele><time>2025-10-11T20:35:44.000Z</time><extensions/></trkpt><trkpt lat="41.4998269546777" lon="-81.60530847497284"><ele>217.5999755859375</ele><time>2025-10-11T20:35:45.000Z</time><extensions/></trkpt><trkpt lat="41.4998269546777" lon="-81.60530847497284"><ele>217.5999755859375</ele><time>2025-10-11T20:35:46.000Z</time><extensions/></trkpt><trkpt lat="41.4998269546777" lon="-81.60530847497284"><ele>217.5999755859375</ele><time>2025-10-11T20:35:47.000Z</time><extensions/></trkpt><trkpt lat="41.4998269546777" lon="-81.60530847497284"><ele>217.5999755859375</ele><time>2025-10-11T20:35:48.000Z</time><extensions/></trkpt><trkpt lat="41.4998269546777" lon="-81.60530847497284"><ele>217.5999755859375</ele><time>2025-10-11T20:35:49.000Z</time><extensions/></trkpt><trkpt lat="41.4998269546777" lon="-81.60530847497284"><ele>217.5999755859375</ele><time>2025-10-11T20:35:50.000Z</time><extensions/></trkpt><trkpt lat="41.4998269546777" lon="-81.60530847497284"><ele>217.5999755859375</ele><time>2025-10-11T20:35:51.000Z</time><extensions/></trkpt><trkpt lat="41.4998269546777" lon="-81.60530847497284"><ele>217.5999755859375</ele><time>2025-10-11T20:35:52.000Z</time><extensions/></trkpt><trkpt lat="41.4998269546777" lon="-81.60530847497284"><ele>217.5999755859375</ele><time>2025-10-11T20:35:53.000Z</time><extensions/></trkpt><trkpt lat="41.4998269546777" lon="-81.60530847497284"><ele>217.5999755859375</ele><time>2025-10-11T20:35:54.000Z</time><extensions/></trkpt><trkpt lat="41.4998269546777" lon="-81.60530847497284"><ele>217.5999755859375</ele><time>2025-10-11T20:35:55.000Z</time><extensions/></trkpt><trkpt lat="41.4998269546777" lon="-81.60530847497284"><ele>217.5999755859375</ele><time>2025-10-11T20:35:56.000Z</time><extensions/></trkpt><trkpt lat="41.4998269546777" lon="-81.60530847497284"><ele>217.5999755859375</ele><time>2025-10-11T20:35:57.000Z</time><extensions/></trkpt><trkpt lat="41.4998269546777" lon="-81.60530847497284"><ele>217.5999755859375</ele><time>2025-10-11T20:35:58.000Z</time><extensions/></trkpt><trkpt lat="41.4998269546777" lon="-81.60530847497284"><ele>217.5999755859375</ele><time>2025-10-11T20:35:59.000Z</time><extensions/></trkpt><trkpt lat="41.4998269546777" lon="-81.60530847497284"><ele>217.5999755859375</ele><time>2025-10-11T20:36:00.000Z</time><extensions/></trkpt><trkpt lat="41.4998269546777" lon="-81.60530847497284"><ele>217.5999755859375</ele><time>2025-10-11T20:36:01.000Z</time><extensions/></trkpt><trkpt lat="41.4998269546777" lon="-81.60530847497284"><ele>217.5999755859375</ele><time>2025-10-11T20:36:02.000Z</time><extensions/></trkpt><trkpt lat="41.4998269546777" lon="-81.60530847497284"><ele>217.5999755859375</ele><time>2025-10-11T20:36:03.000Z</time><extensions/></trkpt><trkpt lat="41.4998269546777" lon="-81.60530847497284"><ele>217.5999755859375</ele><time>2025-10-11T20:36:04.000Z</time><extensions/></trkpt><trkpt lat="41.4998269546777" lon="-81.60530847497284"><ele>217.5999755859375</ele><time>2025-10-11T20:36:05.000Z</time><extensions/></trkpt><trkpt lat="41.4998269546777" lon="-81.60530847497284"><ele>217.5999755859375</ele><time>2025-10-11T20:36:06.000Z</time><extensions/></trkpt><trkpt lat="41.49984464049339" lon="-81.60532959736884"><ele>217.20001220703125</ele><time>2025-10-11T20:36:07.000Z</time><extensions/></trkpt><trkpt lat="41.49985386058688" lon="-81.60533647052944"><ele>217.20001220703125</ele><time>2025-10-11T20:36:08.000Z</time><extensions/></trkpt><trkpt lat="41.499866181984544" lon="-81.60534569062293"><ele>217.20001220703125</ele><time>2025-10-11T20:36:09.000Z</time><extensions/></trkpt><trkpt lat="41.499883867800236" lon="-81.60535843111575"><ele>217.20001220703125</ele><time>2025-10-11T20:36:10.000Z</time><extensions/></trkpt><trkpt lat="41.49990205653012" lon="-81.6053730994463"><ele>217.20001220703125</ele><time>2025-10-11T20:36:11.000Z</time><extensions/></trkpt><trkpt lat="41.49992175400257" lon="-81.60538743250072"><ele>217.4000244140625</ele><time>2025-10-11T20:36:12.000Z</time><extensions/></trkpt><trkpt lat="41.49994513951242" lon="-81.60541215911508"><ele>217.4000244140625</ele><time>2025-10-11T20:36:13.000Z</time><extensions/></trkpt><trkpt lat="41.49998612701893" lon="-81.60544325597584"><ele>217.20001220703125</ele><time>2025-10-11T20:36:14.000Z</time><extensions/></trkpt><trkpt lat="41.500021666288376" lon="-81.60547519102693"><ele>217.20001220703125</ele><time>2025-10-11T20:36:15.000Z</time><extensions/></trkpt><trkpt lat="41.500046057626605" lon="-81.60549279302359"><ele>217.20001220703125</ele><time>2025-10-11T20:36:16.000Z</time><extensions/></trkpt><trkpt lat="41.5000531822443" lon="-81.60553294233978"><ele>217.20001220703125</ele><time>2025-10-11T20:36:17.000Z</time><extensions/></trkpt><trkpt lat="41.500069024041295" lon="-81.60556051880121"><ele>217.0</ele><time>2025-10-11T20:36:18.000Z</time><extensions/></trkpt><trkpt lat="41.50007707066834" lon="-81.6055958904326"><ele>217.0</ele><time>2025-10-11T20:36:19.000Z</time><extensions/></trkpt><trkpt lat="41.50009618140757" lon="-81.60562589764595"><ele>217.0</ele><time>2025-10-11T20:36:20.000Z</time><extensions/></trkpt><trkpt lat="41.50012459605932" lon="-81.60569387488067"><ele>217.0</ele><time>2025-10-11T20:36:21.000Z</time><extensions/></trkpt><trkpt lat="41.50016516447067" lon="-81.60574978217483"><ele>217.0</ele><time>2025-10-11T20:36:22.000Z</time><extensions/></trkpt><trkpt lat="41.50020891800523" lon="-81.60579219460487"><ele>216.79998779296875</ele><time>2025-10-11T20:36:23.000Z</time><extensions/></trkpt><trkpt lat="41.50024613365531" lon="-81.60582362674177"><ele>216.5999755859375</ele><time>2025-10-11T20:36:24.000Z</time><extensions/></trkpt><trkpt lat="41.500259628519416" lon="-81.60582664422691"><ele>216.5999755859375</ele><time>2025-10-11T20:36:25.000Z</time><extensions/></trkpt><trkpt lat="41.50027924217284" lon="-81.605832176283"><ele>216.5999755859375</ele><time>2025-10-11T20:36:26.000Z</time><extensions/></trkpt><trkpt lat="41.500305980443954" lon="-81.60584265366197"><ele>216.4000244140625</ele><time>2025-10-11T20:36:27.000Z</time><extensions/></trkpt><trkpt lat="41.50031737983227" lon="-81.60584717988968"><ele>216.4000244140625</ele><time>2025-10-11T20:36:28.000Z</time><extensions/></trkpt><trkpt lat="41.50033447891474" lon="-81.60585598088801"><ele>216.4000244140625</ele><time>2025-10-11T20:36:29.000Z</time><extensions/></trkpt><trkpt lat="41.50034688413143" lon="-81.6058583278209"><ele>216.4000244140625</ele><time>2025-10-11T20:36:30.000Z</time><extensions/></trkpt><trkpt lat="41.50035937316716" lon="-81.60586117766798"><ele>216.4000244140625</ele><time>2025-10-11T20:36:31.000Z</time><extensions/></trkpt><trkpt lat="41.50037513114512" lon="-81.60586486570537"><ele>216.4000244140625</ele><time>2025-10-11T20:36:32.000Z</time><extensions/></trkpt><trkpt lat="41.50039072148502" lon="-81.60587282851338"><ele>216.4000244140625</ele><time>2025-10-11T20:36:33.000Z</time><extensions/></trkpt><trkpt lat="41.500407150015235" lon="-81.60587358288467"><ele>216.4000244140625</ele><time>2025-10-11T20:36:34.000Z</time><extensions/></trkpt><trkpt lat="41.5004192199558" lon="-81.6058667935431"><ele>216.4000244140625</ele><time>2025-10-11T20:36:35.000Z</time><extensions/></trkpt><trkpt lat="41.50042927823961" lon="-81.60586218349636"><ele>216.4000244140625</ele><time>2025-10-11T20:36:36.000Z</time><extensions/></trkpt><trkpt lat="41.500438246876" lon="-81.60585849545896"><ele>216.4000244140625</ele><time>2025-10-11T20:36:37.000Z</time><extensions/></trkpt><trkpt lat="41.50044713169336" lon="-81.60585924983025"><ele>216.4000244140625</ele><time>2025-10-11T20:36:38.000Z</time><extensions/></trkpt><trkpt lat="41.500456016510725" lon="-81.6058562323451"><ele>216.4000244140625</ele><time>2025-10-11T20:36:39.000Z</time><extensions/></trkpt><trkpt lat="41.50046364404261" lon="-81.60585153847933"><ele>216.4000244140625</ele><time>2025-10-11T20:36:40.000Z</time><extensions/></trkpt><trkpt lat="41.500472193583846" lon="-81.60584835335612"><ele>216.5999755859375</ele><time>2025-10-11T20:36:41.000Z</time><extensions/></trkpt><trkpt lat="41.50047864764929" lon="-81.60584231838584"><ele>216.5999755859375</ele><time>2025-10-11T20:36:42.000Z</time><extensions/></trkpt><trkpt lat="41.50048795156181" lon="-81.6058342717588"><ele>216.5999755859375</ele><time>2025-10-11T20:36:43.000Z</time><extensions/></trkpt><trkpt lat="41.50049775838852" lon="-81.60582588985562"><ele>216.5999755859375</ele><time>2025-10-11T20:36:44.000Z</time><extensions/></trkpt><trkpt lat="41.500504380092025" lon="-81.6058202739805"><ele>216.5999755859375</ele><time>2025-10-11T20:36:45.000Z</time><extensions/></trkpt><trkpt lat="41.500512175261974" lon="-81.60581264644861"><ele>216.5999755859375</ele><time>2025-10-11T20:36:46.000Z</time><extensions/></trkpt><trkpt lat="41.50051787495613" lon="-81.60580619238317"><ele>216.5999755859375</ele><time>2025-10-11T20:36:47.000Z</time><extensions/></trkpt><trkpt lat="41.50052407756448" lon="-81.6057975590229"><ele>216.5999755859375</ele><time>2025-10-11T20:36:48.000Z</time><extensions/></trkpt><trkpt lat="41.50053237564862" lon="-81.60578867420554"><ele>216.5999755859375</ele><time>2025-10-11T20:36:49.000Z</time><extensions/></trkpt><trkpt lat="41.500546960160136" lon="-81.60577844828367"><ele>216.4000244140625</ele><time>2025-10-11T20:36:50.000Z</time><extensions/></trkpt><trkpt lat="41.500554671511054" lon="-81.60577517934144"><ele>216.4000244140625</ele><time>2025-10-11T20:36:51.000Z</time><extensions/></trkpt><trkpt lat="41.500561544671655" lon="-81.60577199421823"><ele>216.4000244140625</ele><time>2025-10-11T20:36:52.000Z</time><extensions/></trkpt><trkpt lat="41.50057679973543" lon="-81.60576436668634"><ele>216.4000244140625</ele><time>2025-10-11T20:36:53.000Z</time><extensions/></trkpt><trkpt lat="41.50058233179152" lon="-81.60575489513576"><ele>216.4000244140625</ele><time>2025-10-11T20:36:54.000Z</time><extensions/></trkpt><trkpt lat="41.500597251579165" lon="-81.60574902780354"><ele>216.4000244140625</ele><time>2025-10-11T20:36:55.000Z</time><extensions/></trkpt><trkpt lat="41.500613344833255" lon="-81.60574366338551"><ele>216.4000244140625</ele><time>2025-10-11T20:36:56.000Z</time><extensions/></trkpt><trkpt lat="41.500621726736426" lon="-81.60573964007199"><ele>216.4000244140625</ele><time>2025-10-11T20:36:57.000Z</time><extensions/></trkpt><trkpt lat="41.500630443915725" lon="-81.60573586821556"><ele>216.4000244140625</ele><time>2025-10-11T20:36:58.000Z</time><extensions/></trkpt><trkpt lat="41.500638239085674" lon="-81.60573503002524"><ele>216.4000244140625</ele><time>2025-10-11T20:36:59.000Z</time><extensions/></trkpt><trkpt lat="41.50064812973142" lon="-81.60573435947299"><ele>216.4000244140625</ele><time>2025-10-11T20:37:00.000Z</time><extensions/></trkpt><trkpt lat="41.500656846910715" lon="-81.60572865977883"><ele>216.4000244140625</ele><time>2025-10-11T20:37:01.000Z</time><extensions/></trkpt><trkpt lat="41.50066162459552" lon="-81.60572639666498"><ele>216.4000244140625</ele><time>2025-10-11T20:37:02.000Z</time><extensions/></trkpt><trkpt lat="41.50066506117582" lon="-81.60572287626565"><ele>216.4000244140625</ele><time>2025-10-11T20:37:03.000Z</time><extensions/></trkpt><trkpt lat="41.50066782720387" lon="-81.60572346299887"><ele>216.4000244140625</ele><time>2025-10-11T20:37:04.000Z</time><extensions/></trkpt><trkpt lat="41.5006747841835" lon="-81.60572069697082"><ele>216.4000244140625</ele><time>2025-10-11T20:37:05.000Z</time><extensions/></trkpt><trkpt lat="41.5006747841835" lon="-81.60572069697082"><ele>216.4000244140625</ele><time>2025-10-11T20:37:06.000Z</time><extensions/></trkpt><trkpt lat="41.5006747841835" lon="-81.60572069697082"><ele>216.4000244140625</ele><time>2025-10-11T20:37:07.000Z</time><extensions/></trkpt><trkpt lat="41.500689536333084" lon="-81.60573326982558"><ele>216.5999755859375</ele><time>2025-10-11T20:37:08.000Z</time><extensions/></trkpt><trkpt lat="41.50068785995245" lon="-81.60573368892074"><ele>216.5999755859375</ele><time>2025-10-11T20:37:09.000Z</time><extensions/></trkpt><trkpt lat="41.50068408809602" lon="-81.60573829896748"><ele>216.5999755859375</ele><time>2025-10-11T20:37:10.000Z</time><extensions/></trkpt><trkpt lat="41.5006816573441" lon="-81.60574198700488"><ele>216.5999755859375</ele><time>2025-10-11T20:37:11.000Z</time><extensions/></trkpt><trkpt lat="41.5006816573441" lon="-81.60574198700488"><ele>216.5999755859375</ele><time>2025-10-11T20:37:12.000Z</time><extensions/></trkpt><trkpt lat="41.5006816573441" lon="-81.60574198700488"><ele>216.5999755859375</ele><time>2025-10-11T20:37:13.000Z</time><extensions/></trkpt><trkpt lat="41.5006816573441" lon="-81.60574198700488"><ele>216.5999755859375</ele><time>2025-10-11T20:37:14.000Z</time><extensions/></trkpt><trkpt lat="41.5006816573441" lon="-81.60574198700488"><ele>216.5999755859375</ele><time>2025-10-11T20:37:15.000Z</time><extensions/></trkpt></trkseg></trk></gpx>